condition,epoch,fst,f2
realsfs,3,0.02205843819299087,5.503386192037117e-4
realsfs,6,0.12887247079943548,2.059807380188029e-4
realsfs,9,0.12999130664053443,2.0560485120471055e-4
realsfs,12,0.1299671093726209,2.0551909996101335e-4
realsfs,15,0.1299776628010423,2.0552439730341364e-4
realsfs,18,0.12998231204517657,2.0552877825811837e-4
realsfs,21,0.1299856999455108,2.0553120223472184e-4
realsfs,24,0.1299855628919256,2.0553210844441173e-4
realsfs,27,0.1299891773373088,2.055346594217628e-4
realsfs,30,0.12998993975204803,2.055357952967972e-4
realsfs,33,0.12999031393502217,2.0553600844437612e-4
realsfs,36,0.12998956317967075,2.0553579028471865e-4
realsfs,39,0.1299906914782045,2.0553645571065932e-4
realsfs,42,0.1299896000039505,2.0553603238739003e-4
realsfs,45,0.12999081178055202,2.0553662353656432e-4
realsfs,48,0.12999079402993016,2.055366040028208e-4
realsfs,51,0.1299908011101974,2.055366085182139e-4
realsfs,54,0.12999079843684153,2.0553660662993368e-4
realsfs,57,0.12999081026522397,2.055366154036246e-4
realsfs,60,0.12999079839582123,2.055366068383785e-4
realsfs,63,0.12999081908718657,2.05536621984248e-4
realsfs,66,0.12999078258169772,2.0553659553499743e-4
realsfs,69,0.12999082517918195,2.0553662621651e-4
realsfs,72,0.12999064193324977,2.0553649206237937e-4
realsfs,75,0.12999082175987547,2.0553662244901473e-4
realsfs,78,0.12999079265245525,2.0553660076612593e-4
realsfs,81,0.12999081874803486,2.0553661944940112e-4
realsfs,84,0.12999081756652237,2.0553661872881656e-4
realsfs,87,0.12999081858227415,2.055366191459192e-4
realsfs,90,0.1299908102864605,2.055366127863403e-4
realsfs,93,0.12999081858619693,2.0553661917044176e-4
winsfs_b500_w100,1,0.13026542141292602,2.062879707561012e-4
winsfs_b500_w100,2,0.130268695807906,2.062868493633929e-4
winsfs_b500_w100,3,0.1302686538924394,2.0628675006765243e-4
winsfs_b500_w100,4,0.130268589396013,2.0628665584115007e-4
winsfs_b500_w100,5,0.130268536499131,2.062865833326906e-4
winsfs_b500_w100,6,0.13026849516212022,2.06286528097258e-4
winsfs_b500_w100,7,0.130268462696543,2.0628648526837293e-4
winsfs_b500_w100,8,0.1302684368850365,2.0628645147552816e-4
winsfs_b500_w100,9,0.13026841615056356,2.0628642447001393e-4
winsfs_b500_w100,10,0.1302683993587557,2.062864026868606e-4
winsfs_b500_w100,11,0.13026838568798643,2.0628638501213136e-4
winsfs_b500_w100,12,0.13026837451293488,2.0628637060605056e-4
winsfs_b500_w100,13,0.13026836534909012,2.0628635882348912e-4
winsfs_b500_w100,14,0.13026835782310292,2.062863491685128e-4
winsfs_b500_w100,15,0.1302683516323154,2.0628634124332735e-4
winsfs_b500_w100,16,0.130268346537844,2.062863347344862e-4
winsfs_b500_w100,17,0.1302683423446714,2.062863293859796e-4
winsfs_b500_w100,18,0.13026833888982434,2.062863249864358e-4
winsfs_b500_w100,19,0.13026833604693894,2.0628632137160256e-4
winsfs_b500_w100,20,0.13026833370798527,2.062863184012033e-4
winsfs_b500_w100,21,0.1302683317800778,2.062863159551198e-4
winsfs_b500_w100,22,0.13026833019790388,2.0628631394996712e-4
winsfs_b500_w100,23,0.13026832889925877,2.0628631230575376e-4
winsfs_b500_w100,24,0.13026832783271683,2.0628631095701025e-4
winsfs_b500_w100,25,0.13026832695958482,2.0628630985352903e-4
winsfs_b500_w100,26,0.13026832624781887,2.062863089546232e-4
winsfs_b500_w100,27,0.13026832566636698,2.0628630822163525e-4
winsfs_b500_w100,28,0.1302683251931354,2.0628630762478708e-4
winsfs_b500_w100,29,0.1302683248099425,2.062863071420799e-4
winsfs_b500_w100,30,0.13026832449866474,2.0628630674996576e-4
winsfs_b500_w100,31,0.13026832425048215,2.0628630643907471e-4
winsfs_b500_w100,32,0.13026832405136127,2.062863061888588e-4
winsfs_b500_w100,33,0.1302683238930871,2.0628630598939655e-4
winsfs_b500_w100,34,0.130268323769461,2.0628630583530264e-4
winsfs_b500_w100,35,0.13026832367122593,2.0628630571248717e-4
winsfs_b500_w100,36,0.13026832359686075,2.0628630562002643e-4
winsfs_b500_w100,37,0.13026832353960455,2.0628630554770457e-4
winsfs_b500_w100,38,0.13026832349813308,2.062863054963968e-4
winsfs_b500_w100,39,0.1302683234675372,2.062863054584294e-4
winsfs_b500_w100,40,0.1302683234477055,2.062863054346965e-4
winsfs_b500_w100,41,0.13026832343714623,2.062863054219152e-4
winsfs_b500_w100,42,0.1302683234315246,2.062863054168218e-4
winsfs_b500_w100,43,0.13026832342873249,2.0628630541246672e-4
winsfs_b500_w100,44,0.130268323430837,2.0628630541610264e-4
winsfs_b500_w100,45,0.13026832343809056,2.0628630542557377e-4
winsfs_b500_w100,46,0.1302683234456845,2.0628630543609663e-4
winsfs_b500_w100,47,0.13026832345095432,2.0628630544227108e-4
winsfs_b500_w100,48,0.1302683234615176,2.0628630545590593e-4
winsfs_b500_w100,49,0.13026832347149225,2.0628630546830703e-4
winsfs_b500_w100,50,0.13026832348273734,2.0628630548331908e-4
winsfs_b500_w100,51,0.13026832349388323,2.0628630549740748e-4
winsfs_b500_w100,52,0.1302683235042274,2.0628630551020985e-4
winsfs_b500_w100,53,0.13026832351610584,2.0628630552593511e-4
winsfs_b500_w100,54,0.1302683235253696,2.0628630553734312e-4
winsfs_b500_w100,55,0.1302683235376386,2.0628630555322695e-4
winsfs_b500_w100,56,0.13026832354753545,2.0628630556650157e-4
winsfs_b500_w100,57,0.13026832355633217,2.0628630557725048e-4
winsfs_b500_w100,58,0.13026832356505955,2.062863055885293e-4
winsfs_b500_w100,59,0.13026832357189938,2.0628630559723675e-4
winsfs_b500_w100,60,0.1302683235807577,2.0628630560790503e-4
winsfs_b500_w100,61,0.13026832358949292,2.0628630561958535e-4
winsfs_b500_w100,62,0.1302683235949772,2.0628630562598323e-4
winsfs_b500_w100,63,0.13026832360077886,2.0628630563362328e-4
winsfs_b500_w100,64,0.13026832360680557,2.062863056415022e-4
winsfs_b500_w100,65,0.1302683236115355,2.0628630564612532e-4
winsfs_b500_w100,66,0.13026832361708998,2.0628630565367535e-4
winsfs_b500_w100,67,0.13026832362235824,2.062863056598716e-4
winsfs_b500_w100,68,0.13026832362912466,2.0628630566909404e-4
winsfs_b500_w100,69,0.13026832363176083,2.062863056725126e-4
winsfs_b500_w100,70,0.13026832363575994,2.0628630567701923e-4
winsfs_b500_w100,71,0.13026832364017488,2.0628630568317332e-4
winsfs_b500_w100,72,0.13026832364251267,2.062863056854562e-4
winsfs_b500_w100,73,0.13026832364543467,2.0628630568955884e-4
winsfs_b500_w100,74,0.13026832364853885,2.0628630569359264e-4
winsfs_b500_w100,75,0.13026832365196173,2.0628630569752843e-4
winsfs_b500_w100,76,0.1302683236539986,2.0628630570016768e-4
winsfs_b500_w100,77,0.1302683236557848,2.062863057027949e-4
winsfs_b500_w100,78,0.13026832365702298,2.0628630570340635e-4
winsfs_b500_w100,79,0.13026832366098093,2.0628630571004617e-4
winsfs_b500_w100,80,0.13026832366275357,2.062863057115526e-4
winsfs_b500_w100,81,0.13026832366402968,2.0628630571331932e-4
winsfs_b500_w100,82,0.1302683236650684,2.0628630571468493e-4
winsfs_b500_w100,83,0.1302683236660635,2.0628630571563949e-4
winsfs_b500_w100,84,0.1302683236666703,2.0628630571656792e-4
winsfs_b500_w100,85,0.1302683236667935,2.0628630571605707e-4
winsfs_b500_w100,86,0.13026832366903707,2.062863057196664e-4
winsfs_b500_w100,87,0.1302683236691277,2.0628630571899132e-4
winsfs_b500_w100,88,0.1302683236703933,2.0628630572087965e-4
winsfs_b500_w100,89,0.1302683236718759,2.0628630572346436e-4
winsfs_b500_w100,90,0.13026832367136595,2.062863057218191e-4
winsfs_b500_w100,91,0.13026832367311886,2.0628630572417725e-4
winsfs_b500_w100,92,0.13026832367331614,2.062863057246483e-4
winsfs_b500_w100,93,0.13026832367378552,2.062863057254185e-4
winsfs_b500_w100,94,0.13026832367440322,2.0628630572603989e-4
winsfs_b500_w100,95,0.13026832367494648,2.0628630572628212e-4
winsfs_b500_w100,96,0.13026832367447427,2.0628630572600356e-4
winsfs_b500_w100,97,0.13026832367588162,2.0628630572800495e-4
winsfs_b500_w100,98,0.13026832367646168,2.062863057283004e-4
winsfs_b500_w100,99,0.1302683236769547,2.0628630572955828e-4
winsfs_b500_w100,100,0.13026832367761754,2.0628630573037772e-4
winsfs_b500_w100,101,0.13026832367771113,2.062863057300076e-4
winsfs_b500_w100,102,0.13026832367802835,2.0628630573054065e-4
winsfs_b500_w100,103,0.13026832367791857,2.0628630573111303e-4
winsfs_b500_w100,104,0.13026832367817082,2.062863057309989e-4
winsfs_b500_w100,105,0.13026832367865537,2.062863057311236e-4
winsfs_b500_w100,106,0.13026832367799684,2.0628630573154788e-4
winsfs_b500_w100,107,0.13026832367755536,2.062863057299177e-4
winsfs_b500_w100,108,0.1302683236785448,2.0628630573150893e-4
winsfs_b500_w100,109,0.13026832367889882,2.062863057312245e-4
winsfs_b500_w100,110,0.1302683236793022,2.0628630573288887e-4
winsfs_b500_w100,111,0.13026832367878868,2.0628630573111132e-4
winsfs_b500_w100,112,0.13026832367855054,2.0628630573109563e-4
winsfs_b500_w100,113,0.13026832367907337,2.0628630573199947e-4
winsfs_b500_w100,114,0.13026832367935304,2.0628630573241307e-4
winsfs_b500_w100,115,0.13026832367908714,2.0628630573222748e-4
winsfs_b500_w100,116,0.13026832367909827,2.0628630573224697e-4
winsfs_b500_w100,117,0.13026832367924113,2.0628630573217292e-4
winsfs_b500_w100,118,0.13026832367963714,2.0628630573246557e-4
winsfs_b500_w100,119,0.13026832367934257,2.0628630573298664e-4
winsfs_b500_w100,120,0.1302683236795957,2.0628630573223973e-4
winsfs_b500_w100,121,0.1302683236793829,2.062863057330842e-4
winsfs_b500_w100,122,0.13026832368058577,2.0628630573397137e-4
winsfs_b500_w100,123,0.1302683236802139,2.0628630573368248e-4
winsfs_b500_w100,124,0.13026832367986255,2.062863057334604e-4
winsfs_b500_w100,125,0.1302683236799229,2.0628630573282217e-4
winsfs_b500_w100,126,0.13026832368038363,2.0628630573389057e-4
winsfs_b500_w100,127,0.13026832368033403,2.062863057336197e-4
winsfs_b500_w100,128,0.130268323680495,2.0628630573362488e-4
winsfs_b500_w100,129,0.13026832367983493,2.0628630573332228e-4
winsfs_b500_w100,130,0.1302683236796397,2.0628630573288516e-4
winsfs_b500_w100,131,0.13026832368014107,2.0628630573357428e-4
winsfs_b500_w100,132,0.1302683236801687,2.0628630573277365e-4
winsfs_b500_w100,133,0.13026832368056934,2.0628630573419737e-4
winsfs_b500_w100,134,0.13026832368118543,2.062863057356791e-4
winsfs_b500_w100,135,0.13026832368056537,2.0628630573458063e-4
winsfs_b500_w100,136,0.13026832368014565,2.062863057332272e-4
winsfs_b500_w100,137,0.13026832367964628,2.0628630573178827e-4
winsfs_b500_w100,138,0.13026832367956973,2.0628630573294433e-4
winsfs_b500_w100,139,0.13026832368025462,2.0628630573352825e-4
winsfs_b500_w100,140,0.1302683236801184,2.0628630573326991e-4
winsfs_b500_w100,141,0.13026832367944385,2.0628630573209917e-4
winsfs_b500_w100,142,0.13026832367952393,2.0628630573252076e-4
winsfs_b500_w100,143,0.13026832367971902,2.0628630573249135e-4
winsfs_b500_w100,144,0.13026832367990215,2.0628630573310983e-4
winsfs_b500_w100,145,0.13026832368017024,2.0628630573255873e-4
winsfs_b500_w100,146,0.13026832368045982,2.062863057342757e-4
winsfs_b500_w100,147,0.1302683236797582,2.062863057322379e-4
winsfs_b500_w100,148,0.1302683236790042,2.062863057312201e-4
winsfs_b500_w100,149,0.13026832367954033,2.0628630573259115e-4
winsfs_b500_w100,150,0.13026832367906624,2.0628630573189344e-4
winsfs_b500_w100,151,0.13026832367966598,2.0628630573205027e-4
winsfs_b500_w100,152,0.13026832367893493,2.0628630573153956e-4
winsfs_b500_w100,153,0.1302683236791228,2.0628630573171896e-4
winsfs_b500_w100,154,0.13026832367953398,2.062863057324461e-4
winsfs_b500_w100,155,0.13026832367978697,2.062863057321551e-4
winsfs_b500_w100,156,0.13026832367980476,2.0628630573238073e-4
winsfs_b500_w100,157,0.13026832367981062,2.062863057329216e-4
winsfs_b500_w100,158,0.1302683236792293,2.0628630573241535e-4
winsfs_b500_w100,159,0.13026832367941707,2.0628630573190287e-4
winsfs_b500_w100,160,0.1302683236792477,2.0628630573137207e-4
winsfs_b500_w100,161,0.130268323679469,2.0628630573169424e-4
winsfs_b500_w100,162,0.1302683236796555,2.0628630573206724e-4
winsfs_b500_w100,163,0.1302683236800336,2.0628630573319955e-4
winsfs_b500_w100,164,0.13026832368000427,2.0628630573260072e-4
winsfs_b500_w100,165,0.13026832367980082,2.0628630573241508e-4
winsfs_b500_w100,166,0.13026832367966262,2.062863057321569e-4
winsfs_b500_w100,167,0.13026832367967336,2.062863057321337e-4
winsfs_b500_w100,168,0.13026832367971233,2.062863057319379e-4
winsfs_b500_w100,169,0.13026832367995836,2.0628630573268393e-4
winsfs_b500_w100,170,0.1302683236798704,2.0628630573255797e-4
winsfs_b500_w100,171,0.1302683236799285,2.0628630573270936e-4
winsfs_b500_w100,172,0.13026832367975869,2.062863057326428e-4
winsfs_b500_w100,173,0.13026832367944785,2.062863057326549e-4
winsfs_b500_w100,174,0.13026832367956892,2.0628630573265336e-4
winsfs_b500_w100,175,0.13026832367973096,2.0628630573269827e-4
winsfs_b500_w100,176,0.1302683236798872,2.06286305732671e-4
winsfs_b500_w100,177,0.13026832367972543,2.0628630573230424e-4
winsfs_b500_w100,178,0.13026832367954191,2.0628630573160935e-4
winsfs_b500_w100,179,0.130268323679485,2.062863057316199e-4
winsfs_b500_w100,180,0.13026832367980476,2.062863057319636e-4
winsfs_b500_w100,181,0.13026832367968358,2.062863057319676e-4
winsfs_b500_w100,182,0.13026832367950691,2.062863057319096e-4
winsfs_b500_w100,183,0.1302683236793692,2.0628630573207344e-4
winsfs_b500_w100,184,0.13026832367936703,2.0628630573166017e-4
winsfs_b500_w100,185,0.13026832367937638,2.0628630573183056e-4
winsfs_b500_w100,186,0.13026832367941862,2.062863057321227e-4
winsfs_b500_w100,187,0.13026832367939598,2.0628630573207792e-4
winsfs_b500_w100,188,0.13026832367925373,2.0628630573206688e-4
winsfs_b500_w100,189,0.13026832367946714,2.062863057322314e-4
winsfs_b500_w100,190,0.13026832367932348,2.0628630573236095e-4
winsfs_b500_w100,191,0.13026832367923571,2.0628630573209e-4
winsfs_b500_w100,192,0.1302683236792182,2.0628630573206667e-4
winsfs_b500_w100,193,0.1302683236793136,2.0628630573194328e-4
winsfs_b500_w100,194,0.1302683236792587,2.062863057316385e-4
winsfs_b500_w100,195,0.13026832367928418,2.0628630573143425e-4
winsfs_b500_w100,196,0.13026832367923413,2.062863057314531e-4
winsfs_b500_w100,197,0.13026832367926924,2.0628630573156823e-4
winsfs_b500_w100,198,0.1302683236792192,2.062863057315873e-4
winsfs_b500_w100,199,0.1302683236792774,2.062863057315789e-4
winsfs_b500_w100,200,0.1302683236792774,2.0628630573157875e-4
winsfs_b500_w100,201,0.13026832367918845,2.0628630573154885e-4
winsfs_b500_w100,202,0.13026832367918845,2.0628630573154885e-4
winsfs_b500_w100,203,0.13026832367922392,2.0628630573151473e-4
winsfs_b500_w100,204,0.13026832367926397,2.0628630573163852e-4
winsfs_b500_w100,205,0.13026832367931906,2.0628630573178e-4
winsfs_b500_w100,206,0.13026832367919117,2.0628630573168503e-4
winsfs_b500_w100,207,0.13026832367924937,2.062863057316767e-4
winsfs_b500_w100,208,0.13026832367927102,2.0628630573164264e-4
winsfs_b500_w100,209,0.13026832367927102,2.0628630573164264e-4
winsfs_b500_w100,210,0.13026832367927102,2.0628630573164264e-4
winsfs_b500_w100,211,0.13026832367927102,2.0628630573164264e-4
winsfs_b500_w100,212,0.13026832367927102,2.0628630573164264e-4
winsfs_b500_w100,213,0.13026832367927102,2.0628630573164264e-4
winsfs_b500_w100,214,0.1302683236793085,2.0628630573160865e-4
winsfs_b500_w100,215,0.13026832367931138,2.06286305731532e-4
winsfs_b500_w100,216,0.13026832367931138,2.06286305731532e-4
winsfs_b500_w100,217,0.13026832367931138,2.06286305731532e-4
winsfs_b500_w100,218,0.13026832367931138,2.06286305731532e-4
winsfs_b500_w100,219,0.13026832367931138,2.06286305731532e-4
winsfs_b500_w100,220,0.13026832367931138,2.06286305731532e-4
winsfs_b500_w100,221,0.13026832367931138,2.06286305731532e-4
winsfs_b500_w100,222,0.13026832367931138,2.06286305731532e-4
winsfs_b500_w100,223,0.13026832367931138,2.06286305731532e-4
winsfs_b500_w100,224,0.13026832367938576,2.0628630573170468e-4
winsfs_b500_w100,225,0.13026832367938576,2.0628630573170468e-4
winsfs_b500_w100,226,0.13026832367938576,2.0628630573170468e-4
winsfs_b500_w100,227,0.13026832367938576,2.0628630573170468e-4
winsfs_b500_w100,228,0.13026832367938576,2.0628630573170468e-4
winsfs_b500_w100,229,0.1302683236794061,2.0628630573180911e-4
winsfs_b500_w100,230,0.1302683236794061,2.0628630573180911e-4
winsfs_b500_w100,231,0.1302683236794061,2.0628630573180911e-4
winsfs_b500_w100,232,0.1302683236794061,2.0628630573180911e-4
winsfs_b500_w100,233,0.1302683236794061,2.0628630573180911e-4
winsfs_b500_w100,234,0.1302683236794061,2.0628630573180911e-4
winsfs_b500_w100,235,0.1302683236794061,2.0628630573180911e-4
winsfs_b500_w100,236,0.13026832367946234,2.062863057318007e-4
winsfs_b500_w100,237,0.13026832367946234,2.062863057318007e-4
winsfs_b500_w100,238,0.13026832367946234,2.062863057318007e-4
winsfs_b500_w100,239,0.13026832367946234,2.062863057318007e-4
winsfs_b500_w100,240,0.13026832367946234,2.062863057318007e-4
winsfs_b500_w100,241,0.13026832367946234,2.062863057318007e-4
winsfs_b500_w100,242,0.13026832367946234,2.062863057318007e-4
winsfs_b500_w100,243,0.13026832367946234,2.062863057318007e-4
winsfs_b500_w100,244,0.13026832367946234,2.062863057318007e-4
winsfs_b500_w100,245,0.13026832367946234,2.062863057318007e-4
winsfs_b500_w100,246,0.13026832367946234,2.062863057318007e-4
winsfs_b500_w100,247,0.13026832367946234,2.062863057318007e-4
winsfs_b500_w100,248,0.13026832367941363,2.0628630573181985e-4
winsfs_b500_w100,249,0.13026832367941363,2.0628630573181985e-4
winsfs_b500_w100,250,0.13026832367941363,2.0628630573181985e-4
winsfs_b500_w100,251,0.13026832367941363,2.0628630573181985e-4
winsfs_b500_w100,252,0.13026832367941363,2.0628630573181985e-4
winsfs_b500_w100,253,0.13026832367941363,2.0628630573181985e-4
winsfs_b500_w100,254,0.13026832367941363,2.0628630573181985e-4
winsfs_b500_w100,255,0.13026832367941363,2.0628630573181985e-4
winsfs_b500_w100,256,0.13026832367941363,2.0628630573181985e-4
winsfs_b500_w100,257,0.13026832367941363,2.0628630573181985e-4
winsfs_b500_w100,258,0.13026832367941363,2.0628630573181985e-4
winsfs_b500_w100,259,0.13026832367941363,2.0628630573181985e-4
winsfs_b500_w100,260,0.13026832367941363,2.0628630573181985e-4
winsfs_b500_w100,261,0.13026832367941363,2.0628630573181985e-4
winsfs_b500_w100,262,0.13026832367941363,2.0628630573181985e-4
winsfs_b500_w100,263,0.13026832367941363,2.0628630573181985e-4
winsfs_b500_w100,264,0.13026832367941363,2.0628630573181985e-4
winsfs_b500_w100,265,0.13026832367941363,2.0628630573181985e-4
winsfs_b500_w100,266,0.13026832367941363,2.0628630573181985e-4
winsfs_b500_w100,267,0.13026832367941363,2.0628630573181985e-4
winsfs_b500_w100,268,0.13026832367941363,2.0628630573181985e-4
winsfs_b500_w100,269,0.13026832367941363,2.0628630573181985e-4
winsfs_b500_w100,270,0.13026832367941363,2.0628630573181985e-4
winsfs_b500_w100,271,0.13026832367941363,2.0628630573181985e-4
winsfs_b500_w100,272,0.13026832367941363,2.0628630573181985e-4
winsfs_b500_w100,273,0.13026832367941363,2.0628630573181985e-4
winsfs_b500_w100,274,0.13026832367941363,2.0628630573181985e-4
winsfs_b500_w100,275,0.13026832367941363,2.0628630573181985e-4
winsfs_b500_w100,276,0.13026832367941363,2.0628630573181985e-4
winsfs_b500_w100,277,0.13026832367941363,2.0628630573181985e-4
winsfs_b500_w100,278,0.13026832367941363,2.0628630573181985e-4
winsfs_b500_w100,279,0.13026832367941363,2.0628630573181985e-4
winsfs_b500_w100,280,0.13026832367941363,2.0628630573181985e-4
winsfs_b500_w100,281,0.13026832367941363,2.0628630573181985e-4
winsfs_b500_w100,282,0.13026832367941363,2.0628630573181985e-4
winsfs_b500_w100,283,0.13026832367941363,2.0628630573181985e-4
winsfs_b500_w100,284,0.13026832367941363,2.0628630573181985e-4
winsfs_b500_w100,285,0.13026832367941363,2.0628630573181985e-4
winsfs_b500_w100,286,0.13026832367941363,2.0628630573181985e-4
winsfs_b500_w100,287,0.13026832367941363,2.0628630573181985e-4
winsfs_b500_w100,288,0.13026832367941363,2.0628630573181985e-4
winsfs_b500_w100,289,0.13026832367941363,2.0628630573181985e-4
winsfs_b500_w100,290,0.13026832367941363,2.0628630573181985e-4
winsfs_b500_w100,291,0.13026832367941363,2.0628630573181985e-4
winsfs_b500_w100,292,0.13026832367941363,2.0628630573181985e-4
winsfs_b500_w100,293,0.13026832367941363,2.0628630573181985e-4
winsfs_b500_w100,294,0.13026832367941363,2.0628630573181985e-4
winsfs_b500_w100,295,0.13026832367941363,2.0628630573181985e-4
winsfs_b500_w100,296,0.13026832367941363,2.0628630573181985e-4
winsfs_b500_w100,297,0.13026832367941363,2.0628630573181985e-4
winsfs_b500_w100,298,0.13026832367941363,2.0628630573181985e-4
winsfs_b500_w100,299,0.13026832367941363,2.0628630573181985e-4
winsfs_b500_w100,300,0.13026832367941363,2.0628630573181985e-4
winsfs_b500_w100,301,0.13026832367941363,2.0628630573181985e-4
winsfs_b500_w100,302,0.13026832367941363,2.0628630573181985e-4
winsfs_b500_w100,303,0.13026832367941363,2.0628630573181985e-4
winsfs_b500_w100,304,0.13026832367941363,2.0628630573181985e-4
winsfs_b500_w100,305,0.13026832367941363,2.0628630573181985e-4
winsfs_b500_w100,306,0.13026832367941363,2.0628630573181985e-4
winsfs_b500_w100,307,0.13026832367941363,2.0628630573181985e-4
winsfs_b500_w100,308,0.13026832367941363,2.0628630573181985e-4
winsfs_b500_w100,309,0.13026832367941363,2.0628630573181985e-4
winsfs_b500_w100,310,0.13026832367941363,2.0628630573181985e-4
winsfs_b500_w100,311,0.13026832367941363,2.0628630573181985e-4
winsfs_b500_w100,312,0.13026832367941363,2.0628630573181985e-4
winsfs_b500_w100,313,0.13026832367941363,2.0628630573181985e-4
winsfs_b500_w100,314,0.13026832367941363,2.0628630573181985e-4
winsfs_b500_w100,315,0.13026832367941363,2.0628630573181985e-4
winsfs_b500_w100,316,0.13026832367941363,2.0628630573181985e-4
winsfs_b500_w100,317,0.13026832367941363,2.0628630573181985e-4
winsfs_b500_w100,318,0.13026832367941363,2.0628630573181985e-4
winsfs_b500_w100,319,0.13026832367941363,2.0628630573181985e-4
winsfs_b500_w100,320,0.13026832367941363,2.0628630573181985e-4
winsfs_b500_w100,321,0.13026832367941363,2.0628630573181985e-4
winsfs_b500_w100,322,0.13026832367941363,2.0628630573181985e-4
winsfs_b500_w100,323,0.13026832367941363,2.0628630573181985e-4
winsfs_b500_w100,324,0.13026832367941363,2.0628630573181985e-4
winsfs_b500_w100,325,0.13026832367941363,2.0628630573181985e-4
winsfs_b500_w100,326,0.13026832367941363,2.0628630573181985e-4
winsfs_b500_w100,327,0.13026832367941363,2.0628630573181985e-4
winsfs_b500_w100,328,0.13026832367941363,2.0628630573181985e-4
winsfs_b500_w100,329,0.13026832367941363,2.0628630573181985e-4
winsfs_b500_w100,330,0.13026832367941363,2.0628630573181985e-4
winsfs_b500_w100,331,0.13026832367941363,2.0628630573181985e-4
winsfs_b500_w100,332,0.13026832367941363,2.0628630573181985e-4
winsfs_b500_w100,333,0.13026832367941363,2.0628630573181985e-4
winsfs_b500_w100,334,0.13026832367941363,2.0628630573181985e-4
winsfs_b500_w100,335,0.13026832367941363,2.0628630573181985e-4
winsfs_b500_w100,336,0.13026832367941363,2.0628630573181985e-4
winsfs_b500_w100,337,0.13026832367941363,2.0628630573181985e-4
winsfs_b500_w100,338,0.13026832367941363,2.0628630573181985e-4
winsfs_b500_w100,339,0.13026832367941363,2.0628630573181985e-4
winsfs_b500_w100,340,0.13026832367941363,2.0628630573181985e-4
winsfs_b500_w100,341,0.13026832367941363,2.0628630573181985e-4
winsfs_b500_w100,342,0.13026832367941363,2.0628630573181985e-4
winsfs_b500_w100,343,0.13026832367941363,2.0628630573181985e-4
winsfs_b500_w100,344,0.13026832367941363,2.0628630573181985e-4
winsfs_b500_w100,345,0.13026832367941363,2.0628630573181985e-4
winsfs_b500_w100,346,0.13026832367941363,2.0628630573181985e-4
winsfs_b500_w100,347,0.13026832367941363,2.0628630573181985e-4
winsfs_b500_w100,348,0.13026832367941363,2.0628630573181985e-4
winsfs_b500_w100,349,0.13026832367941363,2.0628630573181985e-4
winsfs_b500_w100,350,0.13026832367941363,2.0628630573181985e-4
winsfs_b500_w100,351,0.13026832367941363,2.0628630573181985e-4
winsfs_b500_w100,352,0.13026832367941363,2.0628630573181985e-4
winsfs_b500_w100,353,0.13026832367941363,2.0628630573181985e-4
winsfs_b500_w100,354,0.13026832367941363,2.0628630573181985e-4
winsfs_b500_w100,355,0.13026832367941363,2.0628630573181985e-4
winsfs_b500_w100,356,0.13026832367941363,2.0628630573181985e-4
winsfs_b500_w100,357,0.13026832367941363,2.0628630573181985e-4
winsfs_b500_w100,358,0.13026832367941363,2.0628630573181985e-4
winsfs_b500_w100,359,0.13026832367941363,2.0628630573181985e-4
winsfs_b500_w100,360,0.13026832367941363,2.0628630573181985e-4
winsfs_b500_w100,361,0.13026832367941363,2.0628630573181985e-4
winsfs_b500_w100,362,0.13026832367941363,2.0628630573181985e-4
winsfs_b500_w100,363,0.13026832367941363,2.0628630573181985e-4
winsfs_b500_w100,364,0.13026832367941363,2.0628630573181985e-4
winsfs_b500_w100,365,0.13026832367941363,2.0628630573181985e-4
winsfs_b500_w100,366,0.13026832367941363,2.0628630573181985e-4
winsfs_b500_w100,367,0.13026832367941363,2.0628630573181985e-4
winsfs_b500_w100,368,0.13026832367941363,2.0628630573181985e-4
winsfs_b500_w100,369,0.13026832367941363,2.0628630573181985e-4
winsfs_b500_w100,370,0.13026832367941363,2.0628630573181985e-4
winsfs_b500_w100,371,0.13026832367941363,2.0628630573181985e-4
winsfs_b500_w100,372,0.13026832367941363,2.0628630573181985e-4
winsfs_b500_w100,373,0.13026832367941363,2.0628630573181985e-4
winsfs_b500_w100,374,0.13026832367941363,2.0628630573181985e-4
winsfs_b500_w100,375,0.13026832367941363,2.0628630573181985e-4
winsfs_b500_w100,376,0.13026832367941363,2.0628630573181985e-4
winsfs_b500_w100,377,0.13026832367941363,2.0628630573181985e-4
winsfs_b500_w100,378,0.13026832367941363,2.0628630573181985e-4
winsfs_b500_w100,379,0.13026832367941363,2.0628630573181985e-4
winsfs_b500_w100,380,0.13026832367941363,2.0628630573181985e-4
winsfs_b500_w100,381,0.13026832367941363,2.0628630573181985e-4
winsfs_b500_w100,382,0.13026832367941363,2.0628630573181985e-4
winsfs_b500_w100,383,0.13026832367941363,2.0628630573181985e-4
winsfs_b500_w100,384,0.13026832367941363,2.0628630573181985e-4
winsfs_b500_w100,385,0.13026832367941363,2.0628630573181985e-4
winsfs_b500_w100,386,0.13026832367941363,2.0628630573181985e-4
winsfs_b500_w100,387,0.13026832367941363,2.0628630573181985e-4
winsfs_b500_w100,388,0.13026832367941363,2.0628630573181985e-4
winsfs_b500_w100,389,0.13026832367941363,2.0628630573181985e-4
winsfs_b500_w100,390,0.13026832367941363,2.0628630573181985e-4
winsfs_b500_w100,391,0.13026832367941363,2.0628630573181985e-4
winsfs_b500_w100,392,0.13026832367941363,2.0628630573181985e-4
winsfs_b500_w100,393,0.13026832367941363,2.0628630573181985e-4
winsfs_b500_w100,394,0.13026832367941363,2.0628630573181985e-4
winsfs_b500_w100,395,0.13026832367941363,2.0628630573181985e-4
winsfs_b500_w100,396,0.13026832367941363,2.0628630573181985e-4
winsfs_b500_w100,397,0.13026832367941363,2.0628630573181985e-4
winsfs_b500_w100,398,0.13026832367941363,2.0628630573181985e-4
winsfs_b500_w100,399,0.13026832367941363,2.0628630573181985e-4
winsfs_b500_w100,400,0.13026832367941363,2.0628630573181985e-4
winsfs_b500_w100,401,0.13026832367941363,2.0628630573181985e-4
winsfs_b500_w100,402,0.13026832367941363,2.0628630573181985e-4
winsfs_b500_w100,403,0.13026832367941363,2.0628630573181985e-4
winsfs_b500_w100,404,0.13026832367941363,2.0628630573181985e-4
winsfs_b500_w100,405,0.13026832367941363,2.0628630573181985e-4
winsfs_b500_w100,406,0.13026832367941363,2.0628630573181985e-4
winsfs_b500_w100,407,0.13026832367941363,2.0628630573181985e-4
winsfs_b500_w100,408,0.13026832367941363,2.0628630573181985e-4
winsfs_b500_w100,409,0.13026832367941363,2.0628630573181985e-4
winsfs_b500_w100,410,0.13026832367941363,2.0628630573181985e-4
winsfs_b500_w100,411,0.13026832367941363,2.0628630573181985e-4
winsfs_b500_w100,412,0.13026832367941363,2.0628630573181985e-4
winsfs_b500_w100,413,0.13026832367941363,2.0628630573181985e-4
winsfs_b500_w100,414,0.13026832367941363,2.0628630573181985e-4
winsfs_b500_w100,415,0.13026832367941363,2.0628630573181985e-4
winsfs_b500_w100,416,0.13026832367941363,2.0628630573181985e-4
winsfs_b500_w100,417,0.13026832367941363,2.0628630573181985e-4
winsfs_b500_w100,418,0.13026832367941363,2.0628630573181985e-4
winsfs_b500_w100,419,0.13026832367941363,2.0628630573181985e-4
winsfs_b500_w100,420,0.13026832367941363,2.0628630573181985e-4
winsfs_b500_w100,421,0.13026832367941363,2.0628630573181985e-4
winsfs_b500_w100,422,0.13026832367941363,2.0628630573181985e-4
winsfs_b500_w100,423,0.13026832367941363,2.0628630573181985e-4
winsfs_b500_w100,424,0.13026832367941363,2.0628630573181985e-4
winsfs_b500_w100,425,0.13026832367941363,2.0628630573181985e-4
winsfs_b500_w100,426,0.13026832367941363,2.0628630573181985e-4
winsfs_b500_w100,427,0.13026832367941363,2.0628630573181985e-4
winsfs_b500_w100,428,0.13026832367941363,2.0628630573181985e-4
winsfs_b500_w100,429,0.13026832367941363,2.0628630573181985e-4
winsfs_b500_w100,430,0.13026832367941363,2.0628630573181985e-4
winsfs_b500_w100,431,0.13026832367941363,2.0628630573181985e-4
winsfs_b500_w100,432,0.13026832367941363,2.0628630573181985e-4
winsfs_b500_w100,433,0.13026832367941363,2.0628630573181985e-4
winsfs_b500_w100,434,0.13026832367941363,2.0628630573181985e-4
winsfs_b500_w100,435,0.13026832367941363,2.0628630573181985e-4
winsfs_b500_w100,436,0.13026832367941363,2.0628630573181985e-4
winsfs_b500_w100,437,0.13026832367941363,2.0628630573181985e-4
winsfs_b500_w100,438,0.13026832367941363,2.0628630573181985e-4
winsfs_b500_w100,439,0.13026832367941363,2.0628630573181985e-4
winsfs_b500_w100,440,0.13026832367941363,2.0628630573181985e-4
winsfs_b500_w100,441,0.13026832367941363,2.0628630573181985e-4
winsfs_b500_w100,442,0.13026832367941363,2.0628630573181985e-4
winsfs_b500_w100,443,0.13026832367941363,2.0628630573181985e-4
winsfs_b500_w100,444,0.13026832367941363,2.0628630573181985e-4
winsfs_b500_w100,445,0.13026832367941363,2.0628630573181985e-4
winsfs_b500_w100,446,0.13026832367941363,2.0628630573181985e-4
winsfs_b500_w100,447,0.13026832367941363,2.0628630573181985e-4
winsfs_b500_w100,448,0.13026832367941363,2.0628630573181985e-4
winsfs_b500_w100,449,0.13026832367941363,2.0628630573181985e-4
winsfs_b500_w100,450,0.13026832367941363,2.0628630573181985e-4
winsfs_b500_w100,451,0.13026832367941363,2.0628630573181985e-4
winsfs_b500_w100,452,0.13026832367941363,2.0628630573181985e-4
winsfs_b500_w100,453,0.13026832367941363,2.0628630573181985e-4
winsfs_b500_w100,454,0.13026832367941363,2.0628630573181985e-4
winsfs_b500_w100,455,0.13026832367941363,2.0628630573181985e-4
winsfs_b500_w100,456,0.13026832367941363,2.0628630573181985e-4
winsfs_b500_w100,457,0.13026832367941363,2.0628630573181985e-4
winsfs_b500_w100,458,0.13026832367941363,2.0628630573181985e-4
winsfs_b500_w100,459,0.13026832367941363,2.0628630573181985e-4
winsfs_b500_w100,460,0.13026832367941363,2.0628630573181985e-4
winsfs_b500_w100,461,0.13026832367941363,2.0628630573181985e-4
winsfs_b500_w100,462,0.13026832367941363,2.0628630573181985e-4
winsfs_b500_w100,463,0.13026832367941363,2.0628630573181985e-4
winsfs_b500_w100,464,0.13026832367941363,2.0628630573181985e-4
winsfs_b500_w100,465,0.13026832367941363,2.0628630573181985e-4
winsfs_b500_w100,466,0.13026832367941363,2.0628630573181985e-4
winsfs_b500_w100,467,0.13026832367941363,2.0628630573181985e-4
winsfs_b500_w100,468,0.13026832367941363,2.0628630573181985e-4
winsfs_b500_w100,469,0.13026832367941363,2.0628630573181985e-4
winsfs_b500_w100,470,0.13026832367941363,2.0628630573181985e-4
winsfs_b500_w100,471,0.13026832367941363,2.0628630573181985e-4
winsfs_b500_w100,472,0.13026832367941363,2.0628630573181985e-4
winsfs_b500_w100,473,0.13026832367941363,2.0628630573181985e-4
winsfs_b500_w100,474,0.13026832367941363,2.0628630573181985e-4
winsfs_b500_w100,475,0.13026832367941363,2.0628630573181985e-4
winsfs_b500_w100,476,0.13026832367941363,2.0628630573181985e-4
winsfs_b500_w100,477,0.13026832367941363,2.0628630573181985e-4
winsfs_b500_w100,478,0.13026832367941363,2.0628630573181985e-4
winsfs_b500_w100,479,0.13026832367941363,2.0628630573181985e-4
winsfs_b500_w100,480,0.13026832367941363,2.0628630573181985e-4
winsfs_b500_w100,481,0.13026832367941363,2.0628630573181985e-4
winsfs_b500_w100,482,0.13026832367941363,2.0628630573181985e-4
winsfs_b500_w100,483,0.13026832367941363,2.0628630573181985e-4
winsfs_b500_w100,484,0.13026832367941363,2.0628630573181985e-4
winsfs_b500_w100,485,0.13026832367941363,2.0628630573181985e-4
winsfs_b500_w100,486,0.13026832367941363,2.0628630573181985e-4
winsfs_b500_w100,487,0.13026832367941363,2.0628630573181985e-4
winsfs_b500_w100,488,0.13026832367941363,2.0628630573181985e-4
winsfs_b500_w100,489,0.13026832367941363,2.0628630573181985e-4
winsfs_b500_w100,490,0.13026832367941363,2.0628630573181985e-4
winsfs_b500_w100,491,0.13026832367941363,2.0628630573181985e-4
winsfs_b500_w100,492,0.13026832367941363,2.0628630573181985e-4
winsfs_b500_w100,493,0.13026832367941363,2.0628630573181985e-4
winsfs_b500_w100,494,0.13026832367941363,2.0628630573181985e-4
winsfs_b500_w100,495,0.13026832367941363,2.0628630573181985e-4
winsfs_b500_w100,496,0.13026832367941363,2.0628630573181985e-4
winsfs_b500_w100,497,0.13026832367941363,2.0628630573181985e-4
winsfs_b500_w100,498,0.13026832367941363,2.0628630573181985e-4
winsfs_b500_w100,499,0.13026832367941363,2.0628630573181985e-4
winsfs_b500_w100,500,0.13026832367941363,2.0628630573181985e-4
winsfs_b500_w250,1,0.1293961145441637,2.0553781180225736e-4
winsfs_b500_w250,2,0.129935289389793,2.054830760565326e-4
winsfs_b500_w250,3,0.12994455867844598,2.054800928068356e-4
winsfs_b500_w250,4,0.1299451006718262,2.054800015220888e-4
winsfs_b500_w250,5,0.12994519090129042,2.054800320241585e-4
winsfs_b500_w250,6,0.12994521520987762,2.054800443823634e-4
winsfs_b500_w250,7,0.1299452187529383,2.054800414705621e-4
winsfs_b500_w250,8,0.12994521313483098,2.05480030120853e-4
winsfs_b500_w250,9,0.12994520321451344,2.0548001466690524e-4
winsfs_b500_w250,10,0.12994519143661692,2.054799975838849e-4
winsfs_b500_w250,11,0.12994517910769313,2.0547998025567657e-4
winsfs_b500_w250,12,0.1299451669140739,2.0547996340911095e-4
winsfs_b500_w250,13,0.12994515521263458,2.054799474168318e-4
winsfs_b500_w250,14,0.1299451441711754,2.0547993244196904e-4
winsfs_b500_w250,15,0.1299451338553169,2.054799185301931e-4
winsfs_b500_w250,16,0.12994512427364135,2.0547990566935145e-4
winsfs_b500_w250,17,0.12994511541267773,2.0547989382322415e-4
winsfs_b500_w250,18,0.1299451072292748,2.0547988292200268e-4
winsfs_b500_w250,19,0.12994509968623152,2.0547987290657192e-4
winsfs_b500_w250,20,0.12994509274034566,2.054798637095944e-4
winsfs_b500_w250,21,0.12994508635026794,2.05479855272764e-4
winsfs_b500_w250,22,0.1299450804684598,2.0547984752507223e-4
winsfs_b500_w250,23,0.12994507506175684,2.0547984042116184e-4
winsfs_b500_w250,24,0.1299450700870907,2.054798338980725e-4
winsfs_b500_w250,25,0.12994506551691945,2.054798279188124e-4
winsfs_b500_w250,26,0.12994506131502143,2.0547982243168396e-4
winsfs_b500_w250,27,0.129945057452895,2.054798173961718e-4
winsfs_b500_w250,28,0.12994505390443262,2.054798127784458e-4
winsfs_b500_w250,29,0.1299450506423899,2.0547980853955755e-4
winsfs_b500_w250,30,0.12994504764202838,2.0547980464636945e-4
winsfs_b500_w250,31,0.12994504488550326,2.0547980107427983e-4
winsfs_b500_w250,32,0.12994504235007698,2.0547979779263705e-4
winsfs_b500_w250,33,0.1299450400201895,2.0547979478011084e-4
winsfs_b500_w250,34,0.12994503788027414,2.0547979201690332e-4
winsfs_b500_w250,35,0.129945035912376,2.0547978947790043e-4
winsfs_b500_w250,36,0.12994503410180333,2.0547978714376104e-4
winsfs_b500_w250,37,0.12994503243691358,2.0547978499805064e-4
winsfs_b500_w250,38,0.129945030907643,2.054797830295667e-4
winsfs_b500_w250,39,0.1299450294994939,2.0547978121784308e-4
winsfs_b500_w250,40,0.12994502820425527,2.054797795522938e-4
winsfs_b500_w250,41,0.12994502701529628,2.0547977802414663e-4
winsfs_b500_w250,42,0.12994502591972218,2.054797766166128e-4
winsfs_b500_w250,43,0.1299450249118622,2.0547977532206109e-4
winsfs_b500_w250,44,0.1299450239831739,2.0547977412904548e-4
winsfs_b500_w250,45,0.12994502312895015,2.054797730328804e-4
winsfs_b500_w250,46,0.12994502234695576,2.0547977202867688e-4
winsfs_b500_w250,47,0.12994502162209423,2.0547977109753083e-4
winsfs_b500_w250,48,0.12994502095863592,2.054797702463399e-4
winsfs_b500_w250,49,0.1299450203456416,2.054797694590171e-4
winsfs_b500_w250,50,0.12994501977946252,2.0547976873140763e-4
winsfs_b500_w250,51,0.12994501926131716,2.0547976806583e-4
winsfs_b500_w250,52,0.12994501878346212,2.054797674512925e-4
winsfs_b500_w250,53,0.12994501834231997,2.054797668844232e-4
winsfs_b500_w250,54,0.12994501793666866,2.054797663623468e-4
winsfs_b500_w250,55,0.1299450175640171,2.0547976588367633e-4
winsfs_b500_w250,56,0.12994501722021626,2.0547976544077983e-4
winsfs_b500_w250,57,0.12994501690249033,2.054797650315747e-4
winsfs_b500_w250,58,0.1299450166108594,2.0547976465533913e-4
winsfs_b500_w250,59,0.12994501634073727,2.054797643073049e-4
winsfs_b500_w250,60,0.12994501609299447,2.054797639869206e-4
winsfs_b500_w250,61,0.12994501586464055,2.05479763691582e-4
winsfs_b500_w250,62,0.1299450156524974,2.054797634174929e-4
winsfs_b500_w250,63,0.129945015459646,2.0547976316842348e-4
winsfs_b500_w250,64,0.1299450152798438,2.0547976293473264e-4
winsfs_b500_w250,65,0.12994501511400136,2.054797627189767e-4
winsfs_b500_w250,66,0.12994501496084437,2.0547976252028612e-4
winsfs_b500_w250,67,0.12994501482087512,2.0547976233833948e-4
winsfs_b500_w250,68,0.12994501469205538,2.0547976217083816e-4
winsfs_b500_w250,69,0.1299450145736535,2.0547976201596492e-4
winsfs_b500_w250,70,0.1299450144638147,2.054797618722771e-4
winsfs_b500_w250,71,0.12994501435986006,2.0547976173603235e-4
winsfs_b500_w250,72,0.1299450142703232,2.054797616188625e-4
winsfs_b500_w250,73,0.1299450141810467,2.054797615016069e-4
winsfs_b500_w250,74,0.129945014102046,2.054797613978509e-4
winsfs_b500_w250,75,0.12994501402933128,2.0547976130223217e-4
winsfs_b500_w250,76,0.12994501396148034,2.0547976121246044e-4
winsfs_b500_w250,77,0.1299450138962956,2.0547976112618029e-4
winsfs_b500_w250,78,0.1299450138406006,2.05479761052416e-4
winsfs_b500_w250,79,0.1299450137887188,2.0547976098355176e-4
winsfs_b500_w250,80,0.12994501373712067,2.0547976091475737e-4
winsfs_b500_w250,81,0.12994501369224976,2.054797608544144e-4
winsfs_b500_w250,82,0.12994501365026345,2.0547976079834444e-4
winsfs_b500_w250,83,0.12994501361137953,2.0547976074614715e-4
winsfs_b500_w250,84,0.12994501357787042,2.0547976070145173e-4
winsfs_b500_w250,85,0.1299450135437023,2.0547976065575228e-4
winsfs_b500_w250,86,0.12994501351456222,2.0547976061588625e-4
winsfs_b500_w250,87,0.12994501348629758,2.0547976057822272e-4
winsfs_b500_w250,88,0.12994501346025106,2.054797605417843e-4
winsfs_b500_w250,89,0.12994501343838524,2.0547976051241224e-4
winsfs_b500_w250,90,0.12994501341515893,2.054797604794273e-4
winsfs_b500_w250,91,0.12994501339620856,2.0547976045416657e-4
winsfs_b500_w250,92,0.12994501337902,2.054797604304491e-4
winsfs_b500_w250,93,0.12994501336120434,2.0547976040582937e-4
winsfs_b500_w250,94,0.12994501334380912,2.0547976038062828e-4
winsfs_b500_w250,95,0.12994501333038352,2.0547976036263448e-4
winsfs_b500_w250,96,0.12994501331946418,2.0547976034746335e-4
winsfs_b500_w250,97,0.12994501330698607,2.054797603298479e-4
winsfs_b500_w250,98,0.1299450132950113,2.054797603129225e-4
winsfs_b500_w250,99,0.12994501328662456,2.0547976030062796e-4
winsfs_b500_w250,100,0.12994501327615304,2.0547976028595193e-4
winsfs_b500_w250,101,0.12994501326737712,2.0547976027312327e-4
winsfs_b500_w250,102,0.1299450132600468,2.0547976026261263e-4
winsfs_b500_w250,103,0.12994501325263771,2.054797602513708e-4
winsfs_b500_w250,104,0.1299450132449926,2.0547976024050567e-4
winsfs_b500_w250,105,0.12994501323933105,2.054797602326905e-4
winsfs_b500_w250,106,0.12994501323405053,2.0547976022423667e-4
winsfs_b500_w250,107,0.12994501322803223,2.0547976021515404e-4
winsfs_b500_w250,108,0.12994501322164057,2.054797602048854e-4
winsfs_b500_w250,109,0.1299450132210178,2.054797602046564e-4
winsfs_b500_w250,110,0.12994501321501983,2.0547976019501471e-4
winsfs_b500_w250,111,0.12994501321269408,2.0547976019143904e-4
winsfs_b500_w250,112,0.1299450132091921,2.0547976018629887e-4
winsfs_b500_w250,113,0.12994501320587823,2.0547976018129004e-4
winsfs_b500_w250,114,0.12994501320244792,2.0547976017635305e-4
winsfs_b500_w250,115,0.1299450132005585,2.0547976017280876e-4
winsfs_b500_w250,116,0.1299450131988763,2.0547976016975665e-4
winsfs_b500_w250,117,0.1299450131958957,2.0547976016524583e-4
winsfs_b500_w250,118,0.1299450131941265,2.0547976016207023e-4
winsfs_b500_w250,119,0.12994501319268476,2.0547976016035223e-4
winsfs_b500_w250,120,0.12994501319141954,2.0547976015728564e-4
winsfs_b500_w250,121,0.12994501319014934,2.0547976015511925e-4
winsfs_b500_w250,122,0.12994501318973195,2.054797601543986e-4
winsfs_b500_w250,123,0.12994501318841714,2.054797601515573e-4
winsfs_b500_w250,124,0.12994501318750887,2.0547976015011392e-4
winsfs_b500_w250,125,0.129945013186172,2.0547976014760933e-4
winsfs_b500_w250,126,0.12994501318602214,2.054797601474583e-4
winsfs_b500_w250,127,0.12994501318419915,2.0547976014420705e-4
winsfs_b500_w250,128,0.12994501318386226,2.0547976014299193e-4
winsfs_b500_w250,129,0.12994501318430762,2.0547976014335356e-4
winsfs_b500_w250,130,0.12994501318307922,2.0547976014108815e-4
winsfs_b500_w250,131,0.1299450131815582,2.0547976013827145e-4
winsfs_b500_w250,132,0.1299450131838593,2.054797601410908e-4
winsfs_b500_w250,133,0.12994501318207047,2.0547976013891205e-4
winsfs_b500_w250,134,0.1299450131820165,2.0547976013832975e-4
winsfs_b500_w250,135,0.12994501318254945,2.0547976013847335e-4
winsfs_b500_w250,136,0.1299450131825169,2.0547976013837225e-4
winsfs_b500_w250,137,0.1299450131819909,2.0547976013716456e-4
winsfs_b500_w250,138,0.12994501318201593,2.054797601372172e-4
winsfs_b500_w250,139,0.12994501318233342,2.054797601371518e-4
winsfs_b500_w250,140,0.12994501318346716,2.0547976013825288e-4
winsfs_b500_w250,141,0.1299450131829445,2.0547976013751543e-4
winsfs_b500_w250,142,0.12994501318300006,2.0547976013627213e-4
winsfs_b500_w250,143,0.12994501318208712,2.054797601364112e-4
winsfs_b500_w250,144,0.12994501318326118,2.054797601368357e-4
winsfs_b500_w250,145,0.12994501318263604,2.054797601358411e-4
winsfs_b500_w250,146,0.12994501318231372,2.0547976013505825e-4
winsfs_b500_w250,147,0.1299450131815813,2.0547976013393749e-4
winsfs_b500_w250,148,0.12994501318259738,2.054797601352898e-4
winsfs_b500_w250,149,0.12994501318178392,2.0547976013339303e-4
winsfs_b500_w250,150,0.12994501318335114,2.0547976013607429e-4
winsfs_b500_w250,151,0.12994501318426224,2.0547976013694875e-4
winsfs_b500_w250,152,0.12994501318408525,2.054797601368573e-4
winsfs_b500_w250,153,0.1299450131845151,2.054797601367415e-4
winsfs_b500_w250,154,0.12994501318470705,2.054797601363812e-4
winsfs_b500_w250,155,0.12994501318430723,2.0547976013581343e-4
winsfs_b500_w250,156,0.12994501318394655,2.054797601351096e-4
winsfs_b500_w250,157,0.1299450131841201,2.0547976013574791e-4
winsfs_b500_w250,158,0.1299450131846642,2.054797601362008e-4
winsfs_b500_w250,159,0.129945013184984,2.054797601359636e-4
winsfs_b500_w250,160,0.12994501318521984,2.0547976013669865e-4
winsfs_b500_w250,161,0.1299450131835884,2.0547976013366413e-4
winsfs_b500_w250,162,0.1299450131853362,2.054797601354844e-4
winsfs_b500_w250,163,0.1299450131854706,2.0547976013700293e-4
winsfs_b500_w250,164,0.1299450131851643,2.0547976013578e-4
winsfs_b500_w250,165,0.12994501318676746,2.0547976013812448e-4
winsfs_b500_w250,166,0.12994501318524296,2.0547976013576895e-4
winsfs_b500_w250,167,0.12994501318455723,2.054797601347569e-4
winsfs_b500_w250,168,0.12994501318590687,2.054797601369821e-4
winsfs_b500_w250,169,0.1299450131855101,2.054797601359839e-4
winsfs_b500_w250,170,0.12994501318606955,2.0547976013617737e-4
winsfs_b500_w250,171,0.1299450131860001,2.0547976013646045e-4
winsfs_b500_w250,172,0.1299450131866297,2.0547976013734925e-4
winsfs_b500_w250,173,0.12994501318661933,2.0547976013748936e-4
winsfs_b500_w250,174,0.1299450131872932,2.0547976013822808e-4
winsfs_b500_w250,175,0.12994501318669055,2.0547976013659592e-4
winsfs_b500_w250,176,0.12994501318771942,2.0547976013861316e-4
winsfs_b500_w250,177,0.1299450131865773,2.0547976013676137e-4
winsfs_b500_w250,178,0.1299450131875232,2.0547976013767275e-4
winsfs_b500_w250,179,0.12994501318846063,2.0547976013934465e-4
winsfs_b500_w250,180,0.12994501318771234,2.054797601380632e-4
winsfs_b500_w250,181,0.12994501318810012,2.054797601380916e-4
winsfs_b500_w250,182,0.12994501318778204,2.0547976013773753e-4
winsfs_b500_w250,183,0.12994501318638452,2.054797601357083e-4
winsfs_b500_w250,184,0.12994501318892407,2.0547976013944567e-4
winsfs_b500_w250,185,0.1299450131877359,2.054797601380837e-4
winsfs_b500_w250,186,0.12994501318867688,2.0547976013931255e-4
winsfs_b500_w250,187,0.12994501318948565,2.054797601402692e-4
winsfs_b500_w250,188,0.1299450131889619,2.054797601393451e-4
winsfs_b500_w250,189,0.12994501318791368,2.05479760137607e-4
winsfs_b500_w250,190,0.1299450131893539,2.05479760139947e-4
winsfs_b500_w250,191,0.12994501318934387,2.0547976013991445e-4
winsfs_b500_w250,192,0.12994501318802032,2.0547976013765952e-4
winsfs_b500_w250,193,0.12994501318936227,2.054797601399869e-4
winsfs_b500_w250,194,0.1299450131882443,2.0547976013797817e-4
winsfs_b500_w250,195,0.12994501318835283,2.0547976013806935e-4
winsfs_b500_w250,196,0.12994501318916638,2.054797601392386e-4
winsfs_b500_w250,197,0.12994501318905524,2.05479760139492e-4
winsfs_b500_w250,198,0.12994501318967586,2.0547976014055597e-4
winsfs_b500_w250,199,0.12994501318837318,2.0547976013794367e-4
winsfs_b500_w250,200,0.1299450131890602,2.0547976013819276e-4
winsfs_b500_w250,201,0.12994501318933277,2.0547976013840432e-4
winsfs_b500_w250,202,0.12994501318929855,2.054797601393492e-4
winsfs_b500_w250,203,0.12994501318905072,2.0547976013856253e-4
winsfs_b500_w250,204,0.12994501318884427,2.0547976013912268e-4
winsfs_b500_w250,205,0.1299450131899101,2.05479760140446e-4
winsfs_b500_w250,206,0.12994501318982662,2.0547976014060687e-4
winsfs_b500_w250,207,0.12994501318951193,2.0547976013879845e-4
winsfs_b500_w250,208,0.12994501318946353,2.0547976013951636e-4
winsfs_b500_w250,209,0.12994501318892848,2.054797601383052e-4
winsfs_b500_w250,210,0.12994501318883986,2.0547976013806372e-4
winsfs_b500_w250,211,0.12994501319046675,2.054797601406985e-4
winsfs_b500_w250,212,0.12994501319008453,2.0547976014000707e-4
winsfs_b500_w250,213,0.12994501319018054,2.05479760140027e-4
winsfs_b500_w250,214,0.12994501319057442,2.0547976014057744e-4
winsfs_b500_w250,215,0.1299450131912067,2.054797601412837e-4
winsfs_b500_w250,216,0.12994501319117982,2.0547976014153427e-4
winsfs_b500_w250,217,0.1299450131906232,2.0547976014055627e-4
winsfs_b500_w250,218,0.12994501319010152,2.0547976014037377e-4
winsfs_b500_w250,219,0.12994501319003524,2.054797601399518e-4
winsfs_b500_w250,220,0.12994501318947071,2.0547976013866336e-4
winsfs_b500_w250,221,0.12994501318929128,2.0547976013851412e-4
winsfs_b500_w250,222,0.1299450131896664,2.054797601390925e-4
winsfs_b500_w250,223,0.1299450131902204,2.0547976014028863e-4
winsfs_b500_w250,224,0.12994501319047952,2.054797601405812e-4
winsfs_b500_w250,225,0.12994501319047885,2.0547976014098125e-4
winsfs_b500_w250,226,0.12994501318986462,2.054797601391225e-4
winsfs_b500_w250,227,0.12994501319048568,2.054797601407552e-4
winsfs_b500_w250,228,0.12994501319042964,2.0547976014052315e-4
winsfs_b500_w250,229,0.12994501319017382,2.054797601395768e-4
winsfs_b500_w250,230,0.1299450131901962,2.054797601403756e-4
winsfs_b500_w250,231,0.12994501319036028,2.0547976014036735e-4
winsfs_b500_w250,232,0.1299450131897357,2.054797601399205e-4
winsfs_b500_w250,233,0.12994501319095833,2.0547976014116543e-4
winsfs_b500_w250,234,0.12994501318958324,2.054797601391538e-4
winsfs_b500_w250,235,0.1299450131899057,2.0547976013996785e-4
winsfs_b500_w250,236,0.1299450131902139,2.0547976014008564e-4
winsfs_b500_w250,237,0.12994501319024035,2.054797601401372e-4
winsfs_b500_w250,238,0.129945013189903,2.0547976013929683e-4
winsfs_b500_w250,239,0.12994501319053622,2.0547976014032292e-4
winsfs_b500_w250,240,0.1299450131903387,2.0547976013981977e-4
winsfs_b500_w250,241,0.12994501319059543,2.0547976014090435e-4
winsfs_b500_w250,242,0.1299450131906502,2.0547976014046365e-4
winsfs_b500_w250,243,0.12994501319011909,2.054797601396699e-4
winsfs_b500_w250,244,0.12994501319072585,2.0547976014160773e-4
winsfs_b500_w250,245,0.1299450131911454,2.054797601411039e-4
winsfs_b500_w250,246,0.12994501319059246,2.054797601408049e-4
winsfs_b500_w250,247,0.1299450131902489,2.0547976014010088e-4
winsfs_b500_w250,248,0.12994501319023366,2.0547976014026703e-4
winsfs_b500_w250,249,0.12994501319036675,2.0547976014035263e-4
winsfs_b500_w250,250,0.12994501319060092,2.0547976013993583e-4
winsfs_b500_w250,251,0.1299450131900497,2.054797601393531e-4
winsfs_b500_w250,252,0.12994501319048657,2.0547976013976952e-4
winsfs_b500_w250,253,0.12994501319029014,2.054797601400158e-4
winsfs_b500_w250,254,0.12994501319097382,2.0547976014079244e-4
winsfs_b500_w250,255,0.12994501318992774,2.054797601401404e-4
winsfs_b500_w250,256,0.1299450131898992,2.054797601395296e-4
winsfs_b500_w250,257,0.12994501318986557,2.054797601388609e-4
winsfs_b500_w250,258,0.12994501319042492,2.054797601393645e-4
winsfs_b500_w250,259,0.129945013191375,2.054797601416502e-4
winsfs_b500_w250,260,0.12994501319150126,2.0547976014192272e-4
winsfs_b500_w250,261,0.1299450131912744,2.054797601413752e-4
winsfs_b500_w250,262,0.12994501319127894,2.0547976014168647e-4
winsfs_b500_w250,263,0.1299450131901757,2.0547976013997747e-4
winsfs_b500_w250,264,0.12994501319043938,2.0547976014009136e-4
winsfs_b500_w250,265,0.12994501319087584,2.054797601407372e-4
winsfs_b500_w250,266,0.1299450131912187,2.0547976014104275e-4
winsfs_b500_w250,267,0.12994501319147167,2.0547976014150533e-4
winsfs_b500_w250,268,0.12994501318997367,2.0547976013992575e-4
winsfs_b500_w250,269,0.12994501319051463,2.0547976013984877e-4
winsfs_b500_w250,270,0.129945013191534,2.054797601415098e-4
winsfs_b500_w250,271,0.1299450131912721,2.0547976014089392e-4
winsfs_b500_w250,272,0.12994501319103985,2.054797601412573e-4
winsfs_b500_w250,273,0.12994501319176965,2.0547976014181552e-4
winsfs_b500_w250,274,0.12994501319106697,2.0547976014049108e-4
winsfs_b500_w250,275,0.1299450131905416,2.054797601403378e-4
winsfs_b500_w250,276,0.12994501319120658,2.0547976014126824e-4
winsfs_b500_w250,277,0.12994501319092372,2.0547976014065e-4
winsfs_b500_w250,278,0.12994501319103322,2.0547976014136785e-4
winsfs_b500_w250,279,0.12994501319144738,2.0547976014163085e-4
winsfs_b500_w250,280,0.1299450131904786,2.054797601406425e-4
winsfs_b500_w250,281,0.12994501319078938,2.054797601414163e-4
winsfs_b500_w250,282,0.12994501319091192,2.054797601402495e-4
winsfs_b500_w250,283,0.1299450131900564,2.0547976013992987e-4
winsfs_b500_w250,284,0.1299450131911746,2.054797601412064e-4
winsfs_b500_w250,285,0.12994501319085677,2.054797601411546e-4
winsfs_b500_w250,286,0.12994501319109927,2.0547976014119817e-4
winsfs_b500_w250,287,0.12994501319059695,2.0547976014033615e-4
winsfs_b500_w250,288,0.12994501319078136,2.0547976014071153e-4
winsfs_b500_w250,289,0.12994501319124582,2.054797601412386e-4
winsfs_b500_w250,290,0.1299450131912875,2.0547976014128583e-4
winsfs_b500_w250,291,0.12994501319079052,2.0547976014116692e-4
winsfs_b500_w250,292,0.1299450131904409,2.054797601401038e-4
winsfs_b500_w250,293,0.12994501319090965,2.0547976014067567e-4
winsfs_b500_w250,294,0.1299450131908323,2.0547976014088616e-4
winsfs_b500_w250,295,0.1299450131905928,2.0547976014028712e-4
winsfs_b500_w250,296,0.12994501319169852,2.054797601419812e-4
winsfs_b500_w250,297,0.12994501319132415,2.0547976014170943e-4
winsfs_b500_w250,298,0.12994501319100968,2.0547976014149177e-4
winsfs_b500_w250,299,0.12994501319179722,2.054797601428884e-4
winsfs_b500_w250,300,0.12994501319108043,2.054797601411554e-4
winsfs_b500_w250,301,0.1299450131909643,2.0547976014087383e-4
winsfs_b500_w250,302,0.1299450131908323,2.0547976014064943e-4
winsfs_b500_w250,303,0.1299450131910318,2.0547976014080813e-4
winsfs_b500_w250,304,0.12994501319064214,2.054797601395976e-4
winsfs_b500_w250,305,0.12994501319085794,2.0547976014068637e-4
winsfs_b500_w250,306,0.12994501319096283,2.054797601408228e-4
winsfs_b500_w250,307,0.12994501319050775,2.054797601401101e-4
winsfs_b500_w250,308,0.1299450131900276,2.0547976013950863e-4
winsfs_b500_w250,309,0.12994501318996332,2.054797601397212e-4
winsfs_b500_w250,310,0.1299450131900242,2.0547976013965755e-4
winsfs_b500_w250,311,0.12994501318966137,2.0547976013923105e-4
winsfs_b500_w250,312,0.12994501319059917,2.0547976014047455e-4
winsfs_b500_w250,313,0.129945013190571,2.054797601401444e-4
winsfs_b500_w250,314,0.12994501319044832,2.0547976013935408e-4
winsfs_b500_w250,315,0.12994501318984503,2.0547976013908192e-4
winsfs_b500_w250,316,0.12994501318977855,2.054797601391733e-4
winsfs_b500_w250,317,0.12994501319017934,2.054797601396598e-4
winsfs_b500_w250,318,0.1299450131904452,2.0547976013953056e-4
winsfs_b500_w250,319,0.12994501319030247,2.0547976013991152e-4
winsfs_b500_w250,320,0.12994501319037466,2.0547976013987924e-4
winsfs_b500_w250,321,0.12994501319044052,2.054797601403316e-4
winsfs_b500_w250,322,0.12994501319054186,2.054797601399504e-4
winsfs_b500_w250,323,0.1299450131906036,2.0547976014013392e-4
winsfs_b500_w250,324,0.12994501319065815,2.0547976014038957e-4
winsfs_b500_w250,325,0.12994501319086632,2.0547976014061804e-4
winsfs_b500_w250,326,0.12994501319073237,2.054797601409199e-4
winsfs_b500_w250,327,0.1299450131909341,2.0547976014072657e-4
winsfs_b500_w250,328,0.12994501319087154,2.0547976014038323e-4
winsfs_b500_w250,329,0.12994501319120907,2.0547976014096387e-4
winsfs_b500_w250,330,0.1299450131910198,2.05479760140467e-4
winsfs_b500_w250,331,0.1299450131909396,2.0547976014093723e-4
winsfs_b500_w250,332,0.1299450131910956,2.0547976014066344e-4
winsfs_b500_w250,333,0.12994501319117652,2.0547976014021008e-4
winsfs_b500_w250,334,0.12994501319149757,2.0547976014195256e-4
winsfs_b500_w250,335,0.12994501319157323,2.05479760141897e-4
winsfs_b500_w250,336,0.12994501319153814,2.0547976014179535e-4
winsfs_b500_w250,337,0.12994501319098287,2.0547976014052447e-4
winsfs_b500_w250,338,0.12994501319124185,2.054797601416556e-4
winsfs_b500_w250,339,0.12994501319122348,2.0547976014098312e-4
winsfs_b500_w250,340,0.12994501319094226,2.054797601410824e-4
winsfs_b500_w250,341,0.12994501319115895,2.0547976014098545e-4
winsfs_b500_w250,342,0.12994501319135698,2.0547976014141975e-4
winsfs_b500_w250,343,0.1299450131912194,2.054797601413323e-4
winsfs_b500_w250,344,0.12994501319169607,2.0547976014119503e-4
winsfs_b500_w250,345,0.12994501319144836,2.0547976014145824e-4
winsfs_b500_w250,346,0.1299450131912594,2.054797601408639e-4
winsfs_b500_w250,347,0.12994501319099389,2.0547976014065631e-4
winsfs_b500_w250,348,0.1299450131914334,2.0547976014152652e-4
winsfs_b500_w250,349,0.1299450131912993,2.0547976014126848e-4
winsfs_b500_w250,350,0.12994501319144366,2.0547976014107937e-4
winsfs_b500_w250,351,0.12994501319122456,2.0547976014122568e-4
winsfs_b500_w250,352,0.12994501319139412,2.054797601414304e-4
winsfs_b500_w250,353,0.12994501319134263,2.054797601413988e-4
winsfs_b500_w250,354,0.1299450131914162,2.0547976014176488e-4
winsfs_b500_w250,355,0.12994501319128315,2.0547976014104275e-4
winsfs_b500_w250,356,0.12994501319123564,2.054797601410473e-4
winsfs_b500_w250,357,0.12994501319084667,2.0547976014072435e-4
winsfs_b500_w250,358,0.1299450131909778,2.05479760140665e-4
winsfs_b500_w250,359,0.12994501319120128,2.054797601412511e-4
winsfs_b500_w250,360,0.12994501319078983,2.0547976014123932e-4
winsfs_b500_w250,361,0.12994501319051643,2.054797601403976e-4
winsfs_b500_w250,362,0.12994501319039586,2.0547976014056532e-4
winsfs_b500_w250,363,0.1299450131910651,2.054797601407419e-4
winsfs_b500_w250,364,0.12994501319034024,2.0547976014003103e-4
winsfs_b500_w250,365,0.1299450131901381,2.0547976013990873e-4
winsfs_b500_w250,366,0.12994501319078317,2.05479760140117e-4
winsfs_b500_w250,367,0.1299450131903734,2.0547976014000503e-4
winsfs_b500_w250,368,0.1299450131904861,2.0547976013967343e-4
winsfs_b500_w250,369,0.129945013190547,2.0547976013997175e-4
winsfs_b500_w250,370,0.1299450131901516,2.054797601398619e-4
winsfs_b500_w250,371,0.12994501319026291,2.0547976013929545e-4
winsfs_b500_w250,372,0.1299450131904566,2.054797601399245e-4
winsfs_b500_w250,373,0.1299450131907013,2.0547976014016132e-4
winsfs_b500_w250,374,0.12994501319064225,2.054797601402657e-4
winsfs_b500_w250,375,0.12994501319052654,2.0547976014046303e-4
winsfs_b500_w250,376,0.12994501319087606,2.054797601405305e-4
winsfs_b500_w250,377,0.12994501319087412,2.05479760140984e-4
winsfs_b500_w250,378,0.12994501319029206,2.054797601404156e-4
winsfs_b500_w250,379,0.12994501319077623,2.0547976014059817e-4
winsfs_b500_w250,380,0.12994501319067822,2.0547976014065363e-4
winsfs_b500_w250,381,0.12994501319084534,2.054797601403261e-4
winsfs_b500_w250,382,0.12994501319056417,2.0547976014058725e-4
winsfs_b500_w250,383,0.12994501319041693,2.054797601399121e-4
winsfs_b500_w250,384,0.12994501319053767,2.054797601403017e-4
winsfs_b500_w250,385,0.12994501319109383,2.05479760140512e-4
winsfs_b500_w250,386,0.12994501319051685,2.054797601400228e-4
winsfs_b500_w250,387,0.12994501319070728,2.0547976014026825e-4
winsfs_b500_w250,388,0.12994501319051052,2.0547976014034244e-4
winsfs_b500_w250,389,0.12994501319071405,2.0547976014089852e-4
winsfs_b500_w250,390,0.1299450131910599,2.054797601407591e-4
winsfs_b500_w250,391,0.1299450131909193,2.0547976014098827e-4
winsfs_b500_w250,392,0.12994501319111967,2.0547976014099716e-4
winsfs_b500_w250,393,0.12994501319094098,2.0547976014044536e-4
winsfs_b500_w250,394,0.12994501319106372,2.0547976014098008e-4
winsfs_b500_w250,395,0.12994501319128166,2.0547976014141097e-4
winsfs_b500_w250,396,0.1299450131908352,2.054797601411497e-4
winsfs_b500_w250,397,0.12994501319081478,2.054797601410413e-4
winsfs_b500_w250,398,0.1299450131910449,2.0547976014164467e-4
winsfs_b500_w250,399,0.12994501319114402,2.054797601418321e-4
winsfs_b500_w250,400,0.12994501319090887,2.0547976014180383e-4
winsfs_b500_w250,401,0.1299450131908514,2.0547976014142916e-4
winsfs_b500_w250,402,0.12994501319100574,2.0547976014145505e-4
winsfs_b500_w250,403,0.1299450131909654,2.054797601414785e-4
winsfs_b500_w250,404,0.12994501319113663,2.054797601411465e-4
winsfs_b500_w250,405,0.12994501319113172,2.0547976014131933e-4
winsfs_b500_w250,406,0.12994501319089496,2.0547976014113553e-4
winsfs_b500_w250,407,0.12994501319087784,2.0547976014109907e-4
winsfs_b500_w250,408,0.12994501319112794,2.0547976014118703e-4
winsfs_b500_w250,409,0.12994501319093982,2.0547976014064143e-4
winsfs_b500_w250,410,0.1299450131910043,2.0547976014087763e-4
winsfs_b500_w250,411,0.1299450131909272,2.054797601410992e-4
winsfs_b500_w250,412,0.12994501319087295,2.0547976014094368e-4
winsfs_b500_w250,413,0.12994501319112317,2.0547976014126368e-4
winsfs_b500_w250,414,0.1299450131911205,2.0547976014128312e-4
winsfs_b500_w250,415,0.12994501319105997,2.0547976014130217e-4
winsfs_b500_w250,416,0.1299450131912203,2.0547976014085315e-4
winsfs_b500_w250,417,0.1299450131911994,2.0547976014097653e-4
winsfs_b500_w250,418,0.12994501319146448,2.054797601419398e-4
winsfs_b500_w250,419,0.12994501319141016,2.054797601416416e-4
winsfs_b500_w250,420,0.1299450131915108,2.0547976014167815e-4
winsfs_b500_w250,421,0.12994501319155943,2.054797601418978e-4
winsfs_b500_w250,422,0.1299450131914136,2.054797601416375e-4
winsfs_b500_w250,423,0.12994501319136895,2.0547976014165215e-4
winsfs_b500_w250,424,0.1299450131913851,2.0547976014158832e-4
winsfs_b500_w250,425,0.129945013191323,2.05479760141995e-4
winsfs_b500_w250,426,0.12994501319135507,2.0547976014196324e-4
winsfs_b500_w250,427,0.1299450131913017,2.0547976014174835e-4
winsfs_b500_w250,428,0.12994501319141902,2.0547976014181435e-4
winsfs_b500_w250,429,0.129945013191683,2.0547976014199175e-4
winsfs_b500_w250,430,0.1299450131915052,2.05479760141923e-4
winsfs_b500_w250,431,0.1299450131914855,2.0547976014188688e-4
winsfs_b500_w250,432,0.12994501319166046,2.0547976014203225e-4
winsfs_b500_w250,433,0.1299450131918969,2.0547976014215192e-4
winsfs_b500_w250,434,0.12994501319169147,2.0547976014206637e-4
winsfs_b500_w250,435,0.12994501319151594,2.0547976014177193e-4
winsfs_b500_w250,436,0.1299450131915583,2.054797601417656e-4
winsfs_b500_w250,437,0.12994501319172205,2.054797601418045e-4
winsfs_b500_w250,438,0.1299450131918481,2.0547976014195608e-4
winsfs_b500_w250,439,0.12994501319173435,2.0547976014197267e-4
winsfs_b500_w250,440,0.12994501319165216,2.054797601418617e-4
winsfs_b500_w250,441,0.12994501319158458,2.054797601418573e-4
winsfs_b500_w250,442,0.1299450131914716,2.054797601417975e-4
winsfs_b500_w250,443,0.12994501319132923,2.054797601414604e-4
winsfs_b500_w250,444,0.12994501319133753,2.0547976014139463e-4
winsfs_b500_w250,445,0.1299450131913426,2.0547976014179928e-4
winsfs_b500_w250,446,0.12994501319131244,2.0547976014176084e-4
winsfs_b500_w250,447,0.12994501319136342,2.0547976014184192e-4
winsfs_b500_w250,448,0.12994501319147225,2.0547976014174428e-4
winsfs_b500_w250,449,0.12994501319142873,2.0547976014129277e-4
winsfs_b500_w250,450,0.12994501319156815,2.0547976014138452e-4
winsfs_b500_w250,451,0.1299450131915903,2.054797601414997e-4
winsfs_b500_w250,452,0.12994501319147778,2.054797601414461e-4
winsfs_b500_w250,453,0.12994501319128185,2.054797601412965e-4
winsfs_b500_w250,454,0.12994501319141824,2.0547976014130984e-4
winsfs_b500_w250,455,0.12994501319145632,2.0547976014127577e-4
winsfs_b500_w250,456,0.12994501319128432,2.0547976014090256e-4
winsfs_b500_w250,457,0.1299450131912871,2.054797601408259e-4
winsfs_b500_w250,458,0.12994501319123983,2.0547976014076828e-4
winsfs_b500_w250,459,0.12994501319116747,2.054797601408405e-4
winsfs_b500_w250,460,0.12994501319118257,2.0547976014085968e-4
winsfs_b500_w250,461,0.12994501319129678,2.0547976014092173e-4
winsfs_b500_w250,462,0.12994501319133311,2.0547976014095376e-4
winsfs_b500_w250,463,0.12994501319125873,2.0547976014100892e-4
winsfs_b500_w250,464,0.12994501319108445,2.054797601411893e-4
winsfs_b500_w250,465,0.12994501319110788,2.0547976014097848e-4
winsfs_b500_w250,466,0.12994501319121876,2.054797601410404e-4
winsfs_b500_w250,467,0.1299450131912857,2.054797601413535e-4
winsfs_b500_w250,468,0.1299450131912642,2.0547976014133023e-4
winsfs_b500_w250,469,0.1299450131912801,2.0547976014127295e-4
winsfs_b500_w250,470,0.12994501319123006,2.054797601412918e-4
winsfs_b500_w250,471,0.12994501319130555,2.0547976014122395e-4
winsfs_b500_w250,472,0.12994501319135848,2.054797601412157e-4
winsfs_b500_w250,473,0.1299450131913124,2.054797601412348e-4
winsfs_b500_w250,474,0.12994501319146187,2.054797601413221e-4
winsfs_b500_w250,475,0.12994501319148455,2.0547976014135004e-4
winsfs_b500_w250,476,0.12994501319138246,2.054797601413712e-4
winsfs_b500_w250,477,0.12994501319138246,2.054797601413712e-4
winsfs_b500_w250,478,0.12994501319133242,2.0547976014138997e-4
winsfs_b500_w250,479,0.12994501319133325,2.0547976014131315e-4
winsfs_b500_w250,480,0.12994501319123944,2.0547976014119595e-4
winsfs_b500_w250,481,0.12994501319121712,2.05479760141249e-4
winsfs_b500_w250,482,0.1299450131911961,2.054797601413024e-4
winsfs_b500_w250,483,0.1299450131911961,2.0547976014130253e-4
winsfs_b500_w250,484,0.1299450131911474,2.0547976014132147e-4
winsfs_b500_w250,485,0.12994501319120058,2.0547976014130667e-4
winsfs_b500_w250,486,0.129945013191298,2.054797601415774e-4
winsfs_b500_w250,487,0.129945013191298,2.054797601415774e-4
winsfs_b500_w250,488,0.12994501319120225,2.0547976014146e-4
winsfs_b500_w250,489,0.1299450131912397,2.05479760141426e-4
winsfs_b500_w250,490,0.12994501319144136,2.054797601418332e-4
winsfs_b500_w250,491,0.12994501319144136,2.054797601418332e-4
winsfs_b500_w250,492,0.12994501319146337,2.0547976014186116e-4
winsfs_b500_w250,493,0.12994501319152155,2.0547976014185287e-4
winsfs_b500_w250,494,0.12994501319152155,2.0547976014185287e-4
winsfs_b500_w250,495,0.12994501319152155,2.0547976014185287e-4
winsfs_b500_w250,496,0.12994501319155702,2.0547976014181885e-4
winsfs_b500_w250,497,0.12994501319151197,2.0547976014168227e-4
winsfs_b500_w250,498,0.12994501319151197,2.054797601416824e-4
winsfs_b500_w250,499,0.12994501319151197,2.0547976014168248e-4
winsfs_b500_w250,500,0.12994501319151197,2.0547976014168248e-4
winsfs_b500_w500,1,0.1252588097600376,2.068314379609643e-4
winsfs_b500_w500,2,0.12965062933398216,2.055581044624313e-4
winsfs_b500_w500,3,0.12994418044500705,2.055345546707776e-4
winsfs_b500_w500,4,0.12997775980575324,2.055279907297638e-4
winsfs_b500_w500,5,0.129982884654902,2.055261450148391e-4
winsfs_b500_w500,6,0.12998391103993218,2.0552569612603897e-4
winsfs_b500_w500,7,0.1299841709759393,2.0552558852510945e-4
winsfs_b500_w500,8,0.12998424985372606,2.055255607351416e-4
winsfs_b500_w500,9,0.12998427610691163,2.0552555071254864e-4
winsfs_b500_w500,10,0.12998428385393695,2.0552554365274605e-4
winsfs_b500_w500,11,0.12998428383710867,2.0552553614850712e-4
winsfs_b500_w500,12,0.12998428002765902,2.0552552761647977e-4
winsfs_b500_w500,13,0.12998427414927732,2.0552551816837685e-4
winsfs_b500_w500,14,0.12998426706902325,2.0552550805385828e-4
winsfs_b500_w500,15,0.12998425927635032,2.0552549750314588e-4
winsfs_b500_w500,16,0.1299842510913902,2.0552548673261268e-4
winsfs_b500_w500,17,0.12998424271761447,2.0552547589475104e-4
winsfs_b500_w500,18,0.12998423430529343,2.0552546511874812e-4
winsfs_b500_w500,19,0.12998422595078304,2.05525454491052e-4
winsfs_b500_w500,20,0.12998421772379698,2.0552544407617592e-4
winsfs_b500_w500,21,0.1299842096753938,2.0552543392102172e-4
winsfs_b500_w500,22,0.1299842018374961,2.055254240575381e-4
winsfs_b500_w500,23,0.1299841942351485,2.0552541451020355e-4
winsfs_b500_w500,24,0.12998418687489335,2.055254052813505e-4
winsfs_b500_w500,25,0.12998417976849108,2.05525396382558e-4
winsfs_b500_w500,26,0.12998417291668493,2.055253878116075e-4
winsfs_b500_w500,27,0.12998416631682794,2.055253795642801e-4
winsfs_b500_w500,28,0.1299841599647096,2.0552537163253035e-4
winsfs_b500_w500,29,0.12998415385500836,2.0552536400989565e-4
winsfs_b500_w500,30,0.12998414798677707,2.0552535669314653e-4
winsfs_b500_w500,31,0.1299841423451972,2.05525349663964e-4
winsfs_b500_w500,32,0.12998413692758468,2.0552534291669853e-4
winsfs_b500_w500,33,0.12998413172552645,2.0552533644340625e-4
winsfs_b500_w500,34,0.1299841267306837,2.055253302308035e-4
winsfs_b500_w500,35,0.12998412193666356,2.0552532427111348e-4
winsfs_b500_w500,36,0.129984117331867,2.0552531855032132e-4
winsfs_b500_w500,37,0.12998411291397757,2.0552531306407927e-4
winsfs_b500_w500,38,0.12998410867128277,2.055253077989065e-4
winsfs_b500_w500,39,0.12998410459716458,2.055253027444628e-4
winsfs_b500_w500,40,0.1299841006880667,2.055252978973796e-4
winsfs_b500_w500,41,0.12998409693386892,2.055252932446675e-4
winsfs_b500_w500,42,0.1299840933329052,2.0552528878495105e-4
winsfs_b500_w500,43,0.12998408987074636,2.055252844969752e-4
winsfs_b500_w500,44,0.1299840865491302,2.0552528038574405e-4
winsfs_b500_w500,45,0.12998408335530576,2.055252764345456e-4
winsfs_b500_w500,46,0.12998408029329309,2.055252726484688e-4
winsfs_b500_w500,47,0.1299840773497896,2.055252690105351e-4
winsfs_b500_w500,48,0.1299840745221757,2.0552526551662816e-4
winsfs_b500_w500,49,0.129984071808799,2.0552526216525063e-4
winsfs_b500_w500,50,0.1299840691981813,2.055252589422912e-4
winsfs_b500_w500,51,0.12998406669379012,2.0552525585226743e-4
winsfs_b500_w500,52,0.12998406428492712,2.055252528799643e-4
winsfs_b500_w500,53,0.12998406196894377,2.0552525002373557e-4
winsfs_b500_w500,54,0.12998405974724825,2.0552524728542325e-4
winsfs_b500_w500,55,0.12998405760832646,2.0552524464872104e-4
winsfs_b500_w500,56,0.1299840555545445,2.055252421185996e-4
winsfs_b500_w500,57,0.1299840535794366,2.0552523968628096e-4
winsfs_b500_w500,58,0.1299840516771509,2.0552523734463407e-4
winsfs_b500_w500,59,0.12998404985415163,2.055252351009436e-4
winsfs_b500_w500,60,0.12998404809765002,2.0552523293922856e-4
winsfs_b500_w500,61,0.12998404640681702,2.055252308592504e-4
winsfs_b500_w500,62,0.12998404478251652,2.055252288617547e-4
winsfs_b500_w500,63,0.12998404321981555,2.055252269405937e-4
winsfs_b500_w500,64,0.1299840417175908,2.0552522509454337e-4
winsfs_b500_w500,65,0.1299840402718775,2.0552522331811448e-4
winsfs_b500_w500,66,0.12998403887852644,2.0552522160563255e-4
winsfs_b500_w500,67,0.12998403753761356,2.055252199584243e-4
winsfs_b500_w500,68,0.1299840362515244,2.0552521838043916e-4
winsfs_b500_w500,69,0.12998403500952138,2.0552521685531563e-4
winsfs_b500_w500,70,0.12998403381456772,2.0552521538776252e-4
winsfs_b500_w500,71,0.129984032663027,2.0552521397507585e-4
winsfs_b500_w500,72,0.1299840315587523,2.0552521262031648e-4
winsfs_b500_w500,73,0.12998403048988916,2.055252113087353e-4
winsfs_b500_w500,74,0.12998402946422896,2.0552521005082853e-4
winsfs_b500_w500,75,0.12998402847416657,2.0552520883637188e-4
winsfs_b500_w500,76,0.12998402752298038,2.0552520767041496e-4
winsfs_b500_w500,77,0.12998402660532954,2.055252065457983e-4
winsfs_b500_w500,78,0.12998402572085097,2.0552520546197615e-4
winsfs_b500_w500,79,0.1299840248695651,2.055252044188749e-4
winsfs_b500_w500,80,0.1299840240494419,2.055252034132832e-4
winsfs_b500_w500,81,0.1299840232578974,2.0552520244384017e-4
winsfs_b500_w500,82,0.12998402249815807,2.055252015134158e-4
winsfs_b500_w500,83,0.12998402176167975,2.0552520061096672e-4
winsfs_b500_w500,84,0.12998402105219117,2.0552519974105252e-4
winsfs_b500_w500,85,0.1299840203711579,2.055251989069546e-4
winsfs_b500_w500,86,0.1299840197121228,2.0552519810034773e-4
winsfs_b500_w500,87,0.12998401907684395,2.05525197322718e-4
winsfs_b500_w500,88,0.12998401846366123,2.0552519657113575e-4
winsfs_b500_w500,89,0.12998401787452146,2.055251958504135e-4
winsfs_b500_w500,90,0.12998401730627085,2.0552519515502077e-4
winsfs_b500_w500,91,0.12998401675641028,2.0552519448214035e-4
winsfs_b500_w500,92,0.12998401622638303,2.05525193833011e-4
winsfs_b500_w500,93,0.1299840157169409,2.055251932091414e-4
winsfs_b500_w500,94,0.12998401522099182,2.0552519260153465e-4
winsfs_b500_w500,95,0.12998401474857824,2.0552519202390488e-4
winsfs_b500_w500,96,0.12998401428925435,2.0552519146201431e-4
winsfs_b500_w500,97,0.1299840138449012,2.055251909182521e-4
winsfs_b500_w500,98,0.1299840134178928,2.0552519039659876e-4
winsfs_b500_w500,99,0.12998401300370666,2.055251898886135e-4
winsfs_b500_w500,100,0.12998401260638473,2.055251894020887e-4
winsfs_b500_w500,101,0.1299840122205683,2.055251889303904e-4
winsfs_b500_w500,102,0.12998401184975422,2.055251884770024e-4
winsfs_b500_w500,103,0.12998401149271435,2.055251880399805e-4
winsfs_b500_w500,104,0.12998401114736297,2.0552518761693557e-4
winsfs_b500_w500,105,0.12998401081242345,2.055251872065678e-4
winsfs_b500_w500,106,0.12998401048899005,2.055251868116235e-4
winsfs_b500_w500,107,0.12998401017802902,2.0552518643128468e-4
winsfs_b500_w500,108,0.12998400987693884,2.0552518606245233e-4
winsfs_b500_w500,109,0.12998400958541903,2.0552518570568124e-4
winsfs_b500_w500,110,0.12998400930478304,2.0552518536203623e-4
winsfs_b500_w500,111,0.1299840090345172,2.0552518503102083e-4
winsfs_b500_w500,112,0.12998400877144622,2.0552518470892596e-4
winsfs_b500_w500,113,0.12998400851910677,2.0552518440101e-4
winsfs_b500_w500,114,0.1299840082756552,2.0552518410353704e-4
winsfs_b500_w500,115,0.1299840080376267,2.0552518381177884e-4
winsfs_b500_w500,116,0.12998400780979988,2.0552518353364352e-4
winsfs_b500_w500,117,0.1299840075880559,2.0552518326139453e-4
winsfs_b500_w500,118,0.12998400737542817,2.055251830013721e-4
winsfs_b500_w500,119,0.1299840071690225,2.0552518274850437e-4
winsfs_b500_w500,120,0.12998400696920118,2.055251825040117e-4
winsfs_b500_w500,121,0.12998400677668964,2.0552518226832e-4
winsfs_b500_w500,122,0.12998400659129772,2.055251820414816e-4
winsfs_b500_w500,123,0.12998400641211283,2.0552518182181427e-4
winsfs_b500_w500,124,0.1299840062363955,2.055251816066511e-4
winsfs_b500_w500,125,0.12998400606839408,2.055251814016737e-4
winsfs_b500_w500,126,0.1299840059076629,2.055251812053179e-4
winsfs_b500_w500,127,0.1299840057481512,2.055251810089746e-4
winsfs_b500_w500,128,0.12998400559619624,2.055251808232157e-4
winsfs_b500_w500,129,0.12998400544926017,2.0552518064295892e-4
winsfs_b500_w500,130,0.12998400530527474,2.0552518046665607e-4
winsfs_b500_w500,131,0.12998400516957326,2.0552518030076975e-4
winsfs_b500_w500,132,0.12998400503702828,2.0552518013865895e-4
winsfs_b500_w500,133,0.12998400490813633,2.0552517998067435e-4
winsfs_b500_w500,134,0.12998400478071517,2.0552517982398632e-4
winsfs_b500_w500,135,0.1299840046606826,2.0552517967741953e-4
winsfs_b500_w500,136,0.12998400454462253,2.055251795346828e-4
winsfs_b500_w500,137,0.12998400443144784,2.0552517939611916e-4
winsfs_b500_w500,138,0.12998400432265003,2.0552517926368373e-4
winsfs_b500_w500,139,0.12998400421756748,2.055251791345166e-4
winsfs_b500_w500,140,0.1299840041156036,2.055251790095671e-4
winsfs_b500_w500,141,0.12998400401593693,2.0552517888681765e-4
winsfs_b500_w500,142,0.1299840039207244,2.0552517877040828e-4
winsfs_b500_w500,143,0.12998400382808917,2.0552517865703876e-4
winsfs_b500_w500,144,0.12998400373716176,2.0552517854534016e-4
winsfs_b500_w500,145,0.12998400364977797,2.0552517843806144e-4
winsfs_b500_w500,146,0.12998400356523954,2.055251783348086e-4
winsfs_b500_w500,147,0.12998400348502967,2.0552517823641035e-4
winsfs_b500_w500,148,0.1299840034065805,2.0552517813980615e-4
winsfs_b500_w500,149,0.1299840033296711,2.0552517804614293e-4
winsfs_b500_w500,150,0.12998400325601225,2.0552517795579015e-4
winsfs_b500_w500,151,0.1299840031843151,2.055251778678516e-4
winsfs_b500_w500,152,0.12998400311729008,2.0552517778588575e-4
winsfs_b500_w500,153,0.12998400304817606,2.055251777004644e-4
winsfs_b500_w500,154,0.12998400298230775,2.0552517761976684e-4
winsfs_b500_w500,155,0.12998400292052856,2.0552517754375847e-4
winsfs_b500_w500,156,0.1299840028630958,2.0552517747401177e-4
winsfs_b500_w500,157,0.12998400280209965,2.0552517739878012e-4
winsfs_b500_w500,158,0.12998400274616748,2.055251773303431e-4
winsfs_b500_w500,159,0.12998400268939264,2.0552517726085128e-4
winsfs_b500_w500,160,0.1299840026366102,2.0552517719650223e-4
winsfs_b500_w500,161,0.1299840025817642,2.055251771283959e-4
winsfs_b500_w500,162,0.1299840025331166,2.0552517706882e-4
winsfs_b500_w500,163,0.1299840024844167,2.0552517700892655e-4
winsfs_b500_w500,164,0.12998400243775105,2.0552517695164e-4
winsfs_b500_w500,165,0.1299840023919571,2.055251768956652e-4
winsfs_b500_w500,166,0.12998400234696392,2.05525176840194e-4
winsfs_b500_w500,167,0.1299840023030404,2.0552517678606815e-4
winsfs_b500_w500,168,0.12998400226243978,2.0552517673626044e-4
winsfs_b500_w500,169,0.12998400222483325,2.0552517669058487e-4
winsfs_b500_w500,170,0.12998400218457004,2.055251766406548e-4
winsfs_b500_w500,171,0.12998400214593853,2.05525176593404e-4
winsfs_b500_w500,172,0.12998400211005204,2.0552517654971535e-4
winsfs_b500_w500,173,0.12998400207532615,2.0552517650661149e-4
winsfs_b500_w500,174,0.1299840020386755,2.0552517646132233e-4
winsfs_b500_w500,175,0.12998400200742782,2.0552517642334788e-4
winsfs_b500_w500,176,0.129984001973033,2.055251763808542e-4
winsfs_b500_w500,177,0.12998400194202314,2.0552517634244005e-4
winsfs_b500_w500,178,0.12998400191398385,2.055251763085333e-4
winsfs_b500_w500,179,0.12998400188337156,2.055251762700068e-4
winsfs_b500_w500,180,0.12998400185499231,2.0552517623518996e-4
winsfs_b500_w500,181,0.1299840018276529,2.0552517620168648e-4
winsfs_b500_w500,182,0.12998400179863165,2.0552517616594416e-4
winsfs_b500_w500,183,0.12998400177378874,2.0552517613536752e-4
winsfs_b500_w500,184,0.1299840017484259,2.0552517610475764e-4
winsfs_b500_w500,185,0.12998400172478197,2.055251760754988e-4
winsfs_b500_w500,186,0.12998400170227448,2.05525176048189e-4
winsfs_b500_w500,187,0.12998400167674198,2.05525176016094e-4
winsfs_b500_w500,188,0.1299840016564849,2.055251759919273e-4
winsfs_b500_w500,189,0.1299840016340034,2.0552517596383188e-4
winsfs_b500_w500,190,0.12998400161242135,2.055251759369122e-4
winsfs_b500_w500,191,0.1299840015921431,2.0552517591198932e-4
winsfs_b500_w500,192,0.12998400157444753,2.0552517589169172e-4
winsfs_b500_w500,193,0.12998400155496206,2.0552517586695364e-4
winsfs_b500_w500,194,0.12998400153657758,2.055251758443977e-4
winsfs_b500_w500,195,0.12998400151919243,2.05525175823417e-4
winsfs_b500_w500,196,0.12998400150124229,2.0552517580082452e-4
winsfs_b500_w500,197,0.129984001483504,2.0552517577875513e-4
winsfs_b500_w500,198,0.12998400146639744,2.055251757576976e-4
winsfs_b500_w500,199,0.12998400145104871,2.0552517573921435e-4
winsfs_b500_w500,200,0.12998400143451994,2.0552517571817305e-4
winsfs_b500_w500,201,0.12998400142069977,2.0552517570140616e-4
winsfs_b500_w500,202,0.1299840014071468,2.055251756848912e-4
winsfs_b500_w500,203,0.1299840013912599,2.05525175664998e-4
winsfs_b500_w500,204,0.12998400137798743,2.0552517564813457e-4
winsfs_b500_w500,205,0.12998400136399932,2.055251756318224e-4
winsfs_b500_w500,206,0.12998400135343074,2.0552517561865923e-4
winsfs_b500_w500,207,0.1299840013422558,2.0552517560631808e-4
winsfs_b500_w500,208,0.12998400133021332,2.055251755904449e-4
winsfs_b500_w500,209,0.12998400131540136,2.055251755715333e-4
winsfs_b500_w500,210,0.12998400130426777,2.0552517555861652e-4
winsfs_b500_w500,211,0.12998400129348425,2.055251755447969e-4
winsfs_b500_w500,212,0.12998400128236712,2.055251755307429e-4
winsfs_b500_w500,213,0.12998400127209178,2.0552517551867077e-4
winsfs_b500_w500,214,0.12998400126230228,2.0552517550673623e-4
winsfs_b500_w500,215,0.12998400125198095,2.0552517549402924e-4
winsfs_b500_w500,216,0.12998400124301637,2.0552517548289503e-4
winsfs_b500_w500,217,0.1299840012340081,2.0552517547196765e-4
winsfs_b500_w500,218,0.12998400122564005,2.055251754615298e-4
winsfs_b500_w500,219,0.12998400121624137,2.05525175449814e-4
winsfs_b500_w500,220,0.1299840012079913,2.0552517543971237e-4
winsfs_b500_w500,221,0.12998400119912265,2.05525175429034e-4
winsfs_b500_w500,222,0.12998400119170217,2.0552517541978695e-4
winsfs_b500_w500,223,0.12998400118356973,2.0552517540977912e-4
winsfs_b500_w500,224,0.1299840011757516,2.0552517540004984e-4
winsfs_b500_w500,225,0.12998400116965092,2.0552517539227123e-4
winsfs_b500_w500,226,0.12998400116272577,2.0552517538407556e-4
winsfs_b500_w500,227,0.12998400115500547,2.0552517537395396e-4
winsfs_b500_w500,228,0.1299840011479659,2.055251753657391e-4
winsfs_b500_w500,229,0.1299840011425698,2.055251753585783e-4
winsfs_b500_w500,230,0.12998400113349595,2.0552517534762696e-4
winsfs_b500_w500,231,0.12998400112781436,2.055251753403908e-4
winsfs_b500_w500,232,0.1299840011239085,2.0552517533594384e-4
winsfs_b500_w500,233,0.1299840011169218,2.0552517532671107e-4
winsfs_b500_w500,234,0.12998400111222513,2.0552517532159196e-4
winsfs_b500_w500,235,0.12998400110796726,2.0552517531609695e-4
winsfs_b500_w500,236,0.12998400110182498,2.055251753087188e-4
winsfs_b500_w500,237,0.12998400109542294,2.055251752998917e-4
winsfs_b500_w500,238,0.12998400109210628,2.055251752966286e-4
winsfs_b500_w500,239,0.12998400108762728,2.0552517529212751e-4
winsfs_b500_w500,240,0.12998400108220953,2.055251752848747e-4
winsfs_b500_w500,241,0.12998400107631536,2.055251752766646e-4
winsfs_b500_w500,242,0.12998400107257654,2.0552517527292505e-4
winsfs_b500_w500,243,0.12998400106712227,2.055251752653376e-4
winsfs_b500_w500,244,0.12998400106386787,2.0552517526199247e-4
winsfs_b500_w500,245,0.12998400105953625,2.0552517525629935e-4
winsfs_b500_w500,246,0.12998400105366634,2.0552517524838129e-4
winsfs_b500_w500,247,0.12998400105194485,2.055251752466687e-4
winsfs_b500_w500,248,0.12998400104701732,2.0552517524105747e-4
winsfs_b500_w500,249,0.12998400104410238,2.0552517523708387e-4
winsfs_b500_w500,250,0.1299840010406295,2.0552517523278143e-4
winsfs_b500_w500,251,0.12998400103807886,2.055251752302744e-4
winsfs_b500_w500,252,0.12998400103458402,2.0552517522585257e-4
winsfs_b500_w500,253,0.1299840010319081,2.0552517522198028e-4
winsfs_b500_w500,254,0.12998400102847468,2.0552517521803932e-4
winsfs_b500_w500,255,0.12998400102444735,2.0552517521262777e-4
winsfs_b500_w500,256,0.12998400102222962,2.055251752104116e-4
winsfs_b500_w500,257,0.1299840010200213,2.0552517520828085e-4
winsfs_b500_w500,258,0.12998400101461985,2.0552517520079755e-4
winsfs_b500_w500,259,0.12998400101237728,2.055251751980174e-4
winsfs_b500_w500,260,0.1299840010112236,2.0552517519704708e-4
winsfs_b500_w500,261,0.1299840010102446,2.055251751959418e-4
winsfs_b500_w500,262,0.129984001005008,2.055251751888438e-4
winsfs_b500_w500,263,0.12998400100457538,2.055251751885642e-4
winsfs_b500_w500,264,0.12998400100055632,2.0552517518404524e-4
winsfs_b500_w500,265,0.12998400100091115,2.055251751847997e-4
winsfs_b500_w500,266,0.12998400099807525,2.0552517518038872e-4
winsfs_b500_w500,267,0.1299840009958614,2.0552517517775928e-4
winsfs_b500_w500,268,0.12998400099275273,2.0552517517429623e-4
winsfs_b500_w500,269,0.12998400099022409,2.0552517516999493e-4
winsfs_b500_w500,270,0.12998400099038238,2.0552517517110456e-4
winsfs_b500_w500,271,0.12998400098871363,2.055251751693709e-4
winsfs_b500_w500,272,0.1299840009867693,2.0552517516673132e-4
winsfs_b500_w500,273,0.12998400098411736,2.0552517516351916e-4
winsfs_b500_w500,274,0.12998400098176735,2.0552517516038256e-4
winsfs_b500_w500,275,0.1299840009804839,2.0552517515838616e-4
winsfs_b500_w500,276,0.12998400097952673,2.0552517515787415e-4
winsfs_b500_w500,277,0.12998400097737164,2.0552517515520257e-4
winsfs_b500_w500,278,0.12998400097606178,2.055251751532988e-4
winsfs_b500_w500,279,0.1299840009745807,2.055251751517234e-4
winsfs_b500_w500,280,0.1299840009722739,2.0552517514868475e-4
winsfs_b500_w500,281,0.1299840009705068,2.0552517514610963e-4
winsfs_b500_w500,282,0.12998400096988422,2.0552517514569688e-4
winsfs_b500_w500,283,0.1299840009677605,2.0552517514350237e-4
winsfs_b500_w500,284,0.1299840009664874,2.0552517514277444e-4
winsfs_b500_w500,285,0.12998400096481516,2.0552517513943935e-4
winsfs_b500_w500,286,0.12998400096468077,2.055251751394082e-4
winsfs_b500_w500,287,0.1299840009638729,2.055251751383913e-4
winsfs_b500_w500,288,0.12998400096194848,2.0552517513589016e-4
winsfs_b500_w500,289,0.12998400096194762,2.055251751364017e-4
winsfs_b500_w500,290,0.12998400095928414,2.0552517513240616e-4
winsfs_b500_w500,291,0.1299840009586396,2.0552517513283008e-4
winsfs_b500_w500,292,0.12998400095736196,2.055251751300608e-4
winsfs_b500_w500,293,0.1299840009569534,2.055251751307806e-4
winsfs_b500_w500,294,0.12998400095558585,2.055251751282752e-4
winsfs_b500_w500,295,0.12998400095509702,2.0552517512791203e-4
winsfs_b500_w500,296,0.12998400095325263,2.0552517512547285e-4
winsfs_b500_w500,297,0.12998400095340726,2.055251751259971e-4
winsfs_b500_w500,298,0.1299840009520182,2.0552517512391935e-4
winsfs_b500_w500,299,0.1299840009514117,2.055251751234085e-4
winsfs_b500_w500,300,0.12998400094951515,2.0552517512066745e-4
winsfs_b500_w500,301,0.12998400094940094,2.0552517512132689e-4
winsfs_b500_w500,302,0.12998400094803242,2.0552517511946225e-4
winsfs_b500_w500,303,0.12998400094843743,2.0552517511988696e-4
winsfs_b500_w500,304,0.12998400094666504,2.055251751172417e-4
winsfs_b500_w500,305,0.12998400094667015,2.0552517511762463e-4
winsfs_b500_w500,306,0.12998400094662524,2.055251751176653e-4
winsfs_b500_w500,307,0.12998400094468865,2.0552517511421707e-4
winsfs_b500_w500,308,0.12998400094318624,2.0552517511272217e-4
winsfs_b500_w500,309,0.12998400094443835,2.0552517511480167e-4
winsfs_b500_w500,310,0.12998400094382817,2.0552517511426545e-4
winsfs_b500_w500,311,0.12998400094381254,2.0552517511348417e-4
winsfs_b500_w500,312,0.12998400094207258,2.055251751119356e-4
winsfs_b500_w500,313,0.12998400093989154,2.055251751083689e-4
winsfs_b500_w500,314,0.12998400094015117,2.0552517510902783e-4
winsfs_b500_w500,315,0.12998400094034318,2.0552517510932008e-4
winsfs_b500_w500,316,0.12998400093968196,2.055251751089554e-4
winsfs_b500_w500,317,0.1299840009384952,2.0552517510768396e-4
winsfs_b500_w500,318,0.1299840009382016,2.0552517510701845e-4
winsfs_b500_w500,319,0.1299840009382211,2.055251751073141e-4
winsfs_b500_w500,320,0.12998400093726822,2.055251751059617e-4
winsfs_b500_w500,321,0.12998400093681703,2.055251751047637e-4
winsfs_b500_w500,322,0.12998400093611945,2.0552517510454867e-4
winsfs_b500_w500,323,0.129984000934984,2.055251751024101e-4
winsfs_b500_w500,324,0.12998400093553636,2.0552517510368488e-4
winsfs_b500_w500,325,0.1299840009349542,2.0552517510281324e-4
winsfs_b500_w500,326,0.1299840009339738,2.055251751018173e-4
winsfs_b500_w500,327,0.12998400093575418,2.0552517510498452e-4
winsfs_b500_w500,328,0.1299840009330193,2.055251751007991e-4
winsfs_b500_w500,329,0.1299840009328904,2.055251750996407e-4
winsfs_b500_w500,330,0.1299840009315599,2.055251750987552e-4
winsfs_b500_w500,331,0.12998400093283208,2.0552517510050072e-4
winsfs_b500_w500,332,0.1299840009313402,2.0552517509831995e-4
winsfs_b500_w500,333,0.12998400093079154,2.0552517509757576e-4
winsfs_b500_w500,334,0.12998400093142728,2.055251750984404e-4
winsfs_b500_w500,335,0.12998400093089835,2.0552517509796824e-4
winsfs_b500_w500,336,0.12998400093007131,2.0552517509745855e-4
winsfs_b500_w500,337,0.12998400093034504,2.0552517509731425e-4
winsfs_b500_w500,338,0.1299840009294706,2.0552517509610265e-4
winsfs_b500_w500,339,0.12998400092821227,2.0552517509422983e-4
winsfs_b500_w500,340,0.12998400092711024,2.055251750927436e-4
winsfs_b500_w500,341,0.12998400092727214,2.0552517509276193e-4
winsfs_b500_w500,342,0.1299840009274561,2.0552517509289623e-4
winsfs_b500_w500,343,0.12998400092793266,2.055251750942292e-4
winsfs_b500_w500,344,0.1299840009275387,2.055251750931761e-4
winsfs_b500_w500,345,0.12998400092741677,2.0552517509316284e-4
winsfs_b500_w500,346,0.1299840009283588,2.0552517509578788e-4
winsfs_b500_w500,347,0.12998400092861373,2.055251750954017e-4
winsfs_b500_w500,348,0.12998400092745202,2.055251750929181e-4
winsfs_b500_w500,349,0.1299840009261083,2.055251750917449e-4
winsfs_b500_w500,350,0.1299840009263968,2.0552517509208004e-4
winsfs_b500_w500,351,0.12998400092680715,2.0552517509277285e-4
winsfs_b500_w500,352,0.12998400092661216,2.055251750925449e-4
winsfs_b500_w500,353,0.1299840009251024,2.055251750901856e-4
winsfs_b500_w500,354,0.1299840009262794,2.055251750918715e-4
winsfs_b500_w500,355,0.1299840009262968,2.055251750927293e-4
winsfs_b500_w500,356,0.1299840009237063,2.0552517508851855e-4
winsfs_b500_w500,357,0.12998400092560544,2.0552517509098972e-4
winsfs_b500_w500,358,0.12998400092490622,2.0552517509065695e-4
winsfs_b500_w500,359,0.1299840009239418,2.055251750898922e-4
winsfs_b500_w500,360,0.12998400092413953,2.0552517508945015e-4
winsfs_b500_w500,361,0.12998400092437448,2.0552517508928736e-4
winsfs_b500_w500,362,0.12998400092419596,2.0552517508967209e-4
winsfs_b500_w500,363,0.12998400092382176,2.055251750883296e-4
winsfs_b500_w500,364,0.12998400092359289,2.0552517508883085e-4
winsfs_b500_w500,365,0.12998400092354015,2.0552517508863488e-4
winsfs_b500_w500,366,0.1299840009230505,2.0552517508755385e-4
winsfs_b500_w500,367,0.12998400092294435,2.0552517508763248e-4
winsfs_b500_w500,368,0.1299840009230368,2.0552517508861556e-4
winsfs_b500_w500,369,0.12998400092199175,2.0552517508668627e-4
winsfs_b500_w500,370,0.12998400092269383,2.0552517508824037e-4
winsfs_b500_w500,371,0.12998400092135154,2.0552517508628815e-4
winsfs_b500_w500,372,0.129984000921725,2.0552517508609744e-4
winsfs_b500_w500,373,0.12998400092256449,2.055251750877267e-4
winsfs_b500_w500,374,0.12998400092308093,2.05525175088452e-4
winsfs_b500_w500,375,0.12998400092278717,2.0552517508811677e-4
winsfs_b500_w500,376,0.12998400092208948,2.0552517508729115e-4
winsfs_b500_w500,377,0.12998400092156023,2.0552517508559928e-4
winsfs_b500_w500,378,0.1299840009213771,2.0552517508668885e-4
winsfs_b500_w500,379,0.12998400092030787,2.055251750846098e-4
winsfs_b500_w500,380,0.1299840009202588,2.0552517508416849e-4
winsfs_b500_w500,381,0.12998400091964055,2.0552517508356456e-4
winsfs_b500_w500,382,0.12998400092089693,2.055251750854542e-4
winsfs_b500_w500,383,0.1299840009200133,2.0552517508398916e-4
winsfs_b500_w500,384,0.12998400091982631,2.055251750844077e-4
winsfs_b500_w500,385,0.1299840009201135,2.0552517508470725e-4
winsfs_b500_w500,386,0.1299840009203394,2.0552517508453928e-4
winsfs_b500_w500,387,0.1299840009215407,2.055251750867674e-4
winsfs_b500_w500,388,0.12998400092071322,2.0552517508553065e-4
winsfs_b500_w500,389,0.1299840009204457,2.05525175084944e-4
winsfs_b500_w500,390,0.12998400092150902,2.055251750862821e-4
winsfs_b500_w500,391,0.12998400092027085,2.0552517508483137e-4
winsfs_b500_w500,392,0.12998400091980158,2.0552517508382325e-4
winsfs_b500_w500,393,0.1299840009202612,2.055251750848076e-4
winsfs_b500_w500,394,0.12998400091919146,2.0552517508234567e-4
winsfs_b500_w500,395,0.12998400091870468,2.055251750822331e-4
winsfs_b500_w500,396,0.129984000919682,2.0552517508338388e-4
winsfs_b500_w500,397,0.1299840009188008,2.0552517508264724e-4
winsfs_b500_w500,398,0.12998400091983703,2.0552517508393365e-4
winsfs_b500_w500,399,0.12998400091986329,2.055251750840974e-4
winsfs_b500_w500,400,0.1299840009202188,2.0552517508494125e-4
winsfs_b500_w500,401,0.12998400091911863,2.0552517508326063e-4
winsfs_b500_w500,402,0.1299840009196423,2.055251750835354e-4
winsfs_b500_w500,403,0.1299840009187879,2.0552517508291068e-4
winsfs_b500_w500,404,0.12998400091792467,2.055251750808132e-4
winsfs_b500_w500,405,0.12998400091766996,2.0552517508182496e-4
winsfs_b500_w500,406,0.12998400091991447,2.055251750849684e-4
winsfs_b500_w500,407,0.12998400091900428,2.0552517508298584e-4
winsfs_b500_w500,408,0.12998400091823223,2.0552517508140168e-4
winsfs_b500_w500,409,0.12998400091808518,2.0552517508177188e-4
winsfs_b500_w500,410,0.12998400091892676,2.0552517508303696e-4
winsfs_b500_w500,411,0.1299840009193422,2.0552517508425793e-4
winsfs_b500_w500,412,0.12998400091899365,2.0552517508297096e-4
winsfs_b500_w500,413,0.12998400092014617,2.0552517508467763e-4
winsfs_b500_w500,414,0.12998400091955373,2.055251750839431e-4
winsfs_b500_w500,415,0.12998400091943907,2.0552517508371271e-4
winsfs_b500_w500,416,0.1299840009197122,2.0552517508436185e-4
winsfs_b500_w500,417,0.1299840009192292,2.0552517508302457e-4
winsfs_b500_w500,418,0.1299840009193677,2.0552517508377484e-4
winsfs_b500_w500,419,0.12998400091970216,2.055251750838613e-4
winsfs_b500_w500,420,0.12998400091994158,2.055251750845857e-4
winsfs_b500_w500,421,0.12998400091895426,2.055251750827161e-4
winsfs_b500_w500,422,0.12998400092004295,2.0552517508458392e-4
winsfs_b500_w500,423,0.1299840009209686,2.055251750863957e-4
winsfs_b500_w500,424,0.12998400092020596,2.0552517508523984e-4
winsfs_b500_w500,425,0.12998400092040852,2.05525175085676e-4
winsfs_b500_w500,426,0.12998400092047055,2.055251750854369e-4
winsfs_b500_w500,427,0.12998400092016682,2.0552517508557407e-4
winsfs_b500_w500,428,0.12998400091978718,2.0552517508407484e-4
winsfs_b500_w500,429,0.129984000920606,2.055251750857295e-4
winsfs_b500_w500,430,0.12998400091921897,2.0552517508321707e-4
winsfs_b500_w500,431,0.1299840009198064,2.055251750842685e-4
winsfs_b500_w500,432,0.1299840009199255,2.0552517508448605e-4
winsfs_b500_w500,433,0.12998400091942588,2.055251750833345e-4
winsfs_b500_w500,434,0.12998400091945053,2.0552517508384976e-4
winsfs_b500_w500,435,0.12998400091890813,2.055251750831325e-4
winsfs_b500_w500,436,0.12998400091880896,2.0552517508265768e-4
winsfs_b500_w500,437,0.1299840009178018,2.055251750811519e-4
winsfs_b500_w500,438,0.12998400091952697,2.0552517508379232e-4
winsfs_b500_w500,439,0.1299840009184588,2.055251750821375e-4
winsfs_b500_w500,440,0.12998400091794574,2.055251750816798e-4
winsfs_b500_w500,441,0.12998400091885431,2.055251750833091e-4
winsfs_b500_w500,442,0.12998400091914897,2.0552517508313353e-4
winsfs_b500_w500,443,0.1299840009188113,2.0552517508255747e-4
winsfs_b500_w500,444,0.1299840009170558,2.0552517507959337e-4
winsfs_b500_w500,445,0.12998400091851428,2.0552517508261875e-4
winsfs_b500_w500,446,0.12998400091878548,2.0552517508330305e-4
winsfs_b500_w500,447,0.1299840009176747,2.0552517508128144e-4
winsfs_b500_w500,448,0.12998400091786216,2.055251750813735e-4
winsfs_b500_w500,449,0.12998400091795606,2.0552517508150585e-4
winsfs_b500_w500,450,0.12998400091839854,2.0552517508200304e-4
winsfs_b500_w500,451,0.1299840009183221,2.0552517508224075e-4
winsfs_b500_w500,452,0.129984000918561,2.0552517508249272e-4
winsfs_b500_w500,453,0.12998400091789503,2.0552517508146467e-4
winsfs_b500_w500,454,0.129984000918738,2.0552517508299812e-4
winsfs_b500_w500,455,0.1299840009178577,2.055251750814608e-4
winsfs_b500_w500,456,0.1299840009177057,2.0552517508135184e-4
winsfs_b500_w500,457,0.1299840009173319,2.0552517508104612e-4
winsfs_b500_w500,458,0.12998400091820037,2.0552517508193392e-4
winsfs_b500_w500,459,0.1299840009182609,2.0552517508231352e-4
winsfs_b500_w500,460,0.12998400091803297,2.0552517508174223e-4
winsfs_b500_w500,461,0.12998400091819945,2.055251750817783e-4
winsfs_b500_w500,462,0.12998400091715565,2.0552517508022971e-4
winsfs_b500_w500,463,0.1299840009173291,2.0552517508056224e-4
winsfs_b500_w500,464,0.1299840009172058,2.05525175080858e-4
winsfs_b500_w500,465,0.12998400091687107,0.00020552517507980511
winsfs_b500_w500,466,0.12998400091775744,2.0552517508114072e-4
winsfs_b500_w500,467,0.12998400091752513,2.0552517508103403e-4
winsfs_b500_w500,468,0.12998400091691123,2.0552517508031016e-4
winsfs_b500_w500,469,0.12998400091687923,2.055251750799964e-4
winsfs_b500_w500,470,0.12998400091741183,2.0552517508060336e-4
winsfs_b500_w500,471,0.12998400091761572,2.05525175081311e-4
winsfs_b500_w500,472,0.1299840009172482,2.0552517508068817e-4
winsfs_b500_w500,473,0.12998400091703505,2.055251750802168e-4
winsfs_b500_w500,474,0.12998400091715917,2.0552517508074737e-4
winsfs_b500_w500,475,0.1299840009179851,2.0552517508166569e-4
winsfs_b500_w500,476,0.12998400091768306,2.055251750813408e-4
winsfs_b500_w500,477,0.12998400091754247,2.055251750804676e-4
winsfs_b500_w500,478,0.12998400091715187,2.0552517508049616e-4
winsfs_b500_w500,479,0.12998400091757323,2.0552517508121273e-4
winsfs_b500_w500,480,0.1299840009173367,2.0552517508132953e-4
winsfs_b500_w500,481,0.12998400091718632,2.0552517508049009e-4
winsfs_b500_w500,482,0.1299840009179053,2.055251750819416e-4
winsfs_b500_w500,483,0.12998400091755177,2.055251750812592e-4
winsfs_b500_w500,484,0.12998400091767406,2.055251750815876e-4
winsfs_b500_w500,485,0.1299840009178016,2.0552517508158985e-4
winsfs_b500_w500,486,0.12998400091742487,2.055251750811121e-4
winsfs_b500_w500,487,0.12998400091636153,2.0552517507934132e-4
winsfs_b500_w500,488,0.12998400091567455,2.0552517507836708e-4
winsfs_b500_w500,489,0.12998400091632242,2.0552517507916936e-4
winsfs_b500_w500,490,0.1299840009167877,2.0552517508017957e-4
winsfs_b500_w500,491,0.12998400091623308,2.055251750795994e-4
winsfs_b500_w500,492,0.12998400091718643,2.055251750805045e-4
winsfs_b500_w500,493,0.12998400091661258,2.055251750795853e-4
winsfs_b500_w500,494,0.12998400091667375,2.055251750803628e-4
winsfs_b500_w500,495,0.12998400091704504,2.0552517508075571e-4
winsfs_b500_w500,496,0.1299840009178665,2.0552517508188656e-4
winsfs_b500_w500,497,0.1299840009177897,2.0552517508166468e-4
winsfs_b500_w500,498,0.12998400091758824,2.0552517508071053e-4
winsfs_b500_w500,499,0.12998400091741788,2.055251750816293e-4
winsfs_b500_w500,500,0.1299840009172578,2.055251750807667e-4
stream_winsfs_b500_w100,1,0.13002613110432737,2.0573359485423045e-4
stream_winsfs_b500_w100,2,0.13002921678301543,2.057321893446902e-4
stream_winsfs_b500_w100,3,0.13002905838311302,2.0573195501776627e-4
stream_winsfs_b500_w100,4,0.13002891970487457,2.057317714414624e-4
stream_winsfs_b500_w100,5,0.13002881990902018,2.0573164149620887e-4
stream_winsfs_b500_w100,6,0.13002874863008138,2.0573154984947917e-4
stream_winsfs_b500_w100,7,0.13002869701527492,2.0573148428387923e-4
stream_winsfs_b500_w100,8,0.13002865914107864,2.0573143671994055e-4
stream_winsfs_b500_w100,9,0.13002863106182064,2.057314018287301e-4
stream_winsfs_b500_w100,10,0.13002861007526095,2.0573137600426487e-4
stream_winsfs_b500_w250,1,0.12936166966760257,2.0562125061290376e-4
stream_winsfs_b500_w250,2,0.12992346953253442,2.0557034144293976e-4
stream_winsfs_b500_w250,3,0.12993282219977942,2.0556730224810827e-4
stream_winsfs_b500_w250,4,0.1299333509925199,2.055672115164142e-4
stream_winsfs_b500_w250,5,0.12993344314937966,2.05567251124487e-4
stream_winsfs_b500_w250,6,0.12993347082823828,2.0556727031987895e-4
stream_winsfs_b500_w250,7,0.1299334773716297,2.0556727239875804e-4
stream_winsfs_b500_w250,8,0.12993347452809847,2.0556726526962436e-4
stream_winsfs_b500_w250,9,0.12993346727184196,2.0556725372904735e-4
stream_winsfs_b500_w250,10,0.12993345805016057,2.055672403773389e-4
stream_winsfs_b500_w500,1,0.12503874855938094,2.0682812136983903e-4
stream_winsfs_b500_w500,2,0.1296397135122323,2.05605877384331e-4
stream_winsfs_b500_w500,3,0.1299472242934101,2.055856752120145e-4
stream_winsfs_b500_w500,4,0.1299819892927534,2.0557938149156423e-4
stream_winsfs_b500_w500,5,0.1299872569038307,2.0557759755904283e-4
stream_winsfs_b500_w500,6,0.12998832505992983,2.055771970328972e-4
stream_winsfs_b500_w500,7,0.1299886114604733,2.0557712779489652e-4
stream_winsfs_b500_w500,8,0.1299887094934229,2.0557712789020675e-4
stream_winsfs_b500_w500,9,0.12998874892217527,2.0557713675389312e-4
stream_winsfs_b500_w500,10,0.1299887649793028,2.0557714153515445e-4
