method,model,j,i,residual
realsfs,second,0,0,6651057.010614469
realsfs,second,0,1,89.22938086238175
realsfs,second,0,2,-190.6785450567371
realsfs,second,0,3,26.70300223547506
realsfs,second,0,4,36.36071400282152
realsfs,second,0,5,-10.35563855048455
realsfs,second,0,6,19.95576544940761
realsfs,second,0,7,12.91964018949896
realsfs,second,0,8,-15.21369161559034
realsfs,second,0,9,1.65996416006172
realsfs,second,0,10,-8.604744353609282
realsfs,second,0,11,14.6035808196164
realsfs,second,0,12,-4.516702599984385
realsfs,second,0,13,7.509837547034917
realsfs,second,0,14,12.23446367151617
realsfs,second,0,15,15.50574370629724
realsfs,second,0,16,11.12919968365529
realsfs,second,1,0,-1.704072071697045
realsfs,second,1,1,-44.85980390229368
realsfs,second,1,2,-31.58596914887182
realsfs,second,1,3,-10.01761412419531
realsfs,second,1,4,-7.879168917095802
realsfs,second,1,5,-11.18578935426465
realsfs,second,1,6,-21.51311733454308
realsfs,second,1,7,-7.16521766627044
realsfs,second,1,8,-40.70873224555346
realsfs,second,1,9,5.022580665916445
realsfs,second,1,10,-34.44696113687224
realsfs,second,1,11,-6.012618896442438
realsfs,second,1,12,-13.13085410720793
realsfs,second,1,13,-10.91545605874277
realsfs,second,1,14,-3.188723206094415
realsfs,second,1,15,4.668744078534719
realsfs,second,1,16,-8.010784590967134
realsfs,second,2,0,-87.16851511778687
realsfs,second,2,1,-37.17486077304173
realsfs,second,2,2,-2.854711200634886
realsfs,second,2,3,0.8070303987808671
realsfs,second,2,4,1.683849359479542
realsfs,second,2,5,-4.663705331803627
realsfs,second,2,6,6.444345651768244
realsfs,second,2,7,-19.96401274867129
realsfs,second,2,8,9.743709374563648
realsfs,second,2,9,-18.5430041200086
realsfs,second,2,10,-4.736429982431329
realsfs,second,2,11,-19.89352204571756
realsfs,second,2,12,-1.326001846687838
realsfs,second,2,13,-16.634857446775
realsfs,second,2,14,1.278232143910115
realsfs,second,2,15,6.180103730989214
realsfs,second,2,16,-4.386229083629353
realsfs,second,3,0,-12.67907519052633
realsfs,second,3,1,3.359168663752333
realsfs,second,3,2,7.772955428973245
realsfs,second,3,3,15.92008814296782
realsfs,second,3,4,-1.105562911172193
realsfs,second,3,5,3.879948507922098
realsfs,second,3,6,3.425304964708915
realsfs,second,3,7,3.175266468452833
realsfs,second,3,8,-44.46956639109852
realsfs,second,3,9,32.9779172426779
realsfs,second,3,10,-24.90301252798367
realsfs,second,3,11,-8.076187510178897
realsfs,second,3,12,-1.025695773934235
realsfs,second,3,13,-10.8754602575829
realsfs,second,3,14,4.262020765322336
realsfs,second,3,15,12.18253685132246
realsfs,second,3,16,-0.008053935986662592
realsfs,second,4,0,26.61086275429119
realsfs,second,4,1,20.76484395468671
realsfs,second,4,2,12.56252765801312
realsfs,second,4,3,-12.50706156441277
realsfs,second,4,4,25.88527608237622
realsfs,second,4,5,-16.54252843412442
realsfs,second,4,6,-18.53954168189829
realsfs,second,4,7,25.1388291902595
realsfs,second,4,8,18.74585447968606
realsfs,second,4,9,-35.02847872235548
realsfs,second,4,10,-6.123356326862349
realsfs,second,4,11,11.44826907237917
realsfs,second,4,12,-25.48691380356257
realsfs,second,4,13,0.842285191421977
realsfs,second,4,14,-17.54042714965063
realsfs,second,4,15,13.42720582029217
realsfs,second,4,16,-1.077040475668857
realsfs,second,5,0,20.90148790905667
realsfs,second,5,1,28.77713877504545
realsfs,second,5,2,14.32386332347308
realsfs,second,5,3,36.07279897533986
realsfs,second,5,4,-39.60113236786427
realsfs,second,5,5,36.0784881353681
realsfs,second,5,6,4.938487900083581
realsfs,second,5,7,-31.59525800312892
realsfs,second,5,8,-18.00884587612159
realsfs,second,5,9,43.92569994064608
realsfs,second,5,10,-4.522567358505969
realsfs,second,5,11,-10.59835422207306
realsfs,second,5,12,8.575827507038495
realsfs,second,5,13,12.92905611786623
realsfs,second,5,14,20.27031282858633
realsfs,second,5,15,6.569986885886957
realsfs,second,6,0,32.08860835136316
realsfs,second,6,1,52.43799392840839
realsfs,second,6,2,1.630661396306848
realsfs,second,6,3,-33.25289188161636
realsfs,second,6,4,39.11614453119309
realsfs,second,6,5,-22.95597051402147
realsfs,second,6,6,2.25929869829369
realsfs,second,6,7,-4.679621921277088
realsfs,second,6,8,63.48631066192034
realsfs,second,6,9,-43.95789821112027
realsfs,second,6,10,-5.227860431158582
realsfs,second,6,11,2.686423750458967
realsfs,second,6,12,-3.582182655194208
realsfs,second,6,13,1.291629047243057
realsfs,second,6,14,-5.505788364324334
realsfs,second,7,0,-1.958223844702119
realsfs,second,7,1,7.011123549565371
realsfs,second,7,2,58.40820798210336
realsfs,second,7,3,36.64922178060073
realsfs,second,7,4,-16.51327065649977
realsfs,second,7,5,12.84972943561963
realsfs,second,7,6,21.5324407938167
realsfs,second,7,7,38.11666837385378
realsfs,second,7,8,-54.30299096044478
realsfs,second,7,9,50.49383574596468
realsfs,second,7,10,-11.26721473607824
realsfs,second,7,11,-16.86759844246121
realsfs,second,7,12,8.919699862633685
realsfs,second,7,13,0.8894717679065577
realsfs,second,8,0,54.15348376356563
realsfs,second,8,1,68.01027918984202
realsfs,second,8,2,-29.24466583700338
realsfs,second,8,3,-21.75888019512539
realsfs,second,8,4,9.67069719317362
realsfs,second,8,5,-18.06202292469747
realsfs,second,8,6,-43.33820975782564
realsfs,second,8,7,-3.407930869801564
realsfs,second,8,8,34.99145323232774
realsfs,second,8,9,-27.79669141435686
realsfs,second,8,10,1.592228885607233
realsfs,second,8,11,57.3832836937775
realsfs,second,8,12,-22.1424080488086
realsfs,second,9,0,-7.394732047978501
realsfs,second,9,1,4.734659093213399
realsfs,second,9,2,45.22269269351463
realsfs,second,9,3,33.05758983662039
realsfs,second,9,4,-21.49641512839996
realsfs,second,9,5,23.28100536599482
realsfs,second,9,6,13.95708903616718
realsfs,second,9,7,-8.77615165770448
realsfs,second,9,8,-8.62205309755635
realsfs,second,9,9,7.552687130412336
realsfs,second,9,10,-12.12088655638615
realsfs,second,9,11,-22.39519528005691
realsfs,second,10,0,44.66975140656156
realsfs,second,10,1,37.88098887097446
realsfs,second,10,2,-1.067640915443011
realsfs,second,10,3,-21.50464743552107
realsfs,second,10,4,5.160472998613979
realsfs,second,10,5,17.05189707874237
realsfs,second,10,6,1.258499302251089
realsfs,second,10,7,0.03936873580423073
realsfs,second,10,8,-18.17054465194911
realsfs,second,10,9,2.825590693272753
realsfs,second,10,10,-1.680562402934655
realsfs,second,11,0,2.616808438059376
realsfs,second,11,1,37.38293628961137
realsfs,second,11,2,5.576135178010694
realsfs,second,11,3,7.625683599232413
realsfs,second,11,4,50.95541413809079
realsfs,second,11,5,-12.94886519814911
realsfs,second,11,6,-21.87711696879312
realsfs,second,11,7,9.514230960965143
realsfs,second,11,8,27.75945771436547
realsfs,second,11,9,-16.63520937727784
realsfs,second,12,0,34.25913905066916
realsfs,second,12,1,21.2395193277409
realsfs,second,12,2,39.82892214888044
realsfs,second,12,3,21.50298061215639
realsfs,second,12,4,-36.24354809577084
realsfs,second,12,5,1.071275351512806
realsfs,second,12,6,2.370419857410891
realsfs,second,12,7,11.93079412368717
realsfs,second,12,8,-18.52749516759646
realsfs,second,13,0,-20.15964130144341
realsfs,second,13,1,18.56697707218325
realsfs,second,13,2,3.44775891322719
realsfs,second,13,3,-13.50253655518728
realsfs,second,13,4,26.26432406219813
realsfs,second,13,5,0.8864362205958002
realsfs,second,13,6,19.65879319409763
realsfs,second,13,7,-16.63520937727782
realsfs,second,14,0,58.83244678859285
realsfs,second,14,1,43.78045805449803
realsfs,second,14,2,9.020737270319692
realsfs,second,14,3,35.34514353081913
realsfs,second,14,4,-8.794542612624328
realsfs,second,14,5,7.165051301844778
realsfs,second,14,6,-1.680562402934655
realsfs,second,15,0,-9.841963255039465
realsfs,second,15,1,4.456656332091369
realsfs,second,15,2,30.59964430674755
realsfs,second,15,3,-21.75261644397336
realsfs,second,15,4,10.50196953243296
realsfs,second,15,5,-22.39519528005691
realsfs,second,16,0,9.65085220602642
realsfs,second,16,1,56.2450147251765
realsfs,second,16,2,1.770459912202945
realsfs,second,16,3,30.05416447289966
realsfs,second,16,4,-22.1424080488086
realsfs,second,17,0,17.39401544594583
realsfs,second,17,1,-13.57273748541073
realsfs,second,17,2,23.08647502501173
realsfs,second,17,3,0.8894717679065577
realsfs,second,18,0,-10.67810604124669
realsfs,second,18,1,32.95909434950851
realsfs,second,18,2,-5.505788364324334
realsfs,second,19,0,2.666156962805628
realsfs,second,19,1,6.569986885886946
realsfs,second,20,0,-1.077040475668857
winsfs,second,0,0,6650289.181170225
winsfs,second,0,1,86.24734956384064
winsfs,second,0,2,-181.0825988420161
winsfs,second,0,3,17.27462588850262
winsfs,second,0,4,36.92327624093711
winsfs,second,0,5,-1.63814520012367
winsfs,second,0,6,11.63192716047581
winsfs,second,0,7,9.273131055174836
winsfs,second,0,8,-8.349634586826028
winsfs,second,0,9,-5.251265263271375
winsfs,second,0,10,-3.117936234107821
winsfs,second,0,11,8.998904487985566
winsfs,second,0,12,-1.113025511212615
winsfs,second,0,13,6.199151659192925
winsfs,second,0,14,12.08231415254372
winsfs,second,0,15,15.25850879454373
winsfs,second,0,16,10.98029409800153
winsfs,second,1,0,-10.73443615454056
winsfs,second,1,1,-34.42440890201541
winsfs,second,1,2,-39.85591368708749
winsfs,second,1,3,-9.367739498232428
winsfs,second,1,4,-7.271814596704997
winsfs,second,1,5,-12.196863383236
winsfs,second,1,6,-16.17957029900631
winsfs,second,1,7,-16.43011239300848
winsfs,second,1,8,-26.64452304043478
winsfs,second,1,9,-13.01381931742471
winsfs,second,1,10,-19.1131406910221
winsfs,second,1,11,-14.41239657154675
winsfs,second,1,12,-11.4004717144284
winsfs,second,1,13,-12.59708287320675
winsfs,second,1,14,-4.570357927812179
winsfs,second,1,15,2.498907711456019
winsfs,second,1,16,-6.554209881957763
winsfs,second,2,0,-65.91244131172674
winsfs,second,2,1,-41.0980322053458
winsfs,second,2,2,-5.764765346839837
winsfs,second,2,3,2.15227039073513
winsfs,second,2,4,0.3633555015426532
winsfs,second,2,5,-0.2376301876179433
winsfs,second,2,6,-1.926758557018891
winsfs,second,2,7,-5.640014948385773
winsfs,second,2,8,-9.412628486397555
winsfs,second,2,9,-5.016953748199028
winsfs,second,2,10,-13.47779161494515
winsfs,second,2,11,-11.60974371763931
winsfs,second,2,12,-9.12343283385567
winsfs,second,2,13,-8.91082632236516
winsfs,second,2,14,-1.228128147224332
winsfs,second,2,15,7.851963829054854
winsfs,second,2,16,-6.826963335299569
winsfs,second,3,0,-24.03539096767773
winsfs,second,3,1,0.225358300668055
winsfs,second,3,2,8.973279353029932
winsfs,second,3,3,7.28193161826294
winsfs,second,3,4,5.947935663293663
winsfs,second,3,5,3.744074181620924
winsfs,second,3,6,-1.769543530549068
winsfs,second,3,7,-5.342655024960818
winsfs,second,3,8,-6.38578430900421
winsfs,second,3,9,-8.776199469915241
winsfs,second,3,10,-10.19439972750248
winsfs,second,3,11,-8.24597933861677
winsfs,second,3,12,-8.081673079568187
winsfs,second,3,13,-7.423142760516036
winsfs,second,3,14,-2.475335767763315
winsfs,second,3,15,12.96807507640843
winsfs,second,3,16,3.155565545793309
winsfs,second,4,0,24.07470103535545
winsfs,second,4,1,24.89127834182828
winsfs,second,4,2,11.01350224970029
winsfs,second,4,3,2.331252315499895
winsfs,second,4,4,-0.5317295715510499
winsfs,second,4,5,-2.697325678112334
winsfs,second,4,6,-2.841874847906924
winsfs,second,4,7,-1.058142229638376
winsfs,second,4,8,2.00378690581212
winsfs,second,4,9,-3.711014467059429
winsfs,second,4,10,-4.318406693330924
winsfs,second,4,11,-4.401132588266589
winsfs,second,4,12,-4.585680396091451
winsfs,second,4,13,-3.798055495585319
winsfs,second,4,14,-3.360585822304034
winsfs,second,4,15,10.86930729052821
winsfs,second,4,16,-2.442458757334149
winsfs,second,5,0,28.68517665967651
winsfs,second,5,1,33.67580666165103
winsfs,second,5,2,13.44521709363254
winsfs,second,5,3,1.926080865904415
winsfs,second,5,4,-2.751054420651548
winsfs,second,5,5,2.025273991125682
winsfs,second,5,6,-3.446601450040657
winsfs,second,5,7,-0.4788537825959513
winsfs,second,5,8,2.625720295230402
winsfs,second,5,9,-1.528381309485626
winsfs,second,5,10,0.3117508051128934
winsfs,second,5,11,-1.229905277189248
winsfs,second,5,12,0.07853205861529294
winsfs,second,5,13,4.460396518960683
winsfs,second,5,14,4.80403329067324
winsfs,second,5,15,10.30269122986009
winsfs,second,6,0,23.55128617382361
winsfs,second,6,1,35.1788696859817
winsfs,second,6,2,17.02389799574231
winsfs,second,6,3,2.942988647214612
winsfs,second,6,4,-0.8642399200983227
winsfs,second,6,5,3.67210966242979
winsfs,second,6,6,1.163127063322533
winsfs,second,6,7,3.407249321602229
winsfs,second,6,8,4.700116845073028
winsfs,second,6,9,0.7153103496747366
winsfs,second,6,10,-3.317452964149548
winsfs,second,6,11,-3.786630728567812
winsfs,second,6,12,1.034811049265322
winsfs,second,6,13,5.420880716989839
winsfs,second,6,14,6.160829652747072
winsfs,second,7,0,14.45826824016633
winsfs,second,7,1,33.75273205832745
winsfs,second,7,2,17.61855463557547
winsfs,second,7,3,2.331065616741749
winsfs,second,7,4,-1.355887311910976
winsfs,second,7,5,0.4877591086235388
winsfs,second,7,6,1.350886913943543
winsfs,second,7,7,3.972102458993235
winsfs,second,7,8,4.323405603609981
winsfs,second,7,9,0.9410222775984562
winsfs,second,7,10,-3.33863982901399
winsfs,second,7,11,-1.782283592130004
winsfs,second,7,12,2.640836819402191
winsfs,second,7,13,3.902117841972519
winsfs,second,8,0,22.57888377824416
winsfs,second,8,1,32.66524160471494
winsfs,second,8,2,12.38736334515893
winsfs,second,8,3,-0.6714693972859979
winsfs,second,8,4,-4.034364984384779
winsfs,second,8,5,-5.389072842083413
winsfs,second,8,6,-4.55607802864197
winsfs,second,8,7,-0.5137292259564538
winsfs,second,8,8,-1.907059529036178
winsfs,second,8,9,-0.4990665214721151
winsfs,second,8,10,-1.042171273335707
winsfs,second,8,11,0.9044376084297929
winsfs,second,8,12,0.1623580467015482
winsfs,second,9,0,22.08039215169361
winsfs,second,9,1,29.38819666743877
winsfs,second,9,2,12.95645218888123
winsfs,second,9,3,1.63792473739261
winsfs,second,9,4,0.3381777789007114
winsfs,second,9,5,-0.6562863374250658
winsfs,second,9,6,-4.795942615025386
winsfs,second,9,7,-3.433206859255677
winsfs,second,9,8,-5.717092125303131
winsfs,second,9,9,-2.686430608842271
winsfs,second,9,10,-3.036656431823697
winsfs,second,9,11,-0.02327151787230435
winsfs,second,10,0,20.95836199399404
winsfs,second,10,1,28.70607107689953
winsfs,second,10,2,11.67080530461314
winsfs,second,10,3,3.342244136388265
winsfs,second,10,4,6.971067581410912
winsfs,second,10,5,5.147055732225303
winsfs,second,10,6,-3.019337014639849
winsfs,second,10,7,-2.99454527232155
winsfs,second,10,8,-3.413086388360708
winsfs,second,10,9,-1.889519634338062
winsfs,second,10,10,-1.310754793351041
winsfs,second,11,0,15.86916992169609
winsfs,second,11,1,28.53424768510475
winsfs,second,11,2,12.4648712459045
winsfs,second,11,3,5.767415556897941
winsfs,second,11,4,7.601257440925076
winsfs,second,11,5,3.875736535827406
winsfs,second,11,6,0.2952787465436897
winsfs,second,11,7,-1.282700809444836
winsfs,second,11,8,-1.602608125020466
winsfs,second,11,9,-0.9269688318940638
winsfs,second,12,0,14.25041574459483
winsfs,second,12,1,27.07121861338945
winsfs,second,12,2,16.06078417255055
winsfs,second,12,3,8.088712096267873
winsfs,second,12,4,5.253038969766316
winsfs,second,12,5,1.690131671963959
winsfs,second,12,6,0.4224475785676953
winsfs,second,12,7,-0.1849601149875959
winsfs,second,12,8,-0.3640677980492613
winsfs,second,13,0,12.85164902362204
winsfs,second,13,1,24.55545027583968
winsfs,second,13,2,17.92479823979631
winsfs,second,13,3,7.336393173989002
winsfs,second,13,4,0.6847608267740813
winsfs,second,13,5,1.745806224446856
winsfs,second,13,6,0.7183831551287649
winsfs,second,13,7,-0.9269688318940638
winsfs,second,14,0,15.78473518297626
winsfs,second,14,1,25.52765432812271
winsfs,second,14,2,17.50046641235112
winsfs,second,14,3,5.490205934221695
winsfs,second,14,4,-3.73603909830641
winsfs,second,14,5,-0.08270682114987547
winsfs,second,14,6,-1.310754793351041
winsfs,second,15,0,12.15427437373476
winsfs,second,15,1,24.71997364575252
winsfs,second,15,2,16.22335001127065
winsfs,second,15,3,4.874418116151733
winsfs,second,15,4,-1.823635457812944
winsfs,second,15,5,-0.02327151787230435
winsfs,second,16,0,9.66374841976347
winsfs,second,16,1,20.96994746989015
winsfs,second,16,2,13.09497211635151
winsfs,second,16,3,3.664031001113138
winsfs,second,16,4,0.1623580467015482
winsfs,second,17,0,7.108931902603209
winsfs,second,17,1,15.71043259996082
winsfs,second,17,2,9.881166072759802
winsfs,second,17,3,3.902117841972519
winsfs,second,18,0,0.4038661504500509
winsfs,second,18,1,13.6577611337113
winsfs,second,18,2,6.160829652747072
winsfs,second,19,0,-2.217842207400356
winsfs,second,19,1,10.30269122986008
winsfs,second,20,0,-2.442458757334138
realsfs,third,0,0,7679712.13092657
realsfs,third,0,1,31.71645543997381
realsfs,third,0,2,-100.0636031450823
realsfs,third,0,3,82.02368581036205
realsfs,third,0,4,56.84558306511168
realsfs,third,0,5,-9.794110768287817
realsfs,third,0,6,11.6504921637455
realsfs,third,0,7,1.582865826665145
realsfs,third,0,8,-27.40400522127218
realsfs,third,0,9,-10.14457031254253
realsfs,third,0,10,-20.27058084528692
realsfs,third,0,11,3.445226932207447
realsfs,third,0,12,-16.18343635925245
realsfs,third,0,13,-4.616995281638234
realsfs,third,0,14,-1.595891783000997
realsfs,third,0,15,-2.158274634957229
realsfs,third,0,16,3.401941832093998
realsfs,third,1,0,29.69678822953046
realsfs,third,1,1,-1.84281603481459
realsfs,third,1,2,5.583144622099923
realsfs,third,1,3,16.79706620189959
realsfs,third,1,4,12.00629806641076
realsfs,third,1,5,4.568642188934572
realsfs,third,1,6,-8.225111804303614
realsfs,third,1,7,4.037511821734608
realsfs,third,1,8,-30.7387559461639
realsfs,third,1,9,12.8569346990485
realsfs,third,1,10,-27.83374337801671
realsfs,third,1,11,-1.39145582324159
realsfs,third,1,12,-10.4096559623565
realsfs,third,1,13,-10.71043531352195
realsfs,third,1,14,-6.731471572717098
realsfs,third,1,15,-5.061584833992208
realsfs,third,1,16,-5.583523373196334
realsfs,third,2,0,-77.94963121149947
realsfs,third,2,1,-40.58697301102423
realsfs,third,2,2,1.532545304466077
realsfs,third,2,3,5.81734194418112
realsfs,third,2,4,7.070619755486439
realsfs,third,2,5,1.307848190074447
realsfs,third,2,6,12.8035345315105
realsfs,third,2,7,-13.12844490796253
realsfs,third,2,8,16.26166373633237
realsfs,third,2,9,-12.05930465795948
realsfs,third,2,10,1.037607173462071
realsfs,third,2,11,-14.83934695079055
realsfs,third,2,12,2.300633332732259
realsfs,third,2,13,-14.96109457326255
realsfs,third,2,14,-0.6640029816781651
realsfs,third,2,15,-2.434006709154347
realsfs,third,2,16,0.9111241244420225
realsfs,third,3,0,-18.46432740667303
realsfs,third,3,1,-16.52719587640258
realsfs,third,3,2,1.036729969576011
realsfs,third,3,3,13.08548908675951
realsfs,third,3,4,-1.681062897947172
realsfs,third,3,5,5.006317554050646
realsfs,third,3,6,5.800328982168409
realsfs,third,3,7,6.405099156511628
realsfs,third,3,8,-40.439587098751844
realsfs,third,3,9,36.73874912485297
realsfs,third,3,10,-20.79848902699321
realsfs,third,3,11,-4.461838143239234
realsfs,third,3,12,1.711681118647881
realsfs,third,3,13,-9.78380336006116
realsfs,third,3,14,1.920565787807722
realsfs,third,3,15,2.843565326603569
realsfs,third,3,16,5.553767648909658
realsfs,third,4,0,13.72036603479757
realsfs,third,4,1,-4.892797624197251
realsfs,third,4,2,1.976766222865168
realsfs,third,4,3,-18.36938024763273
realsfs,third,4,4,22.99919795737247
realsfs,third,4,5,-17.67977361844272
realsfs,third,4,6,-18.29046861770143
realsfs,third,4,7,26.29373493400698
realsfs,third,4,8,20.54700881852479
realsfs,third,4,9,-32.6278555330662
realsfs,third,4,10,-3.683668752628695
realsfs,third,4,11,13.66163123713227
realsfs,third,4,12,-23.74862207361182
realsfs,third,4,13,0.9936552127605572
realsfs,third,4,14,-20.94512097576777
realsfs,third,4,15,2.674033370724599
realsfs,third,4,16,2.348766616707086
realsfs,third,5,0,4.979659447767084
realsfs,third,5,1,1.444918251198599
realsfs,third,5,2,2.669549032127007
realsfs,third,5,3,29.84075717754206
realsfs,third,5,4,-43.66354512245834
realsfs,third,5,5,34.13845329902971
realsfs,third,5,6,4.125183780380004
realsfs,third,5,7,-31.52429855378989
realsfs,third,5,8,-17.28839216419848
realsfs,third,5,9,44.95327035199016
realsfs,third,5,10,-3.1866779871484048
realsfs,third,5,11,-9.317454419903681
realsfs,third,5,12,9.28636506357258
realsfs,third,5,13,12.22733927318142
realsfs,third,5,14,16.23470236949415
realsfs,third,5,15,-2.244472465805173
realsfs,third,6,0,15.69609304951773
realsfs,third,6,1,25.89891262466507
realsfs,third,6,2,-10.24068531845576
realsfs,third,6,3,-40.15487348757169
realsfs,third,6,4,35.41874970129295
realsfs,third,6,5,-25.40728093308403
realsfs,third,6,6,0.9756713221473889
realsfs,third,6,7,-5.211362840107904
realsfs,third,6,8,63.50347913626497
realsfs,third,6,9,-43.53375064556684
realsfs,third,6,10,-4.640301763230513
realsfs,third,6,11,3.198826008605792
realsfs,third,6,12,-3.586967926558776
realsfs,third,6,13,-0.1670632068925363
realsfs,third,6,14,-9.182775219383938
realsfs,third,7,0,-18.16681207171747
realsfs,third,7,1,-20.81138880840766
realsfs,third,7,2,48.00909861080178
realsfs,third,7,3,30.82146874829673
realsfs,third,7,4,-20.37907454565395
realsfs,third,7,5,10.54829047232257
realsfs,third,7,6,20.14457920399463
realsfs,third,7,7,37.36085822627818
realsfs,third,7,8,-54.70314904907823
realsfs,third,7,9,50.43802278079878
realsfs,third,7,10,-11.18557352562769
realsfs,third,7,11,-16.88717852517394
realsfs,third,7,12,8.364398059348941
realsfs,third,7,13,-0.5714123977594965
realsfs,third,8,0,40.03263699782686
realsfs,third,8,1,43.71790286005189
realsfs,third,8,2,-40.70741440896583
realsfs,third,8,3,-27.73093558365523
realsfs,third,8,4,6.27188090453132
realsfs,third,8,5,-20.34130960179847
realsfs,third,8,6,-44.88918033885577
realsfs,third,8,7,-4.338465237118441
realsfs,third,8,8,34.45727263295243
realsfs,third,8,9,-28.16098855888612
realsfs,third,8,10,1.329008170874577
realsfs,third,8,11,57.01923249306738
realsfs,third,8,12,-22.89880593822552
realsfs,third,9,0,-20.74335635541083
realsfs,third,9,1,-21.23052596046892
realsfs,third,9,2,35.69866677226592
realsfs,third,9,3,28.07505356540631
realsfs,third,9,4,-24.74752734823337
realsfs,third,9,5,21.35875147459325
realsfs,third,9,6,12.63565362016143
realsfs,third,9,7,-9.738064657284713
realsfs,third,9,8,-9.31367555648939
realsfs,third,9,9,7.032493038733147
realsfs,third,9,10,-12.64225394937244
realsfs,third,9,11,-22.93145568448365
realsfs,third,10,0,33.75732959528239
realsfs,third,10,1,14.47772108750967
realsfs,third,10,2,-10.88219521738166
realsfs,third,10,3,-26.56869191766241
realsfs,third,10,4,2.379408339909563
realsfs,third,10,5,15.31406180605267
realsfs,third,10,6,0.01827791888453165
realsfs,third,10,7,-0.8819845197957806
realsfs,third,10,8,-18.92992635493377
realsfs,third,10,9,2.178255449560732
realsfs,third,10,10,-2.174698144762038
realsfs,third,11,0,-7.006956001426337
realsfs,third,11,1,15.11471258098601
realsfs,third,11,2,-3.594029165826407
realsfs,third,11,3,3.217337078244721
realsfs,third,11,4,48.69298646400133
realsfs,third,11,5,-14.57352737955114
realsfs,third,11,6,-23.0417078349506
realsfs,third,11,7,8.65661628413623
realsfs,third,11,8,27.042726733602
realsfs,third,11,9,-17.18308160024139
realsfs,third,12,0,26.76055456845132
realsfs,third,12,1,-0.5278532040816255
realsfs,third,12,2,31.75122583545319
realsfs,third,12,3,17.57195685801948
realsfs,third,12,4,-38.62571828110863
realsfs,third,12,5,-0.3063375877631875
realsfs,third,12,6,1.387907191211648
realsfs,third,12,7,11.13649589167508
realsfs,third,12,8,-19.094916527625
realsfs,third,13,0,-26.36868163357997
realsfs,third,13,1,-2.085461197455607
realsfs,third,13,2,-4.745527381299858
realsfs,third,13,3,-17.35236604504527
realsfs,third,13,4,24.41724904870729
realsfs,third,13,5,-0.2871273468673174
realsfs,third,13,6,18.84209364150551
realsfs,third,13,7,-17.18308160024137
realsfs,third,14,0,54.89640490275508
realsfs,third,14,1,25.40500294390401
realsfs,third,14,2,1.435144939871865
realsfs,third,14,3,32.20228244016995
realsfs,third,14,4,-10.49196571549991
realsfs,third,14,5,6.219680251804463
realsfs,third,14,6,-2.174698144762038
realsfs,third,15,0,-12.46962542213161
realsfs,third,15,1,-14.16012508632851
realsfs,third,15,2,23.88710642845968
realsfs,third,15,3,-24.89447326927236
realsfs,third,15,4,9.170128991747221
realsfs,third,15,5,-22.93145568448365
realsfs,third,16,0,8.734996523295266
realsfs,third,16,1,40.92953438218282
realsfs,third,16,2,-4.772612420847444
realsfs,third,16,3,27.64278748127647
realsfs,third,16,4,-22.89880593822552
realsfs,third,17,0,18.04953764017042
realsfs,third,17,1,-29.95274974392283
realsfs,third,17,2,17.49844173763283
realsfs,third,17,3,-0.5714123977594965
realsfs,third,18,0,-8.425102172938846
realsfs,third,18,1,19.66288862216669
realsfs,third,18,2,-9.18277521938395
realsfs,third,19,0,6.278655429385717
realsfs,third,19,1,-2.244472465805184
realsfs,third,20,0,2.348766616707075
winsfs,third,0,0,7513758.689721337
winsfs,third,0,1,28.63832408754386
winsfs,third,0,2,-97.36992394446109
winsfs,third,0,3,70.80024609363458
winsfs,third,0,4,57.6728349576129
winsfs,third,0,5,-0.3369528714122674
winsfs,third,0,6,3.84277517193374
winsfs,third,0,7,-1.759226502380429
winsfs,third,0,8,-20.23046296975172
winsfs,third,0,9,-16.91118635998054
winsfs,third,0,10,-14.412780086103
winsfs,third,0,11,-1.892285967645398
winsfs,third,0,12,-12.25962617688429
winsfs,third,0,13,-5.434165480226414
winsfs,third,0,14,-1.134659003224278
winsfs,third,0,15,-1.541305651304342
winsfs,third,0,16,0.2204456175765252
winsfs,third,1,0,26.27781968503358
winsfs,third,1,1,12.42862361094653
winsfs,third,1,2,1.063691219236561
winsfs,third,1,3,19.95625070959236
winsfs,third,1,4,14.10782904789869
winsfs,third,1,5,4.309172211305817
winsfs,third,1,6,-2.700586569597084
winsfs,third,1,7,-5.081397530119321
winsfs,third,1,8,-16.90769806428618
winsfs,third,1,9,-5.044827315664633
winsfs,third,1,10,-12.67953087956988
winsfs,third,1,11,-9.695004453041662
winsfs,third,1,12,-8.584860649582149
winsfs,third,1,13,-12.19493546085885
winsfs,third,1,14,-7.791469268571651
winsfs,third,1,15,-6.565536792097898
winsfs,third,1,16,-8.618860535148546
winsfs,third,2,0,-51.80315045164178
winsfs,third,2,1,-36.75928593065157
winsfs,third,2,2,3.577683574980859
winsfs,third,2,3,10.42536889442369
winsfs,third,2,4,7.878900448441764
winsfs,third,2,5,7.083788647324653
winsfs,third,2,6,5.444128366619188
winsfs,third,2,7,1.760280393525487
winsfs,third,2,8,-2.152854938170989
winsfs,third,2,9,1.801741767412997
winsfs,third,2,10,-7.18969410008067
winsfs,third,2,11,-6.225704896183341
winsfs,third,2,12,-5.03645373991443
winsfs,third,2,13,-6.826078581370334
winsfs,third,2,14,-2.642772626135291
winsfs,third,2,15,0.2430829458274746
winsfs,third,2,16,-6.428230785057021
winsfs,third,3,0,-26.4292103139572
winsfs,third,3,1,-13.2442326770408
winsfs,third,3,2,5.83605750658726
winsfs,third,3,3,6.675412496615504
winsfs,third,3,4,6.853676738371334
winsfs,third,3,5,5.902714369743857
winsfs,third,3,6,1.418395606817686
winsfs,third,3,7,-1.402542577248185
winsfs,third,3,8,-1.987094018795365
winsfs,third,3,9,-4.175045523846268
winsfs,third,3,10,-5.659891568467243
winsfs,third,3,11,-4.109552142144961
winsfs,third,3,12,-4.776621141238969
winsfs,third,3,13,-5.770121556966033
winsfs,third,3,14,-4.159133247339613
winsfs,third,3,15,4.85039725484155
winsfs,third,3,16,3.653422830202505
winsfs,third,4,0,12.37218228430085
winsfs,third,4,1,3.998379239895959
winsfs,third,4,2,2.485496777599705
winsfs,third,4,3,-2.285170129508239
winsfs,third,4,4,-2.866460030463074
winsfs,third,4,5,-3.361961141049643
winsfs,third,4,6,-2.232386869391072
winsfs,third,4,7,0.494078980330711
winsfs,third,4,8,4.210783167530678
winsfs,third,4,9,-1.060570637023248
winsfs,third,4,10,-1.487548858393141
winsfs,third,4,11,-1.688498241147161
winsfs,third,4,12,-2.447048804539272
winsfs,third,4,13,-3.094951759473683
winsfs,third,4,14,-5.924827614895745
winsfs,third,4,15,1.423130449608041
winsfs,third,4,16,-2.715936919074517
winsfs,third,5,0,11.98611944346013
winsfs,third,5,1,9.748813869646819
winsfs,third,5,2,2.709134402141661
winsfs,third,5,3,-4.398399344719358
winsfs,third,5,4,-6.620770140935828
winsfs,third,5,5,-0.1233930260942508
winsfs,third,5,6,-4.355027624862614
winsfs,third,5,7,-0.4427465276406801
winsfs,third,5,8,3.353884549960733
winsfs,third,5,9,-0.3079939841870402
winsfs,third,5,10,1.79994160547286
winsfs,third,5,11,0.2607746401667471
winsfs,third,5,12,1.116044837777297
winsfs,third,5,13,4.175309871307547
winsfs,third,5,14,1.287181586838867
winsfs,third,5,15,2.622946873897023
winsfs,third,6,0,4.484667856921861
winsfs,third,6,1,10.24932040683295
winsfs,third,6,2,5.631955545562876
winsfs,third,6,3,-3.930326355874965
winsfs,third,6,4,-5.324854572639728
winsfs,third,6,5,0.8172351470982263
winsfs,third,6,6,-0.5732637051642229
winsfs,third,6,7,2.519924224100594
winsfs,third,6,8,4.449383823799565
winsfs,third,6,9,0.9272070734365103
winsfs,third,6,10,-2.820736642282592
winsfs,third,6,11,-3.260388282979026
winsfs,third,6,12,1.147871316551184
winsfs,third,6,13,4.246133592935722
winsfs,third,6,14,3.012390893669654
winsfs,third,7,0,-5.358857068593655
winsfs,third,7,1,8.83523358294359
winsfs,third,7,2,6.259484321545822
winsfs,third,7,3,-4.535819710930989
winsfs,third,7,4,-5.929794776546833
winsfs,third,7,5,-2.650284673773388
winsfs,third,7,6,-0.8024718910019986
winsfs,third,7,7,2.54768649045563
winsfs,third,7,8,3.443483045177553
winsfs,third,7,9,0.4571478821295733
winsfs,third,7,10,-3.581602922791083
winsfs,third,7,11,-2.014954309678872
winsfs,third,7,12,1.994199206984994
winsfs,third,7,13,2.522576801346429
winsfs,third,8,0,3.354753722614813
winsfs,third,8,1,8.343158462388311
winsfs,third,8,2,1.296856057536931
winsfs,third,8,3,-7.28260853362765
winsfs,third,8,4,-8.48106455712558
winsfs,third,8,5,-8.573784940646718
winsfs,third,8,6,-6.898255759615578
winsfs,third,8,7,-2.243098651113733
winsfs,third,8,8,-3.195976913653037
winsfs,third,8,9,-1.46375570599928
winsfs,third,8,10,-1.826857579295645
winsfs,third,8,11,0.08455876001918007
winsfs,third,8,12,-0.7419663826555244
winsfs,third,9,0,3.919701811137715
winsfs,third,9,1,5.8641808192434
winsfs,third,9,2,2.399827988593095
winsfs,third,9,3,-4.532026885210207
winsfs,third,9,4,-3.79803355929031
winsfs,third,9,5,-3.686666247105675
winsfs,third,9,6,-7.152005648646582
winsfs,third,9,7,-5.308400394104019
winsfs,third,9,8,-7.25877152068891
winsfs,third,9,9,-3.986745400752628
winsfs,third,9,10,-4.232013248382022
winsfs,third,9,11,-0.9362994374985903
winsfs,third,10,0,4.204235753696207
winsfs,third,10,1,6.236024935065088
winsfs,third,10,2,1.674567542240753
winsfs,third,10,3,-2.347244334176348
winsfs,third,10,4,3.217723771534507
winsfs,third,10,5,2.351090025083743
winsfs,third,10,6,-5.289798100843102
winsfs,third,10,7,-4.905008774796761
winsfs,third,10,8,-5.087528537210807
winsfs,third,10,9,-3.418369738579279
winsfs,third,10,10,-2.375372003178046
winsfs,third,11,0,0.6407858599959392
winsfs,third,11,1,7.218663968591339
winsfs,third,11,2,3.088086563522711
winsfs,third,11,3,0.5764004941573303
winsfs,third,11,4,4.20937955093576
winsfs,third,11,5,1.316125174932673
winsfs,third,11,6,-1.828692066050882
winsfs,third,11,7,-3.159704774968149
winsfs,third,11,8,-3.342107481233388
winsfs,third,11,9,-2.121860761722212
winsfs,third,12,0,0.7106818770859602
winsfs,third,12,1,6.906295355176709
winsfs,third,12,2,7.358245555205816
winsfs,third,12,3,3.393606276908877
winsfs,third,12,4,2.21633962518592
winsfs,third,12,5,-0.6099275871319539
winsfs,third,12,6,-1.53074964116039
winsfs,third,12,7,-1.985101184736536
winsfs,third,12,8,-1.606765632744389
winsfs,third,13,0,1.045590912091716
winsfs,third,13,1,5.539357917084143
winsfs,third,13,2,9.870836933644734
winsfs,third,13,3,3.112008683664669
winsfs,third,13,4,-1.991638902479136
winsfs,third,13,5,-0.2579690565375004
winsfs,third,13,6,-1.028406892306496
winsfs,third,13,7,-2.121860761722212
winsfs,third,14,0,5.786631004898314
winsfs,third,14,1,7.831530139617999
winsfs,third,14,2,10.07490560105633
winsfs,third,14,3,1.746190138046515
winsfs,third,14,4,-6.019378375761774
winsfs,third,14,5,-1.76118704857745
winsfs,third,14,6,-2.375372003178046
winsfs,third,15,0,3.857812279095636
winsfs,third,15,1,8.319822888811165
winsfs,third,15,2,9.449429516565502
winsfs,third,15,3,1.65784995796471
winsfs,third,15,4,-3.638220871631092
winsfs,third,15,5,-0.9362994374985903
winsfs,third,16,0,3.073493571156924
winsfs,third,16,1,5.820163337408411
winsfs,third,16,2,7.003935722084322
winsfs,third,16,3,1.03080136346507
winsfs,third,16,4,-0.7419663826555244
winsfs,third,17,0,2.20183073675325
winsfs,third,17,1,1.836158404658019
winsfs,third,17,2,4.552024709802236
winsfs,third,17,3,2.522576801346429
winsfs,third,18,0,-2.888931042669333
winsfs,third,18,1,1.230950916445247
winsfs,third,18,2,3.012390893669654
winsfs,third,19,0,-3.955016734889607
winsfs,third,19,1,2.622946873897011
winsfs,third,20,0,-2.715936919074506
realsfs,first,0,0,6736908.328566137
realsfs,first,0,1,34.90954898896699
realsfs,first,0,2,-178.6530700759469
realsfs,first,0,3,60.25160435197553
realsfs,first,0,4,77.64762082720692
realsfs,first,0,5,33.93329691837283
realsfs,first,0,6,63.00497317703683
realsfs,first,0,7,54.48590927212247
realsfs,first,0,8,25.17540384546838
realsfs,first,0,9,39.16421028542
realsfs,first,0,10,26.79767895008225
realsfs,first,0,11,46.07189456621354
realsfs,first,0,12,23.92214103648373
realsfs,first,0,13,29.66402194612594
realsfs,first,0,14,24.72224938445525
realsfs,first,0,15,10.85702411041842
realsfs,first,0,16,-27.40726395932823
realsfs,first,1,0,82.16836962743481
realsfs,first,1,1,-65.11413565502612
realsfs,first,1,2,-61.03717710546037
realsfs,first,1,3,-35.3568704342234
realsfs,first,1,4,-27.94417532947203
realsfs,first,1,5,-26.29378217527774
realsfs,first,1,6,-32.2472136167849
realsfs,first,1,7,-13.77512191363248
realsfs,first,1,8,-43.96962300298224
realsfs,first,1,9,4.920659436422522
realsfs,first,1,10,-31.96168454407853
realsfs,first,1,11,-1.886262797903157
realsfs,first,1,12,-8.385385961292279
realsfs,first,1,13,-7.798822442274778
realsfs,first,1,14,-5.928023869828831
realsfs,first,1,15,-12.53581490612258
realsfs,first,1,16,-62.68214925339628
realsfs,first,2,0,-47.48987830528664
realsfs,first,2,1,-31.33118240541785
realsfs,first,2,2,-15.14897532493413
realsfs,first,2,3,-14.65672935366393
realsfs,first,2,4,-13.29451643915465
realsfs,first,2,5,-18.08412455097726
realsfs,first,2,6,-4.688503377768014
realsfs,first,2,7,-29.14777929189248
realsfs,first,2,8,3.263296245350292
realsfs,first,2,9,-22.9345682062372
realsfs,first,2,10,-6.871213304745249
realsfs,first,2,11,-20.27578488856873
realsfs,first,2,12,-0.7950534267597477
realsfs,first,2,13,-17.02748240379662
realsfs,first,2,14,-3.94443375353468
realsfs,first,2,15,-12.83958597392211
realsfs,first,2,16,-63.02678378501682
realsfs,first,3,0,2.474131636922987
realsfs,first,3,1,19.69994565704874
realsfs,first,3,2,4.97496715439995
realsfs,first,3,3,7.326546186620544
realsfs,first,3,4,-11.60215670897669
realsfs,first,3,5,-6.543911034876339
realsfs,first,3,6,-6.16105500434467
realsfs,first,3,7,-5.091268776339422
realsfs,first,3,8,-51.63923251624956
realsfs,first,3,9,28.37224030540213
realsfs,first,3,10,-28.09578250894844
realsfs,first,3,11,-9.500008012519457
realsfs,first,3,12,-1.382392514012999
realsfs,first,3,13,-11.73463562603434
realsfs,first,3,14,-0.7151986410881161
realsfs,first,3,15,-5.881434924917135
realsfs,first,3,16,-59.99489611795089
realsfs,first,4,0,26.2315337261945
realsfs,first,4,1,41.41343005089811
realsfs,first,4,2,15.62257488461229
realsfs,first,4,3,-16.57154665370604
realsfs,first,4,4,19.24103079289198
realsfs,first,4,5,-24.62459050616008
realsfs,first,4,6,-26.60096705493225
realsfs,first,4,7,18.29739022121735
realsfs,first,4,8,12.93233279631721
realsfs,first,4,9,-39.89598720768848
realsfs,first,4,10,-9.131792656590187
realsfs,first,4,11,10.09046990637515
realsfs,first,4,12,-25.70434921485349
realsfs,first,4,13,0.5483454409341593
realsfs,first,4,14,-21.5144992080956
realsfs,first,4,15,-2.871153755273256
realsfs,first,4,16,-44.30666878387844
realsfs,first,5,0,9.228312553477776
realsfs,first,5,1,50.74525961142421
realsfs,first,5,2,21.13129893102562
realsfs,first,5,3,35.57262919038308
realsfs,first,5,4,-43.94993557173925
realsfs,first,5,5,30.69974584046199
realsfs,first,5,6,-1.198024384538556
realsfs,first,5,7,-37.85286750470381
realsfs,first,5,8,-23.3353434098506
realsfs,first,5,9,40.25588053073341
realsfs,first,5,10,-7.101930655548442
realsfs,first,5,11,-11.62430081741452
realsfs,first,5,12,8.89824553291535
realsfs,first,5,13,13.55190741316554
realsfs,first,5,14,18.18764726393194
realsfs,first,5,15,-3.447444784596289
realsfs,first,6,0,11.75057372471913
realsfs,first,6,1,73.47433411334117
realsfs,first,6,2,10.98556556567666
realsfs,first,6,3,-31.14111946147035
realsfs,first,6,4,37.3250484725484
realsfs,first,6,5,-27.03012652504204
realsfs,first,6,6,-2.495923596813608
realsfs,first,6,7,-9.562126460034035
realsfs,first,6,8,59.65808380422771
realsfs,first,6,9,-47.61008234857646
realsfs,first,6,10,-7.300922351783108
realsfs,first,6,11,2.182925812499289
realsfs,first,6,12,-2.587309382690983
realsfs,first,6,13,2.997792322444084
realsfs,first,6,14,-5.76900638327386
realsfs,first,7,0,-30.21731522605728
realsfs,first,7,1,28.01059541792827
realsfs,first,7,2,68.25475316013618
realsfs,first,7,3,40.2615998636814
realsfs,first,7,4,-16.73550657107905
realsfs,first,7,5,10.42318427450944
realsfs,first,7,6,18.07468628190133
realsfs,first,7,7,34.48376215881135
realsfs,first,7,8,-58.27014830093268
realsfs,first,7,9,47.96840403886338
realsfs,first,7,10,-12.87012532897137
realsfs,first,7,11,-16.88129448081379
realsfs,first,7,12,10.53624427283076
realsfs,first,7,13,2.855827121967254
realsfs,first,8,0,21.62812394269211
realsfs,first,8,1,85.274793319728
realsfs,first,8,2,-17.20901124146607
realsfs,first,8,3,-16.45194195862337
realsfs,first,8,4,10.72824394774321
realsfs,first,8,5,-19.44316353868865
realsfs,first,8,6,-46.18527181776
realsfs,first,8,7,-6.559212777816232
realsfs,first,8,8,32.19888251924665
realsfs,first,8,9,-30.23534183369846
realsfs,first,8,10,0.4376427579511823
realsfs,first,8,11,57.74907174898529
realsfs,first,8,12,-20.45688917134586
realsfs,first,9,0,-47.18038595703223
realsfs,first,9,1,21.16693014361187
realsfs,first,9,2,55.95358744354127
realsfs,first,9,3,38.66132827341158
realsfs,first,9,4,-19.38957586659978
realsfs,first,9,5,22.8464105778977
realsfs,first,9,6,12.12153020407715
realsfs,first,9,7,-11.33850396088879
realsfs,first,9,8,-11.17753637867053
realsfs,first,9,9,5.636257611568698
realsfs,first,9,10,-12.99201380850431
realsfs,first,9,11,-21.83928792724856
realsfs,first,10,0,3.084247454006637
realsfs,first,10,1,50.72622019055451
realsfs,first,10,2,10.20607738252745
realsfs,first,10,3,-14.85420424590921
realsfs,first,10,4,7.825381147907712
realsfs,first,10,5,17.24570765698521
realsfs,first,10,6,-0.05591021678484116
realsfs,first,10,7,-2.026927557174393
realsfs,first,10,8,-20.41959500179018
realsfs,first,10,9,1.135421607948665
realsfs,first,10,10,-2.151396158470496
realsfs,first,11,0,-44.80994316753858
realsfs,first,11,1,47.29388523781786
realsfs,first,11,2,16.0007915797761
realsfs,first,11,3,14.07261630652357
realsfs,first,11,4,53.75635379171391
realsfs,first,11,5,-12.2842561999629
realsfs,first,11,6,-22.8390755021237
realsfs,first,11,7,7.783740309517746
realsfs,first,11,8,25.89668334635194
realsfs,first,11,9,-17.80666014744427
realsfs,first,12,0,-14.12607100575088
realsfs,first,12,1,28.30936684982987
realsfs,first,12,2,48.63173895713235
realsfs,first,12,3,27.64463022803877
realsfs,first,12,4,-32.73057655081151
realsfs,first,12,5,1.98025642888722
realsfs,first,12,6,1.684110955124644
realsfs,first,12,7,10.36410665253718
realsfs,first,12,8,-19.93957421596915
realsfs,first,13,0,-75.19473831970387
realsfs,first,13,1,22.48430197515455
realsfs,first,13,2,11.62126117647878
realsfs,first,13,3,-7.311740112458441
realsfs,first,13,4,29.3645465492547
realsfs,first,13,5,1.888288960214062
realsfs,first,13,6,19.07626290612484
realsfs,first,13,7,-17.80666014744424
realsfs,first,14,0,8.361000854151362
realsfs,first,14,1,44.47180344853066
realsfs,first,14,2,15.64998623559619
realsfs,first,14,3,40.41488582860335
realsfs,first,14,4,-5.664703795104141
realsfs,first,14,5,8.093246823149844
realsfs,first,14,6,-2.151396158470496
realsfs,first,15,0,-68.35847934652753
realsfs,first,15,1,1.960358027870716
realsfs,first,15,2,35.39111947183954
realsfs,first,15,3,-16.84322241781533
realsfs,first,15,4,13.16952084893151
realsfs,first,15,5,-21.83928792724856
realsfs,first,16,0,-48.30529434508606
realsfs,first,16,1,51.17887239132958
realsfs,first,16,2,5.103335301799691
realsfs,first,16,3,33.617223550570714
realsfs,first,16,4,-20.45688917134586
realsfs,first,17,0,-40.62697541133422
realsfs,first,17,1,-22.64979727751419
realsfs,first,17,2,24.51452712397553
realsfs,first,17,3,2.855827121967265
realsfs,first,18,0,-72.89785855318408
realsfs,first,18,1,22.05646422510999
realsfs,first,18,2,-5.76900638327386
realsfs,first,19,0,-58.07433416917791
realsfs,first,19,1,-3.4474447845963
realsfs,first,20,0,-44.30666878387844
winsfs,first,0,0,6735109.55149362
winsfs,first,0,1,32.12530030881872
winsfs,first,0,2,-169.2983624002979
winsfs,first,0,3,50.6251542171244
winsfs,first,0,4,77.90181364278564
winsfs,first,0,5,42.18113483624165
winsfs,first,0,6,54.66457706306387
winsfs,first,0,7,50.74580026526759
winsfs,first,0,8,31.62706131579073
winsfs,first,0,9,32.36241131326326
winsfs,first,0,10,31.93621005930894
winsfs,first,0,11,40.61834088983321
winsfs,first,0,12,27.10779314999321
winsfs,first,0,13,28.37294827744709
winsfs,first,0,14,24.56468471102798
winsfs,first,0,15,10.6131715679886
winsfs,first,0,16,-27.49142611752032
winsfs,first,1,0,73.2202479803351
winsfs,first,1,1,-54.66347573512868
winsfs,first,1,2,-69.61156664126162
winsfs,first,1,3,-34.82879988646511
winsfs,first,1,4,-27.46702930389717
winsfs,first,1,5,-27.46302643909847
winsfs,first,1,6,-26.99447547332323
winsfs,first,1,7,-23.2528715776526
winsfs,first,1,8,-29.98683572491798
winsfs,first,1,9,-13.2495190057142
winsfs,first,1,10,-16.80887167181301
winsfs,first,1,11,-10.33698961027125
winsfs,first,1,12,-6.761781090281845
winsfs,first,1,13,-9.538055994084068
winsfs,first,1,14,-7.359558757237274
winsfs,first,1,15,-14.81058128240328
winsfs,first,1,16,-60.82692449491124
winsfs,first,2,0,-26.56244681523889
winsfs,first,2,1,-35.34903466988376
winsfs,first,2,2,-18.16765902516856
winsfs,first,2,3,-13.35601814591961
winsfs,first,2,4,-14.70293114334713
winsfs,first,2,5,-13.64951919405074
winsfs,first,2,6,-13.24947835834839
winsfs,first,2,7,-14.71060141052129
winsfs,first,2,8,-16.15465979678068
winsfs,first,2,9,-9.386873051659935
winsfs,first,2,10,-15.7171029783229
winsfs,first,2,11,-12.05350718693846
winsfs,first,2,12,-8.640831017012426
winsfs,first,2,13,-9.33768746484442
winsfs,first,2,14,-6.5001861852863
winsfs,first,2,15,-11.06288941819754
winsfs,first,2,16,-65.65955725975833
winsfs,first,3,0,-8.706410252105064
winsfs,first,3,1,16.51536336580484
winsfs,first,3,2,6.128761330118636
winsfs,first,3,3,-1.439491631458384
winsfs,first,3,4,-4.478355022154156
winsfs,first,3,5,-6.705596656765806
winsfs,first,3,6,-11.45349385029174
winsfs,first,3,7,-13.74553268955686
winsfs,first,3,8,-13.16816140730503
winsfs,first,3,9,-13.77011547413102
winsfs,first,3,10,-13.34131576652052
winsfs,first,3,11,-9.705912311357851
winsfs,first,3,12,-8.473502947106697
winsfs,first,3,13,-8.29430253262813
winsfs,first,3,14,-7.531838113216181
winsfs,first,3,15,-5.020044406493421
winsfs,first,3,16,-56.07117705675429
winsfs,first,4,0,23.83929068667811
winsfs,first,4,1,45.35542487962437
winsfs,first,4,2,14.04336337838929
winsfs,first,4,3,-1.667518234444721
winsfs,first,4,4,-7.441949065227819
winsfs,first,4,5,-10.61310415758016
winsfs,first,4,6,-10.70617133962674
winsfs,first,4,7,-8.206990075968461
winsfs,first,4,8,-3.985931355453733
winsfs,first,4,9,-8.326239071081991
winsfs,first,4,10,-7.327637834424476
winsfs,first,4,11,-5.815249294941873
winsfs,first,4,12,-4.803966021431041
winsfs,first,4,13,-4.096951648670102
winsfs,first,4,14,-7.195588249191911
winsfs,first,4,15,-5.481072800831888
winsfs,first,4,16,-45.67532127016812
winsfs,first,5,0,17.26509391232305
winsfs,first,5,1,55.4363686450819
winsfs,first,5,2,20.23529673583395
winsfs,first,5,3,1.397943341543133
winsfs,first,5,4,-6.856067522601301
winsfs,first,5,5,-3.645342718231628
winsfs,first,5,6,-9.647415566343895
winsfs,first,5,7,-6.397029321108312
winsfs,first,5,8,-2.492636155487172
winsfs,first,5,9,-5.523240936423483
winsfs,first,5,10,-2.235624093205351
winsfs,first,5,11,-2.231922583248416
winsfs,first,5,12,0.4118685720926104
winsfs,first,5,13,5.104900123704484
winsfs,first,5,14,2.667227021096357
winsfs,first,5,15,0.4518411910559155
winsfs,first,6,0,3.298794837133846
winsfs,first,6,1,56.65077262902017
winsfs,first,6,2,26.15248638293565
winsfs,first,6,3,4.950288410426884
winsfs,first,6,4,-2.755924523420046
winsfs,first,6,5,-0.1959299876587551
winsfs,first,6,6,-3.56590039516539
winsfs,first,6,7,-1.370323114064722
winsfs,first,6,8,0.4362642769151766
winsfs,first,6,9,-2.623527584330887
winsfs,first,6,10,-5.359981316075086
winsfs,first,6,11,-4.278241398618308
winsfs,first,6,12,2.036557953642045
winsfs,first,6,13,7.130122523471265
winsfs,first,6,14,5.926301716104401
winsfs,first,7,0,-13.13788908956191
winsfs,first,7,1,53.93970833976383
winsfs,first,7,2,28.12972973217074
winsfs,first,7,3,6.17248608115812
winsfs,first,7,4,-1.541728386381881
winsfs,first,7,5,-1.951805014054334
winsfs,first,7,6,-2.191139416097742
winsfs,first,7,7,0.1415146679593705
winsfs,first,7,8,0.7949475173386961
winsfs,first,7,9,-1.81085732586307
winsfs,first,7,10,-4.882714302073278
winsfs,first,7,11,-1.766629463662963
winsfs,first,7,12,4.303800443133672
winsfs,first,7,13,5.867874332712137
winsfs,first,8,0,-10.71571796346711
winsfs,first,8,1,50.86232716185096
winsfs,first,8,2,23.65507051327292
winsfs,first,8,3,4.474167982555527
winsfs,first,8,4,-2.914438609800947
winsfs,first,8,5,-6.693063853895634
winsfs,first,8,6,-7.163984946503023
winsfs,first,8,7,-3.594276610394722
winsfs,first,8,8,-4.856412250992058
winsfs,first,8,9,-2.766922547296646
winsfs,first,8,10,-2.159677769732613
winsfs,first,8,11,1.354191164473063
winsfs,first,8,12,1.767894473143815
winsfs,first,9,0,-16.1727900920459
winsfs,first,9,1,45.19187659599296
winsfs,first,9,2,24.31504743998941
winsfs,first,9,3,7.593504199851658
winsfs,first,9,4,2.405588897639426
winsfs,first,9,5,-1.06026933483368
winsfs,first,9,6,-6.640106690807818
winsfs,first,9,7,-5.910473695237251
winsfs,first,9,8,-8.199339985821005
winsfs,first,9,9,-4.586051479095752
winsfs,first,9,10,-3.842424480652421
winsfs,first,9,11,0.5301666289903879
winsfs,first,10,0,-21.517307221146
winsfs,first,10,1,41.74524265991061
winsfs,first,10,2,22.70655045656557
winsfs,first,10,3,9.734023371948439
winsfs,first,10,4,9.6690035231427
winsfs,first,10,5,5.39761596286557
winsfs,first,10,6,-4.284601282368564
winsfs,first,10,7,-5.009703441464059
winsfs,first,10,8,-5.53705969809276
winsfs,first,10,9,-3.535036102885464
winsfs,first,10,10,-1.742186459353994
winsfs,first,11,0,-30.43635890446347
winsfs,first,11,1,38.60901371693061
winsfs,first,11,2,22.7749042778493
winsfs,first,11,3,12.26738274893283
winsfs,first,11,4,10.69890965083105
winsfs,first,11,5,4.572778054770228
winsfs,first,11,6,-0.5668773224208868
winsfs,first,11,7,-2.985205045258152
winsfs,first,11,8,-3.51174806760022
winsfs,first,11,9,-2.005282597471959
winsfs,first,12,0,-35.18414259540986
winsfs,first,12,1,34.08971651541389
winsfs,first,12,2,25.30148620333915
winsfs,first,12,3,14.42581815206182
winsfs,first,12,4,8.546639872793017
winsfs,first,12,5,2.650921828087334
winsfs,first,12,6,-0.2063418433311713
winsfs,first,12,7,-1.724678326873476
winsfs,first,12,8,-1.6624671971643
winsfs,first,13,0,-39.23710311753857
winsfs,first,13,1,28.46238077545291
winsfs,first,13,2,25.8947082363837
winsfs,first,13,3,13.3144091029401
winsfs,first,13,4,3.99156032767212
winsfs,first,13,5,2.79698431019171
winsfs,first,13,6,0.1716168504722017
winsfs,first,13,7,-2.005282597471959
winsfs,first,14,0,-38.16656672548951
winsfs,first,14,1,26.28726889936102
winsfs,first,14,2,24.04414459050021
winsfs,first,14,3,10.91734186939433
winsfs,first,14,4,-0.5967020606798532
winsfs,first,14,5,0.9069886248058993
winsfs,first,14,6,-1.742186459353994
winsfs,first,15,0,-43.84336834974842
winsfs,first,15,1,22.37371649458754
winsfs,first,15,2,21.19309556969928
winsfs,first,15,3,9.559673078827618
winsfs,first,15,4,0.9487714585937905
winsfs,first,15,5,0.5301666289903879
winsfs,first,16,0,-47.9514720564874
winsfs,first,16,1,15.54792595607087
winsfs,first,16,2,16.37920784212252
winsfs,first,16,3,7.464155526598288
winsfs,first,16,4,1.767894473143815
winsfs,first,17,0,-51.81328791447225
winsfs,first,17,1,7.244159294311285
winsfs,first,17,2,11.38171050053303
winsfs,first,17,3,5.867874332712137
winsfs,first,18,0,-60.04003498527038
winsfs,first,18,1,2.311939487978984
winsfs,first,18,2,5.926301716104401
winsfs,first,19,0,-63.3383600761469
winsfs,first,19,1,0.4518411910559039
winsfs,first,20,0,-45.67532127016811
