condition,epoch,theta
realsfs,3,0.03713224799274899
realsfs,5,0.00468820665389057
realsfs,7,0.00165934813341281
realsfs,10,0.00124590964247154
realsfs,13,0.00123328016648251
realsfs,16,0.00123213265856935
realsfs,19,0.00123208357362019
realsfs,22,0.00123179064957185
realsfs,25,0.00123220990633991
realsfs,28,0.00123166313954867
realsfs,31,0.00123167382224712
realsfs,34,0.00123160450973845
realsfs,37,0.00123168742974667
realsfs,40,0.00123155334896978
realsfs,43,0.00123201559286623
realsfs,46,0.00123147782048648
realsfs,49,0.00123175820426549
realsfs,52,0.00123154601059472
realsfs,55,0.0012314667926887
realsfs,58,0.00123145762368919
realsfs,61,0.00123145190532383
realsfs,64,0.00123145900535693
realsfs,67,0.00123144824724175
realsfs,70,0.00123147238428161
realsfs,73,0.00123144515246877
realsfs,76,0.00123160587055411
realsfs,79,0.00123144276476008
realsfs,82,0.00123148926405809
realsfs,85,0.00123144326756809
realsfs,88,0.00123145671998489
realsfs,91,0.00123144357093738
realsfs,94,0.00123145321022357
realsfs,97,0.0012314430913127
realsfs,100,0.00123145270609565
realsfs,103,0.00123144242876814
realsfs,106,0.00123146647468844
realsfs,109,0.00123144452112985
realsfs,112,0.00123144497417715
realsfs,115,0.00123144224028479
realsfs,118,0.00123144654239175
realsfs,121,0.00123144147721326
realsfs,124,0.00123147280210731
realsfs,127,0.00123144127817979
realsfs,130,0.00123157561899517
realsfs,133,0.0012314541104247
realsfs,136,0.00123144174164473
realsfs,139,0.00123144565532485
realsfs,142,0.00123144188562113
realsfs,145,0.00123144244539192
realsfs,148,0.00123144165172417
realsfs,151,0.00123144318168804
realsfs,154,0.00123144118321369
realsfs,157,0.0012314463913846
realsfs,160,0.00123144075985956
realsfs,163,0.00123149261722237
realsfs,166,0.00123144066738785
realsfs,169,0.00123149191179329
realsfs,172,0.00123144036380856
realsfs,175,0.00123141829574342
realsfs,178,0.00123143931015348
realsfs,181,0.00123143947366313
realsfs,184,0.00123144002678469
realsfs,187,0.00123143883369081
realsfs,190,0.00123144038123735
realsfs,193,0.00123143407867586
realsfs,196,0.00123144058510529
realsfs,199,0.00123144966253959
realsfs,202,0.00123144038300351
realsfs,205,0.00123142636477049
realsfs,208,0.00123144038910544
realsfs,211,0.0012314150632447
realsfs,214,0.00123143807998801
realsfs,217,0.00123144004565992
realsfs,220,0.00123143981181504
realsfs,223,0.00123144011924765
realsfs,226,0.00123143962092661
realsfs,229,0.00123144027987224
realsfs,232,0.00123143826727145
realsfs,235,0.00123144040678937
realsfs,238,0.00123141143254449
realsfs,241,0.00123144043276904
realsfs,244,0.00123145457616506
realsfs,247,0.00123144076966328
realsfs,250,0.00123144107650611
realsfs,253,0.00123144071186519
realsfs,256,0.00123144124077911
realsfs,259,0.00123144054998291
realsfs,262,0.00123144257274386
realsfs,265,0.0012314404217341
realsfs,268,0.00123144822221535
realsfs,271,0.00123144041268945
realsfs,274,0.00123144662881162
realsfs,277,0.00123144024876219
realsfs,280,0.0012314379496645
realsfs,283,0.00123144048286872
realsfs,286,0.00123144227770521
realsfs,289,0.00123144038208548
realsfs,292,0.00123144757812303
realsfs,295,0.00123143968137511
realsfs,298,0.00123144036172699
realsfs,301,0.00123144145416865
realsfs,304,0.00123144025034233
realsfs,307,0.00123143911534932
realsfs,310,0.00123144055962864
realsfs,313,0.00123144083694968
realsfs,316,0.00123144048559414
realsfs,319,0.00123144130618196
realsfs,322,0.0012314403934515
realsfs,325,0.00123144519396614
realsfs,328,0.00123144036651061
realsfs,331,0.00123144533743715
realsfs,334,0.00123144001881201
realsfs,337,0.00123144026368799
realsfs,340,0.0012314401856774
realsfs,343,0.00123144044282431
realsfs,346,0.00123144066212289
realsfs,349,0.00123144040401851
realsfs,352,0.0012314410062438
realsfs,355,0.00123144037390418
realsfs,358,0.00123144396944154
realsfs,361,0.00123144037640345
realsfs,364,0.00123144441956228
realsfs,367,0.00123144032044555
realsfs,370,0.0012314399032351
realsfs,373,0.0012314403551907
realsfs,376,0.00123143658116608
realsfs,379,0.00123144047681154
realsfs,382,0.00123144025649814
realsfs,385,0.00123144023077626
realsfs,388,0.00123144017605245
realsfs,391,0.00123144026364874
realsfs,394,0.00123144015507139
realsfs,397,0.00123144032543806
realsfs,400,0.00123144000785555
realsfs,403,0.00123144035462964
realsfs,406,0.0012314365449855
realsfs,409,0.00123144033458388
realsfs,412,0.00123143885889613
realsfs,415,0.00123144037753815
realsfs,418,0.00123144202245689
realsfs,421,0.00123144036983523
realsfs,424,0.00123144107823001
realsfs,427,0.00123144032689673
realsfs,430,0.00123143974619662
realsfs,433,0.00123144037333787
realsfs,436,0.00123144194375744
realsfs,439,0.00123144036727901
realsfs,442,0.00123144090557406
realsfs,445,0.00123144035135636
realsfs,448,0.00123144063395461
realsfs,451,0.00123144037464759
realsfs,454,0.00123144063496957
realsfs,457,0.00123144035836407
realsfs,460,0.00123144141479311
realsfs,463,0.00123144016856565
realsfs,466,0.00123144030364082
realsfs,469,0.00123144008426826
realsfs,472,0.00123144034759851
realsfs,475,0.00123144000092073
realsfs,478,0.00123144034938356
realsfs,481,0.00123144038101222
realsfs,484,0.00123144028145161
realsfs,487,0.00123144015588223
realsfs,490,0.00123144033250064
realsfs,493,0.00123143997373002
realsfs,496,0.00123144035163461
realsfs,499,0.00123144018515901
realsfs,502,0.00123144035698334
winsfs_b500_w100,1,0.00123678581937951
winsfs_b500_w100,2,0.0012319613911878
winsfs_b500_w100,3,0.00123174733911817
winsfs_b500_w100,4,0.001231719044159
winsfs_b500_w100,5,0.00123171325072286
winsfs_b500_w100,6,0.00123171167370996
winsfs_b500_w100,7,0.00123171113937124
winsfs_b500_w100,8,0.00123171092446637
winsfs_b500_w100,9,0.00123171082594694
winsfs_b500_w100,10,0.00123171077628422
winsfs_b500_w100,11,0.00123171074963307
winsfs_b500_w100,12,0.00123171073488171
winsfs_b500_w100,13,0.00123171072676044
winsfs_b500_w100,14,0.00123171072256219
winsfs_b500_w100,15,0.00123171072080027
winsfs_b500_w100,16,0.00123171072060658
winsfs_b500_w100,17,0.00123171072144853
winsfs_b500_w100,18,0.00123171072299457
winsfs_b500_w100,19,0.00123171072502044
winsfs_b500_w100,20,0.00123171072737463
winsfs_b500_w100,21,0.00123171072995302
winsfs_b500_w100,22,0.00123171073267416
winsfs_b500_w100,23,0.00123171073549461
winsfs_b500_w100,24,0.00123171073836932
winsfs_b500_w100,25,0.00123171074126828
winsfs_b500_w100,26,0.00123171074417335
winsfs_b500_w100,27,0.0012317107470699
winsfs_b500_w100,28,0.00123171074993912
winsfs_b500_w100,29,0.00123171075277769
winsfs_b500_w100,30,0.00123171075557379
winsfs_b500_w100,31,0.00123171075832936
winsfs_b500_w100,32,0.00123171076103415
winsfs_b500_w100,33,0.00123171076369076
winsfs_b500_w100,34,0.00123171076629347
winsfs_b500_w100,35,0.00123171076884298
winsfs_b500_w100,36,0.00123171077133797
winsfs_b500_w100,37,0.00123171077377861
winsfs_b500_w100,38,0.00123171077616484
winsfs_b500_w100,39,0.0012317107784988
winsfs_b500_w100,40,0.00123171078077672
winsfs_b500_w100,41,0.00123171078300079
winsfs_b500_w100,42,0.00123171078517661
winsfs_b500_w100,43,0.00123171078729687
winsfs_b500_w100,44,0.00123171078936612
winsfs_b500_w100,45,0.00123171079138694
winsfs_b500_w100,46,0.00123171079335896
winsfs_b500_w100,47,0.00123171079528336
winsfs_b500_w100,48,0.00123171079715851
winsfs_b500_w100,49,0.00123171079898844
winsfs_b500_w100,50,0.0012317108007769799
winsfs_b500_w100,51,0.00123171080251808
winsfs_b500_w100,52,0.00123171080421749
winsfs_b500_w100,53,0.0012317108058752
winsfs_b500_w100,54,0.00123171080749254
winsfs_b500_w100,55,0.00123171080906975
winsfs_b500_w100,56,0.00123171081060774
winsfs_b500_w100,57,0.00123171081210772
winsfs_b500_w100,58,0.00123171081357123
winsfs_b500_w100,59,0.00123171081500088
winsfs_b500_w100,60,0.00123171081639321
winsfs_b500_w100,61,0.00123171081775299
winsfs_b500_w100,62,0.0012317108190791
winsfs_b500_w100,63,0.00123171082037341
winsfs_b500_w100,64,0.00123171082163509
winsfs_b500_w100,65,0.00123171082286935
winsfs_b500_w100,66,0.00123171082407206
winsfs_b500_w100,67,0.00123171082524609
winsfs_b500_w100,68,0.00123171082639255
winsfs_b500_w100,69,0.00123171082751359
winsfs_b500_w100,70,0.00123171082860582
winsfs_b500_w100,71,0.00123171082967348
winsfs_b500_w100,72,0.00123171083071543
winsfs_b500_w100,73,0.00123171083173485
winsfs_b500_w100,74,0.00123171083273026
winsfs_b500_w100,75,0.00123171083369978
winsfs_b500_w100,76,0.00123171083464974
winsfs_b500_w100,77,0.00123171083557998
winsfs_b500_w100,78,0.0012317108364872
winsfs_b500_w100,79,0.00123171083737572
winsfs_b500_w100,80,0.00123171083824414
winsfs_b500_w100,81,0.00123171083909087
winsfs_b500_w100,82,0.00123171083992076
winsfs_b500_w100,83,0.00123171084073514
winsfs_b500_w100,84,0.00123171084152766
winsfs_b500_w100,85,0.00123171084230557
winsfs_b500_w100,86,0.00123171084306545
winsfs_b500_w100,87,0.00123171084381059
winsfs_b500_w100,88,0.00123171084454147
winsfs_b500_w100,89,0.0012317108452541
winsfs_b500_w100,90,0.00123171084595564
winsfs_b500_w100,91,0.00123171084663974
winsfs_b500_w100,92,0.00123171084731199
winsfs_b500_w100,93,0.00123171084796878
winsfs_b500_w100,94,0.00123171084861443
winsfs_b500_w100,95,0.00123171084924637
winsfs_b500_w100,96,0.00123171084986501
winsfs_b500_w100,97,0.0012317108504714
winsfs_b500_w100,98,0.0012317108510686
winsfs_b500_w100,99,0.00123171085165275
winsfs_b500_w100,100,0.0012317108522269
winsfs_b500_w100,101,0.00123171085279127
winsfs_b500_w100,102,0.00123171085333962
winsfs_b500_w100,103,0.00123171085388207
winsfs_b500_w100,104,0.00123171085441473
winsfs_b500_w100,105,0.00123171085493765
winsfs_b500_w100,106,0.00123171085544986
winsfs_b500_w100,107,0.00123171085595423
winsfs_b500_w100,108,0.00123171085644986
winsfs_b500_w100,109,0.00123171085693439
winsfs_b500_w100,110,0.00123171085741196
winsfs_b500_w100,111,0.00123171085788357
winsfs_b500_w100,112,0.00123171085834405
winsfs_b500_w100,113,0.00123171085879861
winsfs_b500_w100,114,0.00123171085924412
winsfs_b500_w100,115,0.00123171085968431
winsfs_b500_w100,116,0.00123171086011779
winsfs_b500_w100,117,0.00123171086054273
winsfs_b500_w100,118,0.00123171086095817
winsfs_b500_w100,119,0.00123171086136847
winsfs_b500_w100,120,0.00123171086177478
winsfs_b500_w100,121,0.00123171086217266
winsfs_b500_w100,122,0.0012317108625665
winsfs_b500_w100,123,0.00123171086295182
winsfs_b500_w100,124,0.00123171086333142
winsfs_b500_w100,125,0.00123171086370789
winsfs_b500_w100,126,0.00123171086407673
winsfs_b500_w100,127,0.00123171086443961
winsfs_b500_w100,128,0.00123171086479694
winsfs_b500_w100,129,0.00123171086514966
winsfs_b500_w100,130,0.00123171086549739
winsfs_b500_w100,131,0.00123171086584049
winsfs_b500_w100,132,0.00123171086617867
winsfs_b500_w100,133,0.00123171086651066
winsfs_b500_w100,134,0.00123171086683909
winsfs_b500_w100,135,0.00123171086716264
winsfs_b500_w100,136,0.00123171086748102
winsfs_b500_w100,137,0.00123171086779704
winsfs_b500_w100,138,0.00123171086810624
winsfs_b500_w100,139,0.00123171086841447
winsfs_b500_w100,140,0.00123171086871632
winsfs_b500_w100,141,0.00123171086901454
winsfs_b500_w100,142,0.00123171086930791
winsfs_b500_w100,143,0.0012317108695989
winsfs_b500_w100,144,0.00123171086988421
winsfs_b500_w100,145,0.00123171087016679
winsfs_b500_w100,146,0.00123171087044758
winsfs_b500_w100,147,0.00123171087072189
winsfs_b500_w100,148,0.00123171087099513
winsfs_b500_w100,149,0.00123171087126403
winsfs_b500_w100,150,0.00123171087152903
winsfs_b500_w100,151,0.00123171087178929
winsfs_b500_w100,152,0.0012317108720493
winsfs_b500_w100,153,0.00123171087230375
winsfs_b500_w100,154,0.00123171087255603
winsfs_b500_w100,155,0.00123171087280515
winsfs_b500_w100,156,0.00123171087305148
winsfs_b500_w100,157,0.00123171087329422
winsfs_b500_w100,158,0.00123171087353519
winsfs_b500_w100,159,0.00123171087377224
winsfs_b500_w100,160,0.00123171087400666
winsfs_b500_w100,161,0.00123171087423802
winsfs_b500_w100,162,0.00123171087446731
winsfs_b500_w100,163,0.00123171087469378
winsfs_b500_w100,164,0.00123171087491717
winsfs_b500_w100,165,0.00123171087513795
winsfs_b500_w100,166,0.00123171087535831
winsfs_b500_w100,167,0.00123171087557467
winsfs_b500_w100,168,0.00123171087578717
winsfs_b500_w100,169,0.0012317108759971
winsfs_b500_w100,170,0.00123171087620703
winsfs_b500_w100,171,0.0012317108764149
winsfs_b500_w100,172,0.00123171087661732
winsfs_b500_w100,173,0.00123171087681985
winsfs_b500_w100,174,0.00123171087701875
winsfs_b500_w100,175,0.00123171087721629
winsfs_b500_w100,176,0.00123171087740974
winsfs_b500_w100,177,0.0012317108776029
winsfs_b500_w100,178,0.00123171087779426
winsfs_b500_w100,179,0.00123171087798304
winsfs_b500_w100,180,0.00123171087816904
winsfs_b500_w100,181,0.00123171087835524
winsfs_b500_w100,182,0.0012317108785386
winsfs_b500_w100,183,0.00123171087871493
winsfs_b500_w100,184,0.00123171087889513
winsfs_b500_w100,185,0.00123171087907212
winsfs_b500_w100,186,0.00123171087924753
winsfs_b500_w100,187,0.00123171087941875
winsfs_b500_w100,188,0.00123171087958858
winsfs_b500_w100,189,0.00123171087975963
winsfs_b500_w100,190,0.00123171087992703
winsfs_b500_w100,191,0.00123171088009123
winsfs_b500_w100,192,0.00123171088025549
winsfs_b500_w100,193,0.0012317108804165
winsfs_b500_w100,194,0.00123171088057672
winsfs_b500_w100,195,0.00123171088073634
winsfs_b500_w100,196,0.00123171088089319
winsfs_b500_w100,197,0.00123171088104825
winsfs_b500_w100,198,0.00123171088120101
winsfs_b500_w100,199,0.00123171088135332
winsfs_b500_w100,200,0.00123171088150391
winsfs_b500_w100,201,0.00123171088164994
winsfs_b500_w100,202,0.00123171088179869
winsfs_b500_w100,203,0.00123171088194473
winsfs_b500_w100,204,0.00123171088208895
winsfs_b500_w100,205,0.00123171088223159
winsfs_b500_w100,206,0.00123171088237135
winsfs_b500_w100,207,0.00123171088251184
winsfs_b500_w100,208,0.00123171088264913
winsfs_b500_w100,209,0.00123171088278528
winsfs_b500_w100,210,0.00123171088292169
winsfs_b500_w100,211,0.0012317108830549
winsfs_b500_w100,212,0.00123171088318687
winsfs_b500_w100,213,0.00123171088331836
winsfs_b500_w100,214,0.00123171088344849
winsfs_b500_w100,215,0.00123171088357708
winsfs_b500_w100,216,0.00123171088370406
winsfs_b500_w100,217,0.001231710883829
winsfs_b500_w100,218,0.00123171088395369
winsfs_b500_w100,219,0.00123171088407745
winsfs_b500_w100,220,0.00123171088419783
winsfs_b500_w100,221,0.0012317108843183
winsfs_b500_w100,222,0.00123171088443745
winsfs_b500_w100,223,0.00123171088455504
winsfs_b500_w100,224,0.00123171088467243
winsfs_b500_w100,225,0.00123171088478722
winsfs_b500_w100,226,0.00123171088490139
winsfs_b500_w100,227,0.00123171088501551
winsfs_b500_w100,228,0.0012317108851266
winsfs_b500_w100,229,0.00123171088523876
winsfs_b500_w100,230,0.00123171088534908
winsfs_b500_w100,231,0.00123171088545586
winsfs_b500_w100,232,0.00123171088556385
winsfs_b500_w100,233,0.00123171088567074
winsfs_b500_w100,234,0.00123171088577396
winsfs_b500_w100,235,0.00123171088588092
winsfs_b500_w100,236,0.00123171088598199
winsfs_b500_w100,237,0.00123171088608523
winsfs_b500_w100,238,0.00123171088618644
winsfs_b500_w100,239,0.00123171088628585
winsfs_b500_w100,240,0.00123171088638425
winsfs_b500_w100,241,0.00123171088648188
winsfs_b500_w100,242,0.00123171088657922
winsfs_b500_w100,243,0.00123171088667439
winsfs_b500_w100,244,0.00123171088676855
winsfs_b500_w100,245,0.00123171088686283
winsfs_b500_w100,246,0.0012317108869548
winsfs_b500_w100,247,0.00123171088704806
winsfs_b500_w100,248,0.00123171088713886
winsfs_b500_w100,249,0.00123171088722649
winsfs_b500_w100,250,0.00123171088731754
winsfs_b500_w100,251,0.0012317108874047
winsfs_b500_w100,252,0.00123171088749206
winsfs_b500_w100,253,0.00123171088757799
winsfs_b500_w100,254,0.00123171088766573
winsfs_b500_w100,255,0.00123171088774839
winsfs_b500_w100,256,0.00123171088783285
winsfs_b500_w100,257,0.00123171088791361
winsfs_b500_w100,258,0.00123171088799702
winsfs_b500_w100,259,0.00123171088807978
winsfs_b500_w100,260,0.00123171088815801
winsfs_b500_w100,261,0.00123171088823698
winsfs_b500_w100,262,0.00123171088831538
winsfs_b500_w100,263,0.00123171088839255
winsfs_b500_w100,264,0.00123171088847022
winsfs_b500_w100,265,0.00123171088854584
winsfs_b500_w100,266,0.00123171088862034
winsfs_b500_w100,267,0.00123171088869522
winsfs_b500_w100,268,0.00123171088876868
winsfs_b500_w100,269,0.00123171088884047
winsfs_b500_w100,270,0.00123171088891513
winsfs_b500_w100,271,0.00123171088898464
winsfs_b500_w100,272,0.00123171088905595
winsfs_b500_w100,273,0.00123171088912591
winsfs_b500_w100,274,0.00123171088919398
winsfs_b500_w100,275,0.00123171088926165
winsfs_b500_w100,276,0.00123171088932983
winsfs_b500_w100,277,0.00123171088939518
winsfs_b500_w100,278,0.00123171088946326
winsfs_b500_w100,279,0.00123171088952789
winsfs_b500_w100,280,0.00123171088959261
winsfs_b500_w100,281,0.00123171088965615
winsfs_b500_w100,282,0.00123171088972105
winsfs_b500_w100,283,0.00123171088978236
winsfs_b500_w100,284,0.00123171088984367
winsfs_b500_w100,285,0.00123171088990715
winsfs_b500_w100,286,0.0012317108899686
winsfs_b500_w100,287,0.00123171089002609
winsfs_b500_w100,288,0.00123171089008772
winsfs_b500_w100,289,0.00123171089014432
winsfs_b500_w100,290,0.0012317108902029901
winsfs_b500_w100,291,0.0012317108902579
winsfs_b500_w100,292,0.00123171089031744
winsfs_b500_w100,293,0.001231710890373
winsfs_b500_w100,294,0.00123171089042855
winsfs_b500_w100,295,0.00123171089048355
winsfs_b500_w100,296,0.00123171089053889
winsfs_b500_w100,297,0.00123171089059137
winsfs_b500_w100,298,0.00123171089064634
winsfs_b500_w100,299,0.00123171089069988
winsfs_b500_w100,300,0.0012317108907501
winsfs_b500_w100,301,0.0012317108908021
winsfs_b500_w100,302,0.00123171089085175
winsfs_b500_w100,303,0.00123171089090313
winsfs_b500_w100,304,0.00123171089095183
winsfs_b500_w100,305,0.00123171089100248
winsfs_b500_w100,306,0.00123171089105121
winsfs_b500_w100,307,0.00123171089109997
winsfs_b500_w100,308,0.00123171089114688
winsfs_b500_w100,309,0.00123171089119359
winsfs_b500_w100,310,0.00123171089124137
winsfs_b500_w100,311,0.00123171089128641
winsfs_b500_w100,312,0.00123171089133249
winsfs_b500_w100,313,0.00123171089137762
winsfs_b500_w100,314,0.00123171089142181
winsfs_b500_w100,315,0.00123171089146556
winsfs_b500_w100,316,0.00123171089150819
winsfs_b500_w100,317,0.00123171089155293
winsfs_b500_w100,318,0.00123171089159557
winsfs_b500_w100,319,0.00123171089163791
winsfs_b500_w100,320,0.00123171089168022
winsfs_b500_w100,321,0.00123171089171926
winsfs_b500_w100,322,0.00123171089176111
winsfs_b500_w100,323,0.00123171089180117
winsfs_b500_w100,324,0.00123171089184037
winsfs_b500_w100,325,0.00123171089188099
winsfs_b500_w100,326,0.00123171089191947
winsfs_b500_w100,327,0.00123171089195696
winsfs_b500_w100,328,0.00123171089199579
winsfs_b500_w100,329,0.00123171089203221
winsfs_b500_w100,330,0.00123171089207073
winsfs_b500_w100,331,0.00123171089210589
winsfs_b500_w100,332,0.00123171089214291
winsfs_b500_w100,333,0.00123171089217892
winsfs_b500_w100,334,0.00123171089221658
winsfs_b500_w100,335,0.0012317108922486
winsfs_b500_w100,336,0.00123171089228435
winsfs_b500_w100,337,0.00123171089231979
winsfs_b500_w100,338,0.00123171089235341
winsfs_b500_w100,339,0.00123171089238698
winsfs_b500_w100,340,0.00123171089242015
winsfs_b500_w100,341,0.00123171089245139
winsfs_b500_w100,342,0.00123171089248404
winsfs_b500_w100,343,0.00123171089251762
winsfs_b500_w100,344,0.00123171089254968
winsfs_b500_w100,345,0.00123171089257917
winsfs_b500_w100,346,0.00123171089261066
winsfs_b500_w100,347,0.00123171089264003
winsfs_b500_w100,348,0.00123171089267121
winsfs_b500_w100,349,0.00123171089270194
winsfs_b500_w100,350,0.00123171089273055
winsfs_b500_w100,351,0.00123171089276072
winsfs_b500_w100,352,0.00123171089278772
winsfs_b500_w100,353,0.00123171089281863
winsfs_b500_w100,354,0.00123171089284558
winsfs_b500_w100,355,0.00123171089287179
winsfs_b500_w100,356,0.00123171089289936
winsfs_b500_w100,357,0.00123171089292703
winsfs_b500_w100,358,0.00123171089295462
winsfs_b500_w100,359,0.0012317108929803
winsfs_b500_w100,360,0.00123171089300665
winsfs_b500_w100,361,0.00123171089303361
winsfs_b500_w100,362,0.00123171089305822
winsfs_b500_w100,363,0.00123171089308202
winsfs_b500_w100,364,0.00123171089310925
winsfs_b500_w100,365,0.00123171089313315
winsfs_b500_w100,366,0.0012317108931549
winsfs_b500_w100,367,0.00123171089317988
winsfs_b500_w100,368,0.0012317108932036701
winsfs_b500_w100,369,0.00123171089322777
winsfs_b500_w100,370,0.00123171089325144
winsfs_b500_w100,371,0.00123171089327388
winsfs_b500_w100,372,0.00123171089329552
winsfs_b500_w100,373,0.00123171089331974
winsfs_b500_w100,374,0.00123171089334009
winsfs_b500_w100,375,0.00123171089336312
winsfs_b500_w100,376,0.00123171089338354
winsfs_b500_w100,377,0.00123171089340577
winsfs_b500_w100,378,0.00123171089342637
winsfs_b500_w100,379,0.00123171089344736
winsfs_b500_w100,380,0.0012317108934682
winsfs_b500_w100,381,0.00123171089348707
winsfs_b500_w100,382,0.00123171089350714
winsfs_b500_w100,383,0.00123171089352934
winsfs_b500_w100,384,0.00123171089354643
winsfs_b500_w100,385,0.00123171089356575
winsfs_b500_w100,386,0.00123171089358667
winsfs_b500_w100,387,0.00123171089360328
winsfs_b500_w100,388,0.00123171089362302
winsfs_b500_w100,389,0.00123171089364063
winsfs_b500_w100,390,0.00123171089365827
winsfs_b500_w100,391,0.00123171089367526
winsfs_b500_w100,392,0.0012317108936924
winsfs_b500_w100,393,0.00123171089371211
winsfs_b500_w100,394,0.00123171089373005
winsfs_b500_w100,395,0.00123171089374465
winsfs_b500_w100,396,0.00123171089376011
winsfs_b500_w100,397,0.00123171089377812
winsfs_b500_w100,398,0.001231710893794
winsfs_b500_w100,399,0.0012317108938107
winsfs_b500_w100,400,0.00123171089382645
winsfs_b500_w100,401,0.00123171089384236
winsfs_b500_w100,402,0.00123171089385687
winsfs_b500_w100,403,0.00123171089387179
winsfs_b500_w100,404,0.00123171089388721
winsfs_b500_w100,405,0.00123171089390231
winsfs_b500_w100,406,0.00123171089391677
winsfs_b500_w100,407,0.00123171089392999
winsfs_b500_w100,408,0.00123171089394621
winsfs_b500_w100,409,0.00123171089395995
winsfs_b500_w100,410,0.00123171089397348
winsfs_b500_w100,411,0.00123171089398635
winsfs_b500_w100,412,0.0012317108939997
winsfs_b500_w100,413,0.00123171089401456
winsfs_b500_w100,414,0.00123171089402871
winsfs_b500_w100,415,0.00123171089403937
winsfs_b500_w100,416,0.00123171089405277
winsfs_b500_w100,417,0.00123171089406622
winsfs_b500_w100,418,0.00123171089407783
winsfs_b500_w100,419,0.00123171089409062
winsfs_b500_w100,420,0.00123171089410326
winsfs_b500_w100,421,0.00123171089411517
winsfs_b500_w100,422,0.00123171089412795
winsfs_b500_w100,423,0.00123171089413643
winsfs_b500_w100,424,0.00123171089414872
winsfs_b500_w100,425,0.00123171089416011
winsfs_b500_w100,426,0.0012317108941706
winsfs_b500_w100,427,0.0012317108941812
winsfs_b500_w100,428,0.00123171089419168
winsfs_b500_w100,429,0.00123171089420358
winsfs_b500_w100,430,0.00123171089421561
winsfs_b500_w100,431,0.00123171089422457
winsfs_b500_w100,432,0.00123171089423464
winsfs_b500_w100,433,0.00123171089424497
winsfs_b500_w100,434,0.00123171089425489
winsfs_b500_w100,435,0.00123171089426526
winsfs_b500_w100,436,0.00123171089427387
winsfs_b500_w100,437,0.00123171089428363
winsfs_b500_w100,438,0.00123171089429293
winsfs_b500_w100,439,0.00123171089430219
winsfs_b500_w100,440,0.00123171089431126
winsfs_b500_w100,441,0.00123171089432035
winsfs_b500_w100,442,0.00123171089432805
winsfs_b500_w100,443,0.00123171089433772
winsfs_b500_w100,444,0.00123171089434793
winsfs_b500_w100,445,0.00123171089435457
winsfs_b500_w100,446,0.00123171089436312
winsfs_b500_w100,447,0.00123171089437222
winsfs_b500_w100,448,0.00123171089437709
winsfs_b500_w100,449,0.00123171089438682
winsfs_b500_w100,450,0.0012317108943935
winsfs_b500_w100,451,0.00123171089440145
winsfs_b500_w100,452,0.00123171089441057
winsfs_b500_w100,453,0.00123171089441815
winsfs_b500_w100,454,0.00123171089442438
winsfs_b500_w100,455,0.00123171089443314
winsfs_b500_w100,456,0.00123171089443925
winsfs_b500_w100,457,0.00123171089444533
winsfs_b500_w100,458,0.00123171089445216
winsfs_b500_w100,459,0.00123171089445892
winsfs_b500_w100,460,0.00123171089446547
winsfs_b500_w100,461,0.00123171089447205
winsfs_b500_w100,462,0.00123171089447912
winsfs_b500_w100,463,0.00123171089448534
winsfs_b500_w100,464,0.00123171089449282
winsfs_b500_w100,465,0.0012317108944981
winsfs_b500_w100,466,0.00123171089450538
winsfs_b500_w100,467,0.00123171089451035
winsfs_b500_w100,468,0.00123171089451504
winsfs_b500_w100,469,0.00123171089452237
winsfs_b500_w100,470,0.00123171089452722
winsfs_b500_w100,471,0.00123171089453297
winsfs_b500_w100,472,0.00123171089453876
winsfs_b500_w100,473,0.00123171089454269
winsfs_b500_w100,474,0.0012317108945475
winsfs_b500_w100,475,0.00123171089455432
winsfs_b500_w100,476,0.00123171089455929
winsfs_b500_w100,477,0.00123171089456474
winsfs_b500_w100,478,0.00123171089457
winsfs_b500_w100,479,0.00123171089457325
winsfs_b500_w100,480,0.00123171089457884
winsfs_b500_w100,481,0.00123171089458475
winsfs_b500_w100,482,0.00123171089458845
winsfs_b500_w100,483,0.00123171089459301
winsfs_b500_w100,484,0.00123171089459611
winsfs_b500_w100,485,0.00123171089460262
winsfs_b500_w100,486,0.00123171089460679
winsfs_b500_w100,487,0.00123171089460952
winsfs_b500_w100,488,0.00123171089461424
winsfs_b500_w100,489,0.00123171089461904
winsfs_b500_w100,490,0.00123171089462324
winsfs_b500_w100,491,0.00123171089462557
winsfs_b500_w100,492,0.0012317108946313
winsfs_b500_w100,493,0.00123171089463164
winsfs_b500_w100,494,0.00123171089463918
winsfs_b500_w100,495,0.00123171089464097
winsfs_b500_w100,496,0.00123171089464556
winsfs_b500_w100,497,0.00123171089464788
winsfs_b500_w100,498,0.00123171089465118
winsfs_b500_w100,499,0.00123171089465397
winsfs_b500_w100,500,0.00123171089465948
winsfs_b500_w250,1,0.00131687001616075
winsfs_b500_w250,2,0.0012406451424567
winsfs_b500_w250,3,0.00123342624718265
winsfs_b500_w250,4,0.00123216148147124
winsfs_b500_w250,5,0.00123182547570226
winsfs_b500_w250,6,0.00123171097289928
winsfs_b500_w250,7,0.00123166540205703
winsfs_b500_w250,8,0.00123164527562074
winsfs_b500_w250,9,0.00123163568242274
winsfs_b500_w250,10,0.00123163082467435
winsfs_b500_w250,11,0.0012316282364426
winsfs_b500_w250,12,0.00123162679481019
winsfs_b500_w250,13,0.00123162595937569
winsfs_b500_w250,14,0.00123162545758172
winsfs_b500_w250,15,0.00123162514617983
winsfs_b500_w250,16,0.00123162494706872
winsfs_b500_w250,17,0.00123162481621397
winsfs_b500_w250,18,0.00123162472803138
winsfs_b500_w250,19,0.00123162466722987
winsfs_b500_w250,20,0.00123162462442457
winsfs_b500_w250,21,0.0012316245937292
winsfs_b500_w250,22,0.0012316245713477
winsfs_b500_w250,23,0.0012316245547981
winsfs_b500_w250,24,0.00123162454241192
winsfs_b500_w250,25,0.00123162453305165
winsfs_b500_w250,26,0.00123162452592185
winsfs_b500_w250,27,0.00123162452046941
winsfs_b500_w250,28,0.00123162451628655
winsfs_b500_w250,29,0.00123162451308145
winsfs_b500_w250,30,0.00123162451063331
winsfs_b500_w250,31,0.00123162450878613
winsfs_b500_w250,32,0.00123162450740983
winsfs_b500_w250,33,0.00123162450640935
winsfs_b500_w250,34,0.00123162450571386
winsfs_b500_w250,35,0.0012316245052656
winsfs_b500_w250,36,0.00123162450501513
winsfs_b500_w250,37,0.00123162450492746
winsfs_b500_w250,38,0.001231624504973
winsfs_b500_w250,39,0.00123162450513146
winsfs_b500_w250,40,0.00123162450538026
winsfs_b500_w250,41,0.00123162450570247
winsfs_b500_w250,42,0.00123162450608861
winsfs_b500_w250,43,0.00123162450652425
winsfs_b500_w250,44,0.00123162450700155
winsfs_b500_w250,45,0.00123162450751563
winsfs_b500_w250,46,0.00123162450805646
winsfs_b500_w250,47,0.00123162450862103
winsfs_b500_w250,48,0.00123162450920551
winsfs_b500_w250,49,0.00123162450980351
winsfs_b500_w250,50,0.00123162451041462
winsfs_b500_w250,51,0.00123162451103501
winsfs_b500_w250,52,0.00123162451165907
winsfs_b500_w250,53,0.00123162451229401
winsfs_b500_w250,54,0.00123162451292849
winsfs_b500_w250,55,0.00123162451356525
winsfs_b500_w250,56,0.00123162451420357
winsfs_b500_w250,57,0.00123162451484078
winsfs_b500_w250,58,0.00123162451547718
winsfs_b500_w250,59,0.0012316245161131
winsfs_b500_w250,60,0.00123162451674226
winsfs_b500_w250,61,0.00123162451737283
winsfs_b500_w250,62,0.00123162451799632
winsfs_b500_w250,63,0.00123162451861881
winsfs_b500_w250,64,0.00123162451923544
winsfs_b500_w250,65,0.00123162451984605
winsfs_b500_w250,66,0.00123162452045245
winsfs_b500_w250,67,0.00123162452105342
winsfs_b500_w250,68,0.00123162452164948
winsfs_b500_w250,69,0.00123162452224007
winsfs_b500_w250,70,0.00123162452282393
winsfs_b500_w250,71,0.00123162452340299
winsfs_b500_w250,72,0.0012316245239757
winsfs_b500_w250,73,0.00123162452454281
winsfs_b500_w250,74,0.00123162452510424
winsfs_b500_w250,75,0.00123162452565939
winsfs_b500_w250,76,0.00123162452620749
winsfs_b500_w250,77,0.00123162452675194
winsfs_b500_w250,78,0.00123162452728778
winsfs_b500_w250,79,0.0012316245278174
winsfs_b500_w250,80,0.00123162452834189
winsfs_b500_w250,81,0.00123162452886123
winsfs_b500_w250,82,0.00123162452937387
winsfs_b500_w250,83,0.00123162452987852
winsfs_b500_w250,84,0.0012316245303792
winsfs_b500_w250,85,0.00123162453087336
winsfs_b500_w250,86,0.00123162453136281
winsfs_b500_w250,87,0.00123162453184448
winsfs_b500_w250,88,0.00123162453232069
winsfs_b500_w250,89,0.00123162453279225
winsfs_b500_w250,90,0.00123162453325759
winsfs_b500_w250,91,0.00123162453371573
winsfs_b500_w250,92,0.00123162453416836
winsfs_b500_w250,93,0.00123162453461728
winsfs_b500_w250,94,0.00123162453505917
winsfs_b500_w250,95,0.00123162453549536
winsfs_b500_w250,96,0.001231624535926
winsfs_b500_w250,97,0.00123162453635315
winsfs_b500_w250,98,0.00123162453677231
winsfs_b500_w250,99,0.00123162453718713
winsfs_b500_w250,100,0.00123162453759611
winsfs_b500_w250,101,0.00123162453800105
winsfs_b500_w250,102,0.00123162453839888
winsfs_b500_w250,103,0.00123162453879485
winsfs_b500_w250,104,0.00123162453918234
winsfs_b500_w250,105,0.0012316245395657
winsfs_b500_w250,106,0.00123162453994434
winsfs_b500_w250,107,0.00123162454031844
winsfs_b500_w250,108,0.00123162454068718
winsfs_b500_w250,109,0.00123162454105092
winsfs_b500_w250,110,0.00123162454141034
winsfs_b500_w250,111,0.00123162454176602
winsfs_b500_w250,112,0.00123162454211437
winsfs_b500_w250,113,0.00123162454246057
winsfs_b500_w250,114,0.00123162454280383
winsfs_b500_w250,115,0.00123162454313846
winsfs_b500_w250,116,0.00123162454346975
winsfs_b500_w250,117,0.0012316245437955
winsfs_b500_w250,118,0.00123162454412003
winsfs_b500_w250,119,0.00123162454443954
winsfs_b500_w250,120,0.00123162454475472
winsfs_b500_w250,121,0.00123162454506385
winsfs_b500_w250,122,0.00123162454537067
winsfs_b500_w250,123,0.00123162454567248
winsfs_b500_w250,124,0.00123162454597209
winsfs_b500_w250,125,0.00123162454626602
winsfs_b500_w250,126,0.00123162454655453
winsfs_b500_w250,127,0.00123162454684175
winsfs_b500_w250,128,0.00123162454712524
winsfs_b500_w250,129,0.00123162454740265
winsfs_b500_w250,130,0.00123162454767907
winsfs_b500_w250,131,0.00123162454795114
winsfs_b500_w250,132,0.00123162454821684
winsfs_b500_w250,133,0.0012316245484811
winsfs_b500_w250,134,0.00123162454874045
winsfs_b500_w250,135,0.00123162454899809
winsfs_b500_w250,136,0.00123162454925346
winsfs_b500_w250,137,0.00123162454950104
winsfs_b500_w250,138,0.00123162454974886
winsfs_b500_w250,139,0.00123162454999497
winsfs_b500_w250,140,0.0012316245502348
winsfs_b500_w250,141,0.00123162455047117
winsfs_b500_w250,142,0.00123162455070467
winsfs_b500_w250,143,0.00123162455093674
winsfs_b500_w250,144,0.00123162455116414
winsfs_b500_w250,145,0.00123162455138734
winsfs_b500_w250,146,0.00123162455161042
winsfs_b500_w250,147,0.00123162455182751
winsfs_b500_w250,148,0.00123162455204408
winsfs_b500_w250,149,0.00123162455225638
winsfs_b500_w250,150,0.00123162455246606
winsfs_b500_w250,151,0.00123162455267476
winsfs_b500_w250,152,0.0012316245528791
winsfs_b500_w250,153,0.00123162455308022
winsfs_b500_w250,154,0.0012316245532804
winsfs_b500_w250,155,0.00123162455347683
winsfs_b500_w250,156,0.0012316245536715
winsfs_b500_w250,157,0.00123162455386378
winsfs_b500_w250,158,0.00123162455405083
winsfs_b500_w250,159,0.00123162455423723
winsfs_b500_w250,160,0.00123162455442175
winsfs_b500_w250,161,0.00123162455460231
winsfs_b500_w250,162,0.00123162455478175
winsfs_b500_w250,163,0.00123162455495968
winsfs_b500_w250,164,0.00123162455513227
winsfs_b500_w250,165,0.00123162455530504
winsfs_b500_w250,166,0.00123162455547522
winsfs_b500_w250,167,0.00123162455564349
winsfs_b500_w250,168,0.00123162455580775
winsfs_b500_w250,169,0.00123162455597054
winsfs_b500_w250,170,0.00123162455613408
winsfs_b500_w250,171,0.00123162455629261
winsfs_b500_w250,172,0.00123162455644956
winsfs_b500_w250,173,0.00123162455660479
winsfs_b500_w250,174,0.00123162455675774
winsfs_b500_w250,175,0.0012316245569085
winsfs_b500_w250,176,0.00123162455705779
winsfs_b500_w250,177,0.00123162455720674
winsfs_b500_w250,178,0.00123162455735066
winsfs_b500_w250,179,0.00123162455749557
winsfs_b500_w250,180,0.00123162455763786
winsfs_b500_w250,181,0.00123162455777701
winsfs_b500_w250,182,0.00123162455791598
winsfs_b500_w250,183,0.00123162455805321
winsfs_b500_w250,184,0.00123162455818828
winsfs_b500_w250,185,0.00123162455832176
winsfs_b500_w250,186,0.001231624558452
winsfs_b500_w250,187,0.00123162455858049
winsfs_b500_w250,188,0.00123162455871102
winsfs_b500_w250,189,0.001231624558838
winsfs_b500_w250,190,0.00123162455896324
winsfs_b500_w250,191,0.0012316245590855
winsfs_b500_w250,192,0.00123162455920906
winsfs_b500_w250,193,0.00123162455932878
winsfs_b500_w250,194,0.00123162455944765
winsfs_b500_w250,195,0.00123162455956617
winsfs_b500_w250,196,0.00123162455968434
winsfs_b500_w250,197,0.00123162455979804
winsfs_b500_w250,198,0.00123162455991234
winsfs_b500_w250,199,0.00123162456002424
winsfs_b500_w250,200,0.00123162456013628
winsfs_b500_w250,201,0.00123162456024412
winsfs_b500_w250,202,0.00123162456035398
winsfs_b500_w250,203,0.00123162456045992
winsfs_b500_w250,204,0.00123162456056553
winsfs_b500_w250,205,0.00123162456067032
winsfs_b500_w250,206,0.00123162456077594
winsfs_b500_w250,207,0.00123162456087774
winsfs_b500_w250,208,0.00123162456097855
winsfs_b500_w250,209,0.00123162456107915
winsfs_b500_w250,210,0.00123162456117907
winsfs_b500_w250,211,0.00123162456127665
winsfs_b500_w250,212,0.0012316245613723
winsfs_b500_w250,213,0.00123162456146773
winsfs_b500_w250,214,0.00123162456156323
winsfs_b500_w250,215,0.0012316245616565
winsfs_b500_w250,216,0.00123162456174805
winsfs_b500_w250,217,0.00123162456184071
winsfs_b500_w250,218,0.0012316245619304
winsfs_b500_w250,219,0.00123162456202154
winsfs_b500_w250,220,0.00123162456210944
winsfs_b500_w250,221,0.00123162456219825
winsfs_b500_w250,222,0.00123162456228363
winsfs_b500_w250,223,0.00123162456236904
winsfs_b500_w250,224,0.00123162456245443
winsfs_b500_w250,225,0.00123162456254026
winsfs_b500_w250,226,0.00123162456262398
winsfs_b500_w250,227,0.00123162456270561
winsfs_b500_w250,228,0.0012316245627875
winsfs_b500_w250,229,0.00123162456286766
winsfs_b500_w250,230,0.0012316245629473
winsfs_b500_w250,231,0.00123162456302772
winsfs_b500_w250,232,0.00123162456310577
winsfs_b500_w250,233,0.00123162456318343
winsfs_b500_w250,234,0.00123162456325902
winsfs_b500_w250,235,0.00123162456333541
winsfs_b500_w250,236,0.00123162456341161
winsfs_b500_w250,237,0.00123162456348634
winsfs_b500_w250,238,0.00123162456355975
winsfs_b500_w250,239,0.00123162456363194
winsfs_b500_w250,240,0.00123162456370699
winsfs_b500_w250,241,0.00123162456377777
winsfs_b500_w250,242,0.00123162456384817
winsfs_b500_w250,243,0.0012316245639202
winsfs_b500_w250,244,0.00123162456398947
winsfs_b500_w250,245,0.0012316245640596
winsfs_b500_w250,246,0.00123162456412741
winsfs_b500_w250,247,0.0012316245641942
winsfs_b500_w250,248,0.00123162456426149
winsfs_b500_w250,249,0.00123162456433043
winsfs_b500_w250,250,0.00123162456439529
winsfs_b500_w250,251,0.00123162456446196
winsfs_b500_w250,252,0.00123162456452641
winsfs_b500_w250,253,0.00123162456459097
winsfs_b500_w250,254,0.00123162456465519
winsfs_b500_w250,255,0.00123162456471819
winsfs_b500_w250,256,0.00123162456478192
winsfs_b500_w250,257,0.00123162456484463
winsfs_b500_w250,258,0.00123162456490782
winsfs_b500_w250,259,0.00123162456496782
winsfs_b500_w250,260,0.00123162456502851
winsfs_b500_w250,261,0.00123162456508891
winsfs_b500_w250,262,0.00123162456514831
winsfs_b500_w250,263,0.00123162456520915
winsfs_b500_w250,264,0.00123162456526781
winsfs_b500_w250,265,0.00123162456532687
winsfs_b500_w250,266,0.00123162456538555
winsfs_b500_w250,267,0.00123162456544248
winsfs_b500_w250,268,0.0012316245654998
winsfs_b500_w250,269,0.00123162456555804
winsfs_b500_w250,270,0.00123162456561422
winsfs_b500_w250,271,0.00123162456567054
winsfs_b500_w250,272,0.00123162456572404
winsfs_b500_w250,273,0.0012316245657792
winsfs_b500_w250,274,0.00123162456583338
winsfs_b500_w250,275,0.00123162456588889
winsfs_b500_w250,276,0.00123162456594109
winsfs_b500_w250,277,0.00123162456599431
winsfs_b500_w250,278,0.00123162456604679
winsfs_b500_w250,279,0.00123162456610215
winsfs_b500_w250,280,0.001231624566155
winsfs_b500_w250,281,0.00123162456620832
winsfs_b500_w250,282,0.00123162456625759
winsfs_b500_w250,283,0.00123162456630967
winsfs_b500_w250,284,0.00123162456636113
winsfs_b500_w250,285,0.0012316245664099
winsfs_b500_w250,286,0.0012316245664623
winsfs_b500_w250,287,0.00123162456651307
winsfs_b500_w250,288,0.0012316245665629
winsfs_b500_w250,289,0.0012316245666103
winsfs_b500_w250,290,0.00123162456666096
winsfs_b500_w250,291,0.00123162456671087
winsfs_b500_w250,292,0.00123162456675961
winsfs_b500_w250,293,0.00123162456680607
winsfs_b500_w250,294,0.0012316245668552
winsfs_b500_w250,295,0.00123162456690324
winsfs_b500_w250,296,0.00123162456695089
winsfs_b500_w250,297,0.0012316245669975
winsfs_b500_w250,298,0.00123162456704568
winsfs_b500_w250,299,0.00123162456709039
winsfs_b500_w250,300,0.00123162456713738
winsfs_b500_w250,301,0.00123162456718393
winsfs_b500_w250,302,0.00123162456722995
winsfs_b500_w250,303,0.00123162456727473
winsfs_b500_w250,304,0.00123162456732122
winsfs_b500_w250,305,0.00123162456736461
winsfs_b500_w250,306,0.00123162456741132
winsfs_b500_w250,307,0.00123162456745461
winsfs_b500_w250,308,0.00123162456749883
winsfs_b500_w250,309,0.00123162456754356
winsfs_b500_w250,310,0.00123162456758723
winsfs_b500_w250,311,0.00123162456763052
winsfs_b500_w250,312,0.00123162456767235
winsfs_b500_w250,313,0.0012316245677166
winsfs_b500_w250,314,0.00123162456776155
winsfs_b500_w250,315,0.00123162456780473
winsfs_b500_w250,316,0.00123162456784699
winsfs_b500_w250,317,0.00123162456788899
winsfs_b500_w250,318,0.00123162456792987
winsfs_b500_w250,319,0.00123162456797178
winsfs_b500_w250,320,0.00123162456801432
winsfs_b500_w250,321,0.00123162456805434
winsfs_b500_w250,322,0.00123162456809803
winsfs_b500_w250,323,0.00123162456813963
winsfs_b500_w250,324,0.00123162456817949
winsfs_b500_w250,325,0.0012316245682193
winsfs_b500_w250,326,0.00123162456826136
winsfs_b500_w250,327,0.00123162456830229
winsfs_b500_w250,328,0.00123162456834198
winsfs_b500_w250,329,0.00123162456838254
winsfs_b500_w250,330,0.00123162456842104
winsfs_b500_w250,331,0.00123162456846021
winsfs_b500_w250,332,0.00123162456850003
winsfs_b500_w250,333,0.00123162456854008
winsfs_b500_w250,334,0.00123162456857878
winsfs_b500_w250,335,0.00123162456862019
winsfs_b500_w250,336,0.00123162456865692
winsfs_b500_w250,337,0.00123162456869601
winsfs_b500_w250,338,0.00123162456873424
winsfs_b500_w250,339,0.00123162456877269
winsfs_b500_w250,340,0.00123162456881088
winsfs_b500_w250,341,0.00123162456884918
winsfs_b500_w250,342,0.00123162456888765
winsfs_b500_w250,343,0.00123162456892435
winsfs_b500_w250,344,0.00123162456896401
winsfs_b500_w250,345,0.00123162456900198
winsfs_b500_w250,346,0.00123162456903837
winsfs_b500_w250,347,0.00123162456907427
winsfs_b500_w250,348,0.00123162456911146
winsfs_b500_w250,349,0.00123162456914736
winsfs_b500_w250,350,0.00123162456918567
winsfs_b500_w250,351,0.00123162456922274
winsfs_b500_w250,352,0.00123162456925721
winsfs_b500_w250,353,0.00123162456929412
winsfs_b500_w250,354,0.00123162456933206
winsfs_b500_w250,355,0.00123162456936786
winsfs_b500_w250,356,0.00123162456940471
winsfs_b500_w250,357,0.00123162456944049
winsfs_b500_w250,358,0.00123162456947498
winsfs_b500_w250,359,0.00123162456951178
winsfs_b500_w250,360,0.0012316245695465
winsfs_b500_w250,361,0.00123162456958205
winsfs_b500_w250,362,0.00123162456961757
winsfs_b500_w250,363,0.0012316245696517
winsfs_b500_w250,364,0.00123162456968704
winsfs_b500_w250,365,0.00123162456972213
winsfs_b500_w250,366,0.00123162456975753
winsfs_b500_w250,367,0.00123162456979088
winsfs_b500_w250,368,0.00123162456982429
winsfs_b500_w250,369,0.00123162456985992
winsfs_b500_w250,370,0.00123162456989334
winsfs_b500_w250,371,0.00123162456992801
winsfs_b500_w250,372,0.00123162456996212
winsfs_b500_w250,373,0.00123162456999554
winsfs_b500_w250,374,0.00123162457002933
winsfs_b500_w250,375,0.00123162457006417
winsfs_b500_w250,376,0.00123162457009702
winsfs_b500_w250,377,0.00123162457012927
winsfs_b500_w250,378,0.00123162457016196
winsfs_b500_w250,379,0.00123162457019737
winsfs_b500_w250,380,0.00123162457022948
winsfs_b500_w250,381,0.00123162457026362
winsfs_b500_w250,382,0.00123162457029584
winsfs_b500_w250,383,0.00123162457032837
winsfs_b500_w250,384,0.00123162457036236
winsfs_b500_w250,385,0.00123162457039344
winsfs_b500_w250,386,0.0012316245704259
winsfs_b500_w250,387,0.00123162457046087
winsfs_b500_w250,388,0.00123162457049101
winsfs_b500_w250,389,0.0012316245705228
winsfs_b500_w250,390,0.00123162457055576
winsfs_b500_w250,391,0.00123162457058561
winsfs_b500_w250,392,0.0012316245706185
winsfs_b500_w250,393,0.00123162457065046
winsfs_b500_w250,394,0.00123162457068261
winsfs_b500_w250,395,0.00123162457071465
winsfs_b500_w250,396,0.00123162457074583
winsfs_b500_w250,397,0.00123162457077646
winsfs_b500_w250,398,0.00123162457080974
winsfs_b500_w250,399,0.00123162457084
winsfs_b500_w250,400,0.00123162457086923
winsfs_b500_w250,401,0.00123162457090316
winsfs_b500_w250,402,0.00123162457093342
winsfs_b500_w250,403,0.00123162457096305
winsfs_b500_w250,404,0.00123162457099503
winsfs_b500_w250,405,0.0012316245710252
winsfs_b500_w250,406,0.00123162457105467
winsfs_b500_w250,407,0.0012316245710855
winsfs_b500_w250,408,0.0012316245711173
winsfs_b500_w250,409,0.00123162457114651
winsfs_b500_w250,410,0.00123162457117615
winsfs_b500_w250,411,0.00123162457120784
winsfs_b500_w250,412,0.00123162457123705
winsfs_b500_w250,413,0.00123162457126841
winsfs_b500_w250,414,0.00123162457129859
winsfs_b500_w250,415,0.00123162457132544
winsfs_b500_w250,416,0.00123162457135509
winsfs_b500_w250,417,0.00123162457138438
winsfs_b500_w250,418,0.0012316245714155
winsfs_b500_w250,419,0.00123162457144559
winsfs_b500_w250,420,0.00123162457147343
winsfs_b500_w250,421,0.00123162457150339
winsfs_b500_w250,422,0.00123162457153235
winsfs_b500_w250,423,0.00123162457156262
winsfs_b500_w250,424,0.00123162457159127
winsfs_b500_w250,425,0.00123162457161981
winsfs_b500_w250,426,0.00123162457164908
winsfs_b500_w250,427,0.0012316245716761
winsfs_b500_w250,428,0.00123162457170746
winsfs_b500_w250,429,0.00123162457173352
winsfs_b500_w250,430,0.00123162457176294
winsfs_b500_w250,431,0.00123162457179287
winsfs_b500_w250,432,0.00123162457181916
winsfs_b500_w250,433,0.00123162457184762
winsfs_b500_w250,434,0.00123162457187651
winsfs_b500_w250,435,0.00123162457190375
winsfs_b500_w250,436,0.00123162457193146
winsfs_b500_w250,437,0.00123162457196095
winsfs_b500_w250,438,0.00123162457198853
winsfs_b500_w250,439,0.00123162457201542
winsfs_b500_w250,440,0.00123162457204073
winsfs_b500_w250,441,0.00123162457207071
winsfs_b500_w250,442,0.00123162457209626
winsfs_b500_w250,443,0.00123162457212549
winsfs_b500_w250,444,0.0012316245721536
winsfs_b500_w250,445,0.00123162457217936
winsfs_b500_w250,446,0.00123162457220715
winsfs_b500_w250,447,0.00123162457223438
winsfs_b500_w250,448,0.00123162457226235
winsfs_b500_w250,449,0.00123162457228827
winsfs_b500_w250,450,0.00123162457231523
winsfs_b500_w250,451,0.00123162457234108
winsfs_b500_w250,452,0.00123162457237001
winsfs_b500_w250,453,0.00123162457239652
winsfs_b500_w250,454,0.00123162457242084
winsfs_b500_w250,455,0.00123162457244714
winsfs_b500_w250,456,0.00123162457247557
winsfs_b500_w250,457,0.00123162457250003
winsfs_b500_w250,458,0.00123162457252647
winsfs_b500_w250,459,0.00123162457255513
winsfs_b500_w250,460,0.00123162457258011
winsfs_b500_w250,461,0.00123162457260686
winsfs_b500_w250,462,0.00123162457263261
winsfs_b500_w250,463,0.0012316245726574
winsfs_b500_w250,464,0.00123162457268344
winsfs_b500_w250,465,0.00123162457270999
winsfs_b500_w250,466,0.00123162457273662
winsfs_b500_w250,467,0.00123162457276026
winsfs_b500_w250,468,0.00123162457278646
winsfs_b500_w250,469,0.00123162457281096
winsfs_b500_w250,470,0.00123162457283654
winsfs_b500_w250,471,0.00123162457286148
winsfs_b500_w250,472,0.00123162457288714
winsfs_b500_w250,473,0.00123162457291347
winsfs_b500_w250,474,0.00123162457293706
winsfs_b500_w250,475,0.00123162457296312
winsfs_b500_w250,476,0.00123162457298645
winsfs_b500_w250,477,0.00123162457301335
winsfs_b500_w250,478,0.00123162457303691
winsfs_b500_w250,479,0.00123162457306139
winsfs_b500_w250,480,0.00123162457308563
winsfs_b500_w250,481,0.00123162457311126
winsfs_b500_w250,482,0.00123162457313589
winsfs_b500_w250,483,0.00123162457315862
winsfs_b500_w250,484,0.00123162457318456
winsfs_b500_w250,485,0.00123162457320858
winsfs_b500_w250,486,0.00123162457323353
winsfs_b500_w250,487,0.00123162457325782
winsfs_b500_w250,488,0.00123162457328294
winsfs_b500_w250,489,0.0012316245733049
winsfs_b500_w250,490,0.00123162457333208
winsfs_b500_w250,491,0.00123162457335177
winsfs_b500_w250,492,0.00123162457337608
winsfs_b500_w250,493,0.00123162457339948
winsfs_b500_w250,494,0.00123162457342494
winsfs_b500_w250,495,0.00123162457344851
winsfs_b500_w250,496,0.00123162457347162
winsfs_b500_w250,497,0.00123162457349521
winsfs_b500_w250,498,0.00123162457351827
winsfs_b500_w250,499,0.00123162457354244
winsfs_b500_w250,500,0.00123162457356562
winsfs_b500_w500,1,0.00153169609529789
winsfs_b500_w500,2,0.00129313978793648
winsfs_b500_w500,3,0.00125068418543507
winsfs_b500_w500,4,0.00123863968133407
winsfs_b500_w500,5,0.00123461101631546
winsfs_b500_w500,6,0.00123303714079654
winsfs_b500_w500,7,0.00123233662570409
winsfs_b500_w500,8,0.00123199140778158
winsfs_b500_w500,9,0.0012318073386478
winsfs_b500_w500,10,0.00123170298256008
winsfs_b500_w500,11,0.00123164088959351
winsfs_b500_w500,12,0.00123160248889271
winsfs_b500_w500,13,0.00123157798199127
winsfs_b500_w500,14,0.00123156192773109
winsfs_b500_w500,15,0.00123155117428655
winsfs_b500_w500,16,0.0012315438308478
winsfs_b500_w500,17,0.00123153872933768
winsfs_b500_w500,18,0.00123153513001177
winsfs_b500_w500,19,0.00123153255427041
winsfs_b500_w500,20,0.00123153068664343
winsfs_b500_w500,21,0.00123152931570724
winsfs_b500_w500,22,0.00123152829764518
winsfs_b500_w500,23,0.00123152753329117
winsfs_b500_w500,24,0.00123152695339095
winsfs_b500_w500,25,0.0012315265090272
winsfs_b500_w500,26,0.0012315261652556
winsfs_b500_w500,27,0.00123152589685455
winsfs_b500_w500,28,0.00123152568544946
winsfs_b500_w500,29,0.00123152551751379
winsfs_b500_w500,30,0.0012315253830184
winsfs_b500_w500,31,0.00123152527444854
winsfs_b500_w500,32,0.0012315251861392
winsfs_b500_w500,33,0.00123152511377947
winsfs_b500_w500,34,0.0012315250540669
winsfs_b500_w500,35,0.00123152500445081
winsfs_b500_w500,36,0.00123152496295224
winsfs_b500_w500,37,0.00123152492802042
winsfs_b500_w500,38,0.00123152489843482
winsfs_b500_w500,39,0.00123152487322946
winsfs_b500_w500,40,0.00123152485163557
winsfs_b500_w500,41,0.00123152483303301
winsfs_b500_w500,42,0.00123152481692365
winsfs_b500_w500,43,0.00123152480290399
winsfs_b500_w500,44,0.00123152479064531
winsfs_b500_w500,45,0.00123152477987764
winsfs_b500_w500,46,0.00123152477037645
winsfs_b500_w500,47,0.00123152476196199
winsfs_b500_w500,48,0.00123152475447743
winsfs_b500_w500,49,0.00123152474779665
winsfs_b500_w500,50,0.00123152474181218
winsfs_b500_w500,51,0.00123152473643514
winsfs_b500_w500,52,0.00123152473158858
winsfs_b500_w500,53,0.0012315247272026
winsfs_b500_w500,54,0.00123152472322875
winsfs_b500_w500,55,0.00123152471961432
winsfs_b500_w500,56,0.00123152471632328
winsfs_b500_w500,57,0.00123152471331342
winsfs_b500_w500,58,0.00123152471056146
winsfs_b500_w500,59,0.00123152470803527
winsfs_b500_w500,60,0.00123152470571558
winsfs_b500_w500,61,0.00123152470357868
winsfs_b500_w500,62,0.00123152470160792
winsfs_b500_w500,63,0.00123152469978793
winsfs_b500_w500,64,0.00123152469810414
winsfs_b500_w500,65,0.00123152469654299
winsfs_b500_w500,66,0.00123152469509655
winsfs_b500_w500,67,0.00123152469375462
winsfs_b500_w500,68,0.00123152469250577
winsfs_b500_w500,69,0.00123152469134395
winsfs_b500_w500,70,0.00123152469026441
winsfs_b500_w500,71,0.00123152468925553
winsfs_b500_w500,72,0.00123152468831556
winsfs_b500_w500,73,0.00123152468743732
winsfs_b500_w500,74,0.00123152468661685
winsfs_b500_w500,75,0.0012315246858504
winsfs_b500_w500,76,0.00123152468513265
winsfs_b500_w500,77,0.00123152468446289
winsfs_b500_w500,78,0.00123152468383535
winsfs_b500_w500,79,0.00123152468324781
winsfs_b500_w500,80,0.00123152468269846
winsfs_b500_w500,81,0.00123152468218292
winsfs_b500_w500,82,0.00123152468170155
winsfs_b500_w500,83,0.00123152468124868
winsfs_b500_w500,84,0.00123152468082442
winsfs_b500_w500,85,0.00123152468042669
winsfs_b500_w500,86,0.00123152468005476
winsfs_b500_w500,87,0.0012315246797053
winsfs_b500_w500,88,0.00123152467937995
winsfs_b500_w500,89,0.00123152467907383
winsfs_b500_w500,90,0.00123152467878717
winsfs_b500_w500,91,0.00123152467851983
winsfs_b500_w500,92,0.00123152467826846
winsfs_b500_w500,93,0.0012315246780355
winsfs_b500_w500,94,0.00123152467781571
winsfs_b500_w500,95,0.00123152467761248
winsfs_b500_w500,96,0.00123152467742315
winsfs_b500_w500,97,0.00123152467724471
winsfs_b500_w500,98,0.00123152467707947
winsfs_b500_w500,99,0.00123152467692507
winsfs_b500_w500,100,0.00123152467678442
winsfs_b500_w500,101,0.00123152467665207
winsfs_b500_w500,102,0.00123152467653075
winsfs_b500_w500,103,0.0012315246764191
winsfs_b500_w500,104,0.00123152467631399
winsfs_b500_w500,105,0.00123152467621895
winsfs_b500_w500,106,0.00123152467613109
winsfs_b500_w500,107,0.00123152467605222
winsfs_b500_w500,108,0.00123152467597803
winsfs_b500_w500,109,0.00123152467591254
winsfs_b500_w500,110,0.00123152467585319
winsfs_b500_w500,111,0.00123152467579981
winsfs_b500_w500,112,0.00123152467575235
winsfs_b500_w500,113,0.00123152467571089
winsfs_b500_w500,114,0.00123152467567417
winsfs_b500_w500,115,0.00123152467564362
winsfs_b500_w500,116,0.00123152467561822
winsfs_b500_w500,117,0.00123152467559627
winsfs_b500_w500,118,0.00123152467557618
winsfs_b500_w500,119,0.00123152467556534
winsfs_b500_w500,120,0.00123152467555263
winsfs_b500_w500,121,0.00123152467554741
winsfs_b500_w500,122,0.00123152467554603
winsfs_b500_w500,123,0.00123152467554775
winsfs_b500_w500,124,0.00123152467555126
winsfs_b500_w500,125,0.0012315246755593
winsfs_b500_w500,126,0.00123152467556661
winsfs_b500_w500,127,0.00123152467558175
winsfs_b500_w500,128,0.00123152467559669
winsfs_b500_w500,129,0.00123152467561466
winsfs_b500_w500,130,0.00123152467563323
winsfs_b500_w500,131,0.00123152467565777
winsfs_b500_w500,132,0.00123152467568479
winsfs_b500_w500,133,0.00123152467570991
winsfs_b500_w500,134,0.00123152467574011
winsfs_b500_w500,135,0.00123152467577202
winsfs_b500_w500,136,0.00123152467580347
winsfs_b500_w500,137,0.00123152467583619
winsfs_b500_w500,138,0.00123152467587439
winsfs_b500_w500,139,0.00123152467591132
winsfs_b500_w500,140,0.00123152467594908
winsfs_b500_w500,141,0.00123152467598944
winsfs_b500_w500,142,0.00123152467603098
winsfs_b500_w500,143,0.00123152467607602
winsfs_b500_w500,144,0.00123152467611857
winsfs_b500_w500,145,0.00123152467616459
winsfs_b500_w500,146,0.00123152467620957
winsfs_b500_w500,147,0.00123152467625758
winsfs_b500_w500,148,0.00123152467630609
winsfs_b500_w500,149,0.00123152467635501
winsfs_b500_w500,150,0.00123152467640493
winsfs_b500_w500,151,0.00123152467645623
winsfs_b500_w500,152,0.00123152467650596
winsfs_b500_w500,153,0.00123152467655955
winsfs_b500_w500,154,0.00123152467661291
winsfs_b500_w500,155,0.00123152467666428
winsfs_b500_w500,156,0.00123152467671947
winsfs_b500_w500,157,0.00123152467677337
winsfs_b500_w500,158,0.00123152467682925
winsfs_b500_w500,159,0.0012315246768844401
winsfs_b500_w500,160,0.00123152467694013
winsfs_b500_w500,161,0.00123152467699743
winsfs_b500_w500,162,0.00123152467705237
winsfs_b500_w500,163,0.00123152467711043
winsfs_b500_w500,164,0.00123152467716836
winsfs_b500_w500,165,0.00123152467722684
winsfs_b500_w500,166,0.00123152467728367
winsfs_b500_w500,167,0.00123152467734395
winsfs_b500_w500,168,0.00123152467740141
winsfs_b500_w500,169,0.00123152467746034
winsfs_b500_w500,170,0.00123152467752016
winsfs_b500_w500,171,0.00123152467758033
winsfs_b500_w500,172,0.00123152467763806
winsfs_b500_w500,173,0.0012315246776967
winsfs_b500_w500,174,0.00123152467775574
winsfs_b500_w500,175,0.0012315246778161
winsfs_b500_w500,176,0.00123152467787545
winsfs_b500_w500,177,0.00123152467793596
winsfs_b500_w500,178,0.00123152467799546
winsfs_b500_w500,179,0.00123152467805352
winsfs_b500_w500,180,0.00123152467811593
winsfs_b500_w500,181,0.00123152467817442
winsfs_b500_w500,182,0.00123152467823382
winsfs_b500_w500,183,0.00123152467829491
winsfs_b500_w500,184,0.00123152467835308
winsfs_b500_w500,185,0.00123152467841361
winsfs_b500_w500,186,0.00123152467847143
winsfs_b500_w500,187,0.00123152467853108
winsfs_b500_w500,188,0.00123152467859178
winsfs_b500_w500,189,0.00123152467865181
winsfs_b500_w500,190,0.00123152467870971
winsfs_b500_w500,191,0.0012315246787685
winsfs_b500_w500,192,0.00123152467882908
winsfs_b500_w500,193,0.0012315246788864
winsfs_b500_w500,194,0.00123152467894437
winsfs_b500_w500,195,0.00123152467900354
winsfs_b500_w500,196,0.00123152467906147
winsfs_b500_w500,197,0.00123152467911977
winsfs_b500_w500,198,0.00123152467917667
winsfs_b500_w500,199,0.00123152467923514
winsfs_b500_w500,200,0.00123152467929353
winsfs_b500_w500,201,0.00123152467934954
winsfs_b500_w500,202,0.00123152467940649
winsfs_b500_w500,203,0.00123152467946303
winsfs_b500_w500,204,0.00123152467952044
winsfs_b500_w500,205,0.00123152467957626
winsfs_b500_w500,206,0.00123152467963158
winsfs_b500_w500,207,0.00123152467968868
winsfs_b500_w500,208,0.00123152467974372
winsfs_b500_w500,209,0.00123152467979978
winsfs_b500_w500,210,0.00123152467985393
winsfs_b500_w500,211,0.00123152467990967
winsfs_b500_w500,212,0.00123152467996633
winsfs_b500_w500,213,0.00123152468001914
winsfs_b500_w500,214,0.00123152468007262
winsfs_b500_w500,215,0.00123152468012561
winsfs_b500_w500,216,0.00123152468018039
winsfs_b500_w500,217,0.00123152468023216
winsfs_b500_w500,218,0.00123152468028694
winsfs_b500_w500,219,0.00123152468034058
winsfs_b500_w500,220,0.00123152468039222
winsfs_b500_w500,221,0.00123152468044314
winsfs_b500_w500,222,0.0012315246804952
winsfs_b500_w500,223,0.00123152468054612
winsfs_b500_w500,224,0.00123152468059758
winsfs_b500_w500,225,0.00123152468064998
winsfs_b500_w500,226,0.00123152468069949
winsfs_b500_w500,227,0.00123152468074998
winsfs_b500_w500,228,0.00123152468080034
winsfs_b500_w500,229,0.00123152468084987
winsfs_b500_w500,230,0.00123152468089854
winsfs_b500_w500,231,0.0012315246809489
winsfs_b500_w500,232,0.00123152468099703
winsfs_b500_w500,233,0.00123152468104604
winsfs_b500_w500,234,0.00123152468109299
winsfs_b500_w500,235,0.00123152468114137
winsfs_b500_w500,236,0.00123152468118853
winsfs_b500_w500,237,0.00123152468123735
winsfs_b500_w500,238,0.00123152468128549
winsfs_b500_w500,239,0.00123152468133041
winsfs_b500_w500,240,0.00123152468137813
winsfs_b500_w500,241,0.00123152468142267
winsfs_b500_w500,242,0.00123152468146959
winsfs_b500_w500,243,0.00123152468151438
winsfs_b500_w500,244,0.00123152468155915
winsfs_b500_w500,245,0.0012315246816055
winsfs_b500_w500,246,0.00123152468164982
winsfs_b500_w500,247,0.00123152468169325
winsfs_b500_w500,248,0.00123152468173768
winsfs_b500_w500,249,0.00123152468178106
winsfs_b500_w500,250,0.00123152468182409
winsfs_b500_w500,251,0.00123152468186777
winsfs_b500_w500,252,0.00123152468190878
winsfs_b500_w500,253,0.00123152468195159
winsfs_b500_w500,254,0.00123152468199262
winsfs_b500_w500,255,0.00123152468203567
winsfs_b500_w500,256,0.0012315246820757
winsfs_b500_w500,257,0.00123152468211772
winsfs_b500_w500,258,0.00123152468215655
winsfs_b500_w500,259,0.00123152468219819
winsfs_b500_w500,260,0.00123152468223908
winsfs_b500_w500,261,0.00123152468227687
winsfs_b500_w500,262,0.00123152468231813
winsfs_b500_w500,263,0.00123152468235742
winsfs_b500_w500,264,0.00123152468239555
winsfs_b500_w500,265,0.00123152468243504
winsfs_b500_w500,266,0.00123152468247331
winsfs_b500_w500,267,0.0012315246825106
winsfs_b500_w500,268,0.00123152468254827
winsfs_b500_w500,269,0.00123152468258605
winsfs_b500_w500,270,0.00123152468262272
winsfs_b500_w500,271,0.00123152468265975
winsfs_b500_w500,272,0.00123152468269514
winsfs_b500_w500,273,0.00123152468273204
winsfs_b500_w500,274,0.00123152468276753
winsfs_b500_w500,275,0.00123152468280353
winsfs_b500_w500,276,0.00123152468283976
winsfs_b500_w500,277,0.00123152468287416
winsfs_b500_w500,278,0.00123152468290761
winsfs_b500_w500,279,0.00123152468294295
winsfs_b500_w500,280,0.0012315246829775
winsfs_b500_w500,281,0.00123152468301193
winsfs_b500_w500,282,0.00123152468304514
winsfs_b500_w500,283,0.00123152468307831
winsfs_b500_w500,284,0.00123152468311038
winsfs_b500_w500,285,0.00123152468314371
winsfs_b500_w500,286,0.00123152468317537
winsfs_b500_w500,287,0.00123152468320679
winsfs_b500_w500,288,0.00123152468323812
winsfs_b500_w500,289,0.00123152468327113
winsfs_b500_w500,290,0.00123152468330441
winsfs_b500_w500,291,0.00123152468333413
winsfs_b500_w500,292,0.00123152468336362
winsfs_b500_w500,293,0.0012315246833945
winsfs_b500_w500,294,0.00123152468342439
winsfs_b500_w500,295,0.0012315246834561
winsfs_b500_w500,296,0.00123152468348406
winsfs_b500_w500,297,0.00123152468351488
winsfs_b500_w500,298,0.00123152468354381
winsfs_b500_w500,299,0.00123152468357158
winsfs_b500_w500,300,0.00123152468360105
winsfs_b500_w500,301,0.0012315246836288
winsfs_b500_w500,302,0.00123152468365661
winsfs_b500_w500,303,0.00123152468368477
winsfs_b500_w500,304,0.00123152468371307
winsfs_b500_w500,305,0.00123152468373849
winsfs_b500_w500,306,0.00123152468376669
winsfs_b500_w500,307,0.00123152468379413
winsfs_b500_w500,308,0.00123152468382138
winsfs_b500_w500,309,0.00123152468384894
winsfs_b500_w500,310,0.00123152468387349
winsfs_b500_w500,311,0.00123152468390012
winsfs_b500_w500,312,0.00123152468392437
winsfs_b500_w500,313,0.00123152468395034
winsfs_b500_w500,314,0.00123152468397346
winsfs_b500_w500,315,0.00123152468399981
winsfs_b500_w500,316,0.00123152468402474
winsfs_b500_w500,317,0.00123152468405075
winsfs_b500_w500,318,0.00123152468407459
winsfs_b500_w500,319,0.00123152468409882
winsfs_b500_w500,320,0.00123152468412098
winsfs_b500_w500,321,0.00123152468414496
winsfs_b500_w500,322,0.001231524684168
winsfs_b500_w500,323,0.00123152468419154
winsfs_b500_w500,324,0.00123152468421332
winsfs_b500_w500,325,0.00123152468423841
winsfs_b500_w500,326,0.00123152468425934
winsfs_b500_w500,327,0.00123152468428217
winsfs_b500_w500,328,0.00123152468430378
winsfs_b500_w500,329,0.00123152468432552
winsfs_b500_w500,330,0.00123152468434758
winsfs_b500_w500,331,0.00123152468436881
winsfs_b500_w500,332,0.00123152468439024
winsfs_b500_w500,333,0.00123152468441162
winsfs_b500_w500,334,0.00123152468443055
winsfs_b500_w500,335,0.00123152468445066
winsfs_b500_w500,336,0.00123152468447324
winsfs_b500_w500,337,0.00123152468449228
winsfs_b500_w500,338,0.0012315246845118
winsfs_b500_w500,339,0.00123152468453076
winsfs_b500_w500,340,0.00123152468455235
winsfs_b500_w500,341,0.00123152468456976
winsfs_b500_w500,342,0.00123152468459059
winsfs_b500_w500,343,0.00123152468460889
winsfs_b500_w500,344,0.00123152468462843
winsfs_b500_w500,345,0.00123152468464482
winsfs_b500_w500,346,0.00123152468466458
winsfs_b500_w500,347,0.00123152468468403
winsfs_b500_w500,348,0.00123152468470211
winsfs_b500_w500,349,0.00123152468472018
winsfs_b500_w500,350,0.00123152468473638
winsfs_b500_w500,351,0.0012315246847558
winsfs_b500_w500,352,0.00123152468477269
winsfs_b500_w500,353,0.00123152468478973
winsfs_b500_w500,354,0.00123152468480764
winsfs_b500_w500,355,0.00123152468482428
winsfs_b500_w500,356,0.001231524684841
winsfs_b500_w500,357,0.00123152468485734
winsfs_b500_w500,358,0.00123152468487462
winsfs_b500_w500,359,0.00123152468489171
winsfs_b500_w500,360,0.00123152468490521
winsfs_b500_w500,361,0.00123152468492133
winsfs_b500_w500,362,0.0012315246849388
winsfs_b500_w500,363,0.00123152468495275
winsfs_b500_w500,364,0.00123152468497036
winsfs_b500_w500,365,0.00123152468498489
winsfs_b500_w500,366,0.00123152468499876
winsfs_b500_w500,367,0.00123152468501492
winsfs_b500_w500,368,0.00123152468502901
winsfs_b500_w500,369,0.00123152468504424
winsfs_b500_w500,370,0.00123152468505771
winsfs_b500_w500,371,0.00123152468507269
winsfs_b500_w500,372,0.00123152468508733
winsfs_b500_w500,373,0.00123152468509985
winsfs_b500_w500,374,0.00123152468511591
winsfs_b500_w500,375,0.00123152468512846
winsfs_b500_w500,376,0.00123152468514214
winsfs_b500_w500,377,0.00123152468515459
winsfs_b500_w500,378,0.00123152468516769
winsfs_b500_w500,379,0.0012315246851806
winsfs_b500_w500,380,0.0012315246851967
winsfs_b500_w500,381,0.0012315246852064
winsfs_b500_w500,382,0.00123152468522257
winsfs_b500_w500,383,0.00123152468523393
winsfs_b500_w500,384,0.00123152468524599
winsfs_b500_w500,385,0.00123152468525816
winsfs_b500_w500,386,0.0012315246852713001
winsfs_b500_w500,387,0.0012315246852824
winsfs_b500_w500,388,0.00123152468529554
winsfs_b500_w500,389,0.00123152468530772
winsfs_b500_w500,390,0.00123152468531975
winsfs_b500_w500,391,0.00123152468533174
winsfs_b500_w500,392,0.00123152468534267
winsfs_b500_w500,393,0.00123152468535428
winsfs_b500_w500,394,0.00123152468536524
winsfs_b500_w500,395,0.0012315246853772
winsfs_b500_w500,396,0.00123152468538893
winsfs_b500_w500,397,0.00123152468539823
winsfs_b500_w500,398,0.00123152468540888
winsfs_b500_w500,399,0.00123152468542033
winsfs_b500_w500,400,0.00123152468543025
winsfs_b500_w500,401,0.0012315246854419
winsfs_b500_w500,402,0.00123152468545219
winsfs_b500_w500,403,0.00123152468546166
winsfs_b500_w500,404,0.00123152468547186
winsfs_b500_w500,405,0.00123152468548235
winsfs_b500_w500,406,0.0012315246854922
winsfs_b500_w500,407,0.00123152468550198
winsfs_b500_w500,408,0.00123152468551419
winsfs_b500_w500,409,0.00123152468552248
winsfs_b500_w500,410,0.00123152468553135
winsfs_b500_w500,411,0.00123152468554181
winsfs_b500_w500,412,0.0012315246855513
winsfs_b500_w500,413,0.0012315246855603
winsfs_b500_w500,414,0.00123152468557008
winsfs_b500_w500,415,0.00123152468557968
winsfs_b500_w500,416,0.00123152468558995
winsfs_b500_w500,417,0.0012315246855969
winsfs_b500_w500,418,0.00123152468560723
winsfs_b500_w500,419,0.00123152468561451
winsfs_b500_w500,420,0.00123152468562436
winsfs_b500_w500,421,0.00123152468563308
winsfs_b500_w500,422,0.00123152468564093
winsfs_b500_w500,423,0.00123152468564773
winsfs_b500_w500,424,0.00123152468565772
winsfs_b500_w500,425,0.00123152468566703
winsfs_b500_w500,426,0.00123152468567603
winsfs_b500_w500,427,0.0012315246856842
winsfs_b500_w500,428,0.00123152468568953
winsfs_b500_w500,429,0.0012315246856994
winsfs_b500_w500,430,0.00123152468570816
winsfs_b500_w500,431,0.00123152468571518
winsfs_b500_w500,432,0.00123152468572182
winsfs_b500_w500,433,0.00123152468573105
winsfs_b500_w500,434,0.00123152468573811
winsfs_b500_w500,435,0.00123152468574635
winsfs_b500_w500,436,0.00123152468575199
winsfs_b500_w500,437,0.00123152468576107
winsfs_b500_w500,438,0.00123152468576763
winsfs_b500_w500,439,0.00123152468577465
winsfs_b500_w500,440,0.00123152468578095
winsfs_b500_w500,441,0.00123152468578843
winsfs_b500_w500,442,0.00123152468579529
winsfs_b500_w500,443,0.00123152468580391
winsfs_b500_w500,444,0.00123152468581066
winsfs_b500_w500,445,0.00123152468581811
winsfs_b500_w500,446,0.00123152468582418
winsfs_b500_w500,447,0.00123152468583321
winsfs_b500_w500,448,0.00123152468583809
winsfs_b500_w500,449,0.00123152468584334
winsfs_b500_w500,450,0.00123152468585054
winsfs_b500_w500,451,0.00123152468585692
winsfs_b500_w500,452,0.00123152468586435
winsfs_b500_w500,453,0.0012315246858703
winsfs_b500_w500,454,0.00123152468587765
winsfs_b500_w500,455,0.0012315246858834
winsfs_b500_w500,456,0.00123152468589117
winsfs_b500_w500,457,0.00123152468589511
winsfs_b500_w500,458,0.00123152468590153
winsfs_b500_w500,459,0.00123152468590831
winsfs_b500_w500,460,0.0012315246859135
winsfs_b500_w500,461,0.00123152468592015
winsfs_b500_w500,462,0.00123152468592529
winsfs_b500_w500,463,0.00123152468593149
winsfs_b500_w500,464,0.00123152468593805
winsfs_b500_w500,465,0.001231524685943
winsfs_b500_w500,466,0.00123152468595001
winsfs_b500_w500,467,0.00123152468595334
winsfs_b500_w500,468,0.00123152468596026
winsfs_b500_w500,469,0.00123152468596482
winsfs_b500_w500,470,0.00123152468597089
winsfs_b500_w500,471,0.00123152468597724
winsfs_b500_w500,472,0.0012315246859818
winsfs_b500_w500,473,0.00123152468598813
winsfs_b500_w500,474,0.00123152468599298
winsfs_b500_w500,475,0.00123152468599736
winsfs_b500_w500,476,0.00123152468600175
winsfs_b500_w500,477,0.00123152468600954
winsfs_b500_w500,478,0.00123152468601324
winsfs_b500_w500,479,0.00123152468601911
winsfs_b500_w500,480,0.00123152468602415
winsfs_b500_w500,481,0.00123152468603003
winsfs_b500_w500,482,0.00123152468603502
winsfs_b500_w500,483,0.00123152468603926
winsfs_b500_w500,484,0.00123152468604488
winsfs_b500_w500,485,0.00123152468605127
winsfs_b500_w500,486,0.00123152468605423
winsfs_b500_w500,487,0.00123152468605814
winsfs_b500_w500,488,0.00123152468606554
winsfs_b500_w500,489,0.0012315246860696901
winsfs_b500_w500,490,0.00123152468607239
winsfs_b500_w500,491,0.00123152468607985
winsfs_b500_w500,492,0.0012315246860837
winsfs_b500_w500,493,0.00123152468608782
winsfs_b500_w500,494,0.00123152468609407
winsfs_b500_w500,495,0.00123152468609776
winsfs_b500_w500,496,0.00123152468610276
winsfs_b500_w500,497,0.00123152468610625
winsfs_b500_w500,498,0.00123152468611166
winsfs_b500_w500,499,0.00123152468611554
winsfs_b500_w500,500,0.00123152468611987
stream_winsfs_b500_w100,1,0.00123716695971193
stream_winsfs_b500_w100,2,0.00123247815213811
stream_winsfs_b500_w100,3,0.00123226831966765
stream_winsfs_b500_w100,4,0.00123224095929849
stream_winsfs_b500_w100,5,0.00123223546615428
stream_winsfs_b500_w100,6,0.00123223399421005
stream_winsfs_b500_w100,7,0.00123223349635086
stream_winsfs_b500_w100,8,0.00123223329151726
stream_winsfs_b500_w100,9,0.00123223319223914
stream_winsfs_b500_w100,10,0.00123223313731963
stream_winsfs_b500_w250,1,0.00131420534450857
stream_winsfs_b500_w250,2,0.00124164883907425
stream_winsfs_b500_w250,3,0.00123468641574749
stream_winsfs_b500_w250,4,0.00123345515952604
stream_winsfs_b500_w250,5,0.00123312617336447
stream_winsfs_b500_w250,6,0.00123301362361389
stream_winsfs_b500_w250,7,0.00123296869005301
stream_winsfs_b500_w250,8,0.00123294878000575
stream_winsfs_b500_w250,9,0.00123293924897496
stream_winsfs_b500_w250,10,0.00123293439331826
stream_winsfs_b500_w500,1,0.00151348092129103
stream_winsfs_b500_w500,2,0.0012905844967753
stream_winsfs_b500_w500,3,0.00125018396323673
stream_winsfs_b500_w500,4,0.0012386494178552
stream_winsfs_b500_w500,5,0.00123476749013272
stream_winsfs_b500_w500,6,0.00123324285260347
stream_winsfs_b500_w500,7,0.00123256140715057
stream_winsfs_b500_w500,8,0.00123222450393925
stream_winsfs_b500_w500,9,0.00123204442764795
stream_winsfs_b500_w500,10,0.00123194214924549
