condition,epoch,train_loglik,test_loglik
realsfs,3,-366842833.386856,-365728701.2194984
realsfs,5,-87842523.070688,-87474235.18428497
realsfs,7,-68550298.235116,-68225855.86032033
realsfs,10,-66867935.399619,-66541704.96798616
realsfs,13,-66848660.296721,-66521890.10319915
realsfs,16,-66847192.790173,-66520426.68222238
realsfs,19,-66846808.893158,-66520033.68628188
realsfs,22,-66846402.537274,-66519610.768207625
realsfs,25,-66846299.524315,-66519503.09486295
realsfs,28,-66845849.910528,-66519014.980852924
realsfs,31,-66845813.602667,-66518977.483370274
realsfs,34,-66845253.767291,-66518321.48835497
realsfs,37,-66845242.096701,-66518320.68817145
realsfs,40,-66845215.682637,-66518300.88131108
realsfs,43,-66845204.448391,-66518291.492027305
realsfs,46,-66845194.68965,-66518282.29060216
realsfs,49,-66845190.234852,-66518280.04290667
realsfs,52,-66845174.197367,-66518264.58726179
realsfs,55,-66845171.906251,-66518263.03900466
realsfs,58,-66845125.080468,-66518219.438231565
realsfs,61,-66845123.29972,-66518222.56628265
realsfs,64,-66845119.869335,-66518219.308864065
realsfs,67,-66845118.40032,-66518219.406034485
realsfs,70,-66845115.094071,-66518216.32789394
realsfs,73,-66845114.156535,-66518216.7711954
realsfs,76,-66845100.495391,-66518206.98215715
realsfs,79,-66845099.852941,-66518207.777354345
realsfs,82,-66845095.811546,-66518204.35564403
realsfs,85,-66845095.268984,-66518205.0449832
realsfs,88,-66845084.407774,-66518193.614923544
realsfs,91,-66845083.000729,-66518197.11104244
realsfs,94,-66845082.229884,-66518197.490781054
realsfs,97,-66845078.342248,-66518189.69993786
realsfs,100,-66845077.32682,-66518194.72591651
realsfs,103,-66845076.229758,-66518193.95282635
realsfs,106,-66845075.831208,-66518193.999246456
realsfs,109,-66845073.325632,-66518192.51701105
realsfs,112,-66845073.074896,-66518192.46398759
realsfs,115,-66845066.681595,-66518186.25927449
realsfs,118,-66845066.21036,-66518188.589339934
realsfs,121,-66845065.606649,-66518188.31888099
realsfs,124,-66845064.966311,-66518187.97185142
realsfs,127,-66845064.625738,-66518187.89794342
realsfs,130,-66845063.749177,-66518187.40420202
realsfs,133,-66845063.523477,-66518187.308442205
realsfs,136,-66845060.709663,-66518185.95099167
realsfs,139,-66845060.554989,-66518185.72968838
realsfs,142,-66845044.46153,-66518174.68477434
realsfs,145,-66845044.166027,-66518177.64129722
realsfs,148,-66845044.000536,-66518177.87901015
realsfs,151,-66845043.604041,-66518177.55097581
realsfs,154,-66845043.509933,-66518177.699111655
realsfs,157,-66845042.151687,-66518176.79104046
realsfs,160,-66845042.081018,-66518177.00361023
realsfs,163,-66845041.758208,-66518176.605547525
realsfs,166,-66845041.612929,-66518176.86826067
realsfs,169,-66845040.934053,-66518175.62252935
realsfs,172,-66845040.841974,-66518176.56426206
realsfs,175,-66845040.201977,-66518175.66282684
realsfs,178,-66845040.124887,-66518176.258836776
realsfs,181,-66845039.694861,-66518175.62410694
realsfs,184,-66845039.607288,-66518176.11253319
realsfs,187,-66845039.279866,-66518176.00887821
realsfs,190,-66845039.217337,-66518175.96625674
realsfs,193,-66845037.692287,-66518174.7506148
realsfs,196,-66845037.617977,-66518175.20475483
realsfs,199,-66845037.485746,-66518175.31053581
realsfs,202,-66845037.129607,-66518174.66525496
realsfs,205,-66845037.035828,-66518175.22041439
realsfs,208,-66845035.79017,-66518173.7989905
realsfs,211,-66845035.721673,-66518174.67618028
realsfs,214,-66845035.597869,-66518174.73047952
realsfs,217,-66845035.399861,-66518174.558103815
realsfs,220,-66845035.319925,-66518174.72840199
realsfs,223,-66845035.109052,-66518174.70970004
realsfs,226,-66845035.058604,-66518174.6559492
realsfs,229,-66845034.385839,-66518174.66014773
realsfs,232,-66845034.348028,-66518174.46639887
realsfs,235,-66845033.395151,-66518172.045632206
realsfs,238,-66845033.231445,-66518174.23568568
realsfs,241,-66845032.826905,-66518174.512346536
realsfs,244,-66845032.787772,-66518174.13919909
realsfs,247,-66845031.735377,-66518172.90920999
realsfs,250,-66845031.45693,-66518173.65592544
realsfs,253,-66845031.392825,-66518173.90324202
realsfs,256,-66845031.153776,-66518173.70956107
realsfs,259,-66845031.118257,-66518173.86763855
realsfs,262,-66845030.768166,-66518173.172207765
realsfs,265,-66845030.706667,-66518173.85903632
realsfs,268,-66845030.65592,-66518173.84181432
realsfs,271,-66845030.529262,-66518173.87802984
realsfs,274,-66845030.493298,-66518173.81991465
realsfs,277,-66845030.17704,-66518173.99873769
realsfs,280,-66845030.151751,-66518173.78435245
realsfs,283,-66845029.363246,-66518187.67075248
realsfs,286,-66845023.260663,-66518174.32810279
realsfs,289,-66845022.343809,-66518174.818968184
realsfs,292,-66845022.329207,-66518175.06603314
realsfs,295,-66845022.273002,-66518175.12355621
realsfs,298,-66845022.26415,-66518175.09417758
realsfs,301,-66845022.025962,-66518172.54336171
realsfs,304,-66845021.909988,-66518175.09200536
realsfs,307,-66845021.879855,-66518175.204057574
realsfs,310,-66845021.852158,-66518175.24071752
realsfs,313,-66845021.839859,-66518175.262556516
realsfs,316,-66845021.797206,-66518175.34536355
realsfs,319,-66845021.78861,-66518175.27434681
realsfs,322,-66845021.396724,-66518176.03239787
realsfs,325,-66845021.377368,-66518175.38125571
realsfs,328,-66845021.33179,-66518175.20510345
realsfs,331,-66845021.315815,-66518175.44480298
realsfs,334,-66845021.287971,-66518175.44621306
realsfs,337,-66845021.27658,-66518175.47651799
realsfs,340,-66845021.217988,-66518175.60609535
realsfs,343,-66845021.209964,-66518175.499560535
realsfs,346,-66845021.053695,-66518175.7839106
realsfs,349,-66845021.044814,-66518175.54997211
realsfs,352,-66845020.979945,-66518175.12482028
realsfs,355,-66845020.966585,-66518175.596470155
realsfs,358,-66845020.904689,-66518175.6685242
realsfs,361,-66845020.898162,-66518175.61341557
realsfs,364,-66845020.847453,-66518175.53912369
realsfs,367,-66845020.838378,-66518175.64064285
realsfs,370,-66845020.757771,-66518175.426848784
realsfs,373,-66845020.732843,-66518175.702953376
realsfs,376,-66845020.716674,-66518175.7180542
realsfs,379,-66845020.701819,-66518175.72655613
realsfs,382,-66845020.68892,-66518175.7250068
realsfs,385,-66845020.673204,-66518175.73462129
realsfs,388,-66845020.660931,-66518175.73234322
realsfs,391,-66845020.641838,-66518175.75025646
realsfs,394,-66845020.631874,-66518175.74051666
realsfs,397,-66845020.598917,-66518175.78649671
realsfs,400,-66845020.592054,-66518175.754052155
realsfs,403,-66845020.372687,-66518176.13782588
realsfs,406,-66845020.365229,-66518175.852591746
realsfs,409,-66845019.68772,-66518177.66169494
realsfs,412,-66845018.994799,-66518176.59010427
realsfs,415,-66845018.989798,-66518176.56007262
realsfs,418,-66845018.915366,-66518176.66502424
realsfs,421,-66845018.910056,-66518176.56970856
realsfs,424,-66845018.884624,-66518176.562007025
realsfs,427,-66845018.873119,-66518176.622406825
realsfs,430,-66845018.855889,-66518176.65212095
realsfs,433,-66845018.851143,-66518176.63511113
realsfs,436,-66845018.767552,-66518176.74993548
realsfs,439,-66845018.760464,-66518176.661108874
realsfs,442,-66845018.748566,-66518176.68165359
realsfs,445,-66845018.732932,-66518176.685609266
realsfs,448,-66845018.724262,-66518176.70356533
realsfs,451,-66845018.68957,-66518176.75374782
realsfs,454,-66845018.683144,-66518176.73665147
realsfs,457,-66845018.673914,-66518176.742958464
realsfs,460,-66845018.666138,-66518176.74255184
realsfs,463,-66845018.655633,-66518176.75367208
realsfs,466,-66845018.649127,-66518176.748254195
realsfs,469,-66845018.633332,-66518176.77503939
realsfs,472,-66845018.628771,-66518176.75600399
realsfs,475,-66845018.56545,-66518176.91000089
realsfs,478,-66845018.561513,-66518176.79208859
realsfs,481,-66845018.28315,-66518180.597930305
realsfs,484,-66845017.651796,-66518177.37415568
realsfs,487,-66845017.648448,-66518177.360190794
realsfs,490,-66845017.611376,-66518177.43743405
realsfs,493,-66845017.608498,-66518177.37939818
realsfs,496,-66845017.55596,-66518176.85481499
realsfs,499,-66845017.530058,-66518177.4454692
realsfs,502,-66845017.526219,-66518177.435601786
winsfs_b500_w100,1,-66849021.39148437,-66522299.44696032
winsfs_b500_w100,2,-66845261.295742914,-66518241.762545034
winsfs_b500_w100,3,-66845180.45032676,-66518189.12138941
winsfs_b500_w100,4,-66845164.83952062,-66518195.57931631
winsfs_b500_w100,5,-66845156.745878115,-66518203.54848589
winsfs_b500_w100,6,-66845151.04278826,-66518210.39566172
winsfs_b500_w100,7,-66845146.586091995,-66518216.20950589
winsfs_b500_w100,8,-66845142.92598182,-66518221.196167335
winsfs_b500_w100,9,-66845139.82708308,-66518225.51709493
winsfs_b500_w100,10,-66845137.14637256,-66518229.296318494
winsfs_b500_w100,11,-66845134.789554715,-66518232.63099229
winsfs_b500_w100,12,-66845132.69107751,-66518235.59823922
winsfs_b500_w100,13,-66845130.80329578,-66518238.25938176
winsfs_b500_w100,14,-66845129.09041722,-66518240.66322269
winsfs_b500_w100,15,-66845127.52477544,-66518242.84896952
winsfs_b500_w100,16,-66845126.08463587,-66518244.8480479
winsfs_b500_w100,17,-66845124.75259048,-66518246.6860012
winsfs_b500_w100,18,-66845123.51447394,-66518248.38368136
winsfs_b500_w100,19,-66845122.358637094,-66518249.95832528
winsfs_b500_w100,20,-66845121.27542621,-66518251.424268946
winsfs_b500_w100,21,-66845120.256680466,-66518252.793571934
winsfs_b500_w100,22,-66845119.295560226,-66518254.07649924
winsfs_b500_w100,23,-66845118.38619197,-66518255.28179433
winsfs_b500_w100,24,-66845117.523531534,-66518256.41700796
winsfs_b500_w100,25,-66845116.70324487,-66518257.488744766
winsfs_b500_w100,26,-66845115.92157156,-66518258.502726525
winsfs_b500_w100,27,-66845115.175202675,-66518259.46402324
winsfs_b500_w100,28,-66845114.46125507,-66518260.37709624
winsfs_b500_w100,29,-66845113.77714652,-66518261.2459438
winsfs_b500_w100,30,-66845113.12060311,-66518262.07409785
winsfs_b500_w100,31,-66845112.489629984,-66518262.86473635
winsfs_b500_w100,32,-66845111.882412225,-66518263.62070012
winsfs_b500_w100,33,-66845111.29730787,-66518264.34457844
winsfs_b500_w100,34,-66845110.732885815,-66518265.03868841
winsfs_b500_w100,35,-66845110.18781989,-66518265.70514908
winsfs_b500_w100,36,-66845109.66088568,-66518266.34583831
winsfs_b500_w100,37,-66845109.15102685,-66518266.96251343
winsfs_b500_w100,38,-66845108.65722348,-66518267.55675382
winsfs_b500_w100,39,-66845108.17856892,-66518268.13001942
winsfs_b500_w100,40,-66845107.714227185,-66518268.683632955
winsfs_b500_w100,41,-66845107.26344847,-66518269.218804784
winsfs_b500_w100,42,-66845106.82551327,-66518269.73663937
winsfs_b500_w100,43,-66845106.39975556,-66518270.23817687
winsfs_b500_w100,44,-66845105.98558443,-66518270.72434849
winsfs_b500_w100,45,-66845105.58243381,-66518271.196036465
winsfs_b500_w100,46,-66845105.189785674,-66518271.654034905
winsfs_b500_w100,47,-66845104.80714586,-66518272.09908947
winsfs_b500_w100,48,-66845104.43408003,-66518272.53189286
winsfs_b500_w100,49,-66845104.07014148,-66518272.95307785
winsfs_b500_w100,50,-66845103.71495779,-66518273.36324293
winsfs_b500_w100,51,-66845103.368138045,-66518273.76293366
winsfs_b500_w100,52,-66845103.02935207,-66518274.1526679
winsfs_b500_w100,53,-66845102.698270015,-66518274.53290897
winsfs_b500_w100,54,-66845102.374584034,-66518274.90411797
winsfs_b500_w100,55,-66845102.058004566,-66518275.26669716
winsfs_b500_w100,56,-66845101.74825896,-66518275.621057786
winsfs_b500_w100,57,-66845101.44509307,-66518275.967541195
winsfs_b500_w100,58,-66845101.14826918,-66518276.30651228
winsfs_b500_w100,59,-66845100.857555345,-66518276.638258725
winsfs_b500_w100,60,-66845100.57272912,-66518276.96312069
winsfs_b500_w100,61,-66845100.29359692,-66518277.28134962
winsfs_b500_w100,62,-66845100.019950755,-66518277.59322808
winsfs_b500_w100,63,-66845099.7516219,-66518277.89900531
winsfs_b500_w100,64,-66845099.488420345,-66518278.198919505
winsfs_b500_w100,65,-66845099.23018119,-66518278.49317345
winsfs_b500_w100,66,-66845098.97676688,-66518278.78200545
winsfs_b500_w100,67,-66845098.72799304,-66518279.06560897
winsfs_b500_w100,68,-66845098.48373512,-66518279.34417043
winsfs_b500_w100,69,-66845098.243846506,-66518279.61786227
winsfs_b500_w100,70,-66845098.00821648,-66518279.88686711
winsfs_b500_w100,71,-66845097.77670094,-66518280.151337594
winsfs_b500_w100,72,-66845097.54918359,-66518280.411438465
winsfs_b500_w100,73,-66845097.3255536,-66518280.66729935
winsfs_b500_w100,74,-66845097.1056944,-66518280.919061035
winsfs_b500_w100,75,-66845096.889521144,-66518281.166867614
winsfs_b500_w100,76,-66845096.67691009,-66518281.41083249
winsfs_b500_w100,77,-66845096.46777505,-66518281.65107924
winsfs_b500_w100,78,-66845096.26201808,-66518281.88773239
winsfs_b500_w100,79,-66845096.059550114,-66518282.12088922
winsfs_b500_w100,80,-66845095.86030863,-66518282.350659266
winsfs_b500_w100,81,-66845095.66418855,-66518282.5771401
winsfs_b500_w100,82,-66845095.47110527,-66518282.800428785
winsfs_b500_w100,83,-66845095.280997306,-66518283.02060736
winsfs_b500_w100,84,-66845095.09378691,-66518283.23777563
winsfs_b500_w100,85,-66845094.9094056,-66518283.45202479
winsfs_b500_w100,86,-66845094.72779603,-66518283.663405664
winsfs_b500_w100,87,-66845094.548867024,-66518283.87202784
winsfs_b500_w100,88,-66845094.37257819,-66518284.077941
winsfs_b500_w100,89,-66845094.19885609,-66518284.281232074
winsfs_b500_w100,90,-66845094.027645744,-66518284.481957726
winsfs_b500_w100,91,-66845093.85890064,-66518284.68019938
winsfs_b500_w100,92,-66845093.692550115,-66518284.87600744
winsfs_b500_w100,93,-66845093.52854935,-66518285.06944791
winsfs_b500_w100,94,-66845093.36684314,-66518285.260574095
winsfs_b500_w100,95,-66845093.207386926,-66518285.4494376
winsfs_b500_w100,96,-66845093.05012554,-66518285.6361144
winsfs_b500_w100,97,-66845092.8950168,-66518285.820644125
winsfs_b500_w100,98,-66845092.74201278,-66518286.00306831
winsfs_b500_w100,99,-66845092.59107869,-66518286.18344652
winsfs_b500_w100,100,-66845092.442160085,-66518286.36182502
winsfs_b500_w100,101,-66845092.29522073,-66518286.538248025
winsfs_b500_w100,102,-66845092.15022383,-66518286.71275503
winsfs_b500_w100,103,-66845092.00712743,-66518286.885402806
winsfs_b500_w100,104,-66845091.86588957,-66518287.05620975
winsfs_b500_w100,105,-66845091.7264902,-66518287.2252324
winsfs_b500_w100,106,-66845091.58886906,-66518287.392511144
winsfs_b500_w100,107,-66845091.453017786,-66518287.558065794
winsfs_b500_w100,108,-66845091.31888763,-66518287.72195119
winsfs_b500_w100,109,-66845091.186448246,-66518287.88418884
winsfs_b500_w100,110,-66845091.05566247,-66518288.04481357
winsfs_b500_w100,111,-66845090.9265065,-66518288.20386851
winsfs_b500_w100,112,-66845090.79894887,-66518288.361375965
winsfs_b500_w100,113,-66845090.67296784,-66518288.51736959
winsfs_b500_w100,114,-66845090.54851839,-66518288.671882965
winsfs_b500_w100,115,-66845090.42558903,-66518288.82493282
winsfs_b500_w100,116,-66845090.30413175,-66518288.97656002
winsfs_b500_w100,117,-66845090.18414419,-66518289.12677864
winsfs_b500_w100,118,-66845090.0655833,-66518289.27563076
winsfs_b500_w100,119,-66845089.94843836,-66518289.423133984
winsfs_b500_w100,120,-66845089.83266964,-66518289.569307424
winsfs_b500_w100,121,-66845089.71827002,-66518289.71418373
winsfs_b500_w100,122,-66845089.60519575,-66518289.857779264
winsfs_b500_w100,123,-66845089.49344477,-66518290.00012608
winsfs_b500_w100,124,-66845089.38298313,-66518290.14123995
winsfs_b500_w100,125,-66845089.27378828,-66518290.2811348
winsfs_b500_w100,126,-66845089.165848315,-66518290.41985147
winsfs_b500_w100,127,-66845089.05912893,-66518290.5574
winsfs_b500_w100,128,-66845088.953624606,-66518290.69379467
winsfs_b500_w100,129,-66845088.849308155,-66518290.829051904
winsfs_b500_w100,130,-66845088.74616238,-66518290.963205375
winsfs_b500_w100,131,-66845088.64416112,-66518291.09625714
winsfs_b500_w100,132,-66845088.543297686,-66518291.22824437
winsfs_b500_w100,133,-66845088.44353891,-66518291.35916863
winsfs_b500_w100,134,-66845088.34488108,-66518291.48896053
winsfs_b500_w100,135,-66845088.24730226,-66518291.61791262
winsfs_b500_w100,136,-66845088.150783554,-66518291.745766975
winsfs_b500_w100,137,-66845088.05529898,-66518291.8726232
winsfs_b500_w100,138,-66845087.96085765,-66518291.99850763
winsfs_b500_w100,139,-66845087.86742497,-66518292.12342612
winsfs_b500_w100,140,-66845087.77499376,-66518292.24738465
winsfs_b500_w100,141,-66845087.68353983,-66518292.37042491
winsfs_b500_w100,142,-66845087.5930566,-66518292.49254246
winsfs_b500_w100,143,-66845087.503526114,-66518292.61374046
winsfs_b500_w100,144,-66845087.414928034,-66518292.73406028
winsfs_b500_w100,145,-66845087.32726738,-66518292.85349131
winsfs_b500_w100,146,-66845087.24049969,-66518292.97205234
winsfs_b500_w100,147,-66845087.15464576,-66518293.089760765
winsfs_b500_w100,148,-66845087.06966636,-66518293.206623666
winsfs_b500_w100,149,-66845086.98556172,-66518293.32264704
winsfs_b500_w100,150,-66845086.902312145,-66518293.437853694
winsfs_b500_w100,151,-66845086.81991014,-66518293.55224639
winsfs_b500_w100,152,-66845086.73834553,-66518293.665837854
winsfs_b500_w100,153,-66845086.65759421,-66518293.77863918
winsfs_b500_w100,154,-66845086.57766203,-66518293.89066438
winsfs_b500_w100,155,-66845086.49852639,-66518294.00192935
winsfs_b500_w100,156,-66845086.42017433,-66518294.11242648
winsfs_b500_w100,157,-66845086.342604555,-66518294.22217824
winsfs_b500_w100,158,-66845086.265801415,-66518294.33119461
winsfs_b500_w100,159,-66845086.189740025,-66518294.43947283
winsfs_b500_w100,160,-66845086.11443147,-66518294.547032766
winsfs_b500_w100,161,-66845086.03985559,-66518294.653886504
winsfs_b500_w100,162,-66845085.966009565,-66518294.760029554
winsfs_b500_w100,163,-66845085.89286861,-66518294.86547915
winsfs_b500_w100,164,-66845085.820430875,-66518294.9702414
winsfs_b500_w100,165,-66845085.74869269,-66518295.07433926
winsfs_b500_w100,166,-66845085.67764189,-66518295.17775259
winsfs_b500_w100,167,-66845085.60725862,-66518295.2805085
winsfs_b500_w100,168,-66845085.537544705,-66518295.38260669
winsfs_b500_w100,169,-66845085.46848842,-66518295.48405596
winsfs_b500_w100,170,-66845085.40007954,-66518295.584880635
winsfs_b500_w100,171,-66845085.33230895,-66518295.68505773
winsfs_b500_w100,172,-66845085.26516695,-66518295.78462373
winsfs_b500_w100,173,-66845085.19866115,-66518295.88355368
winsfs_b500_w100,174,-66845085.13276421,-66518295.98188807
winsfs_b500_w100,175,-66845085.067469314,-66518296.07961599
winsfs_b500_w100,176,-66845085.0027772,-66518296.176739275
winsfs_b500_w100,177,-66845084.93867675,-66518296.27327756
winsfs_b500_w100,178,-66845084.87516513,-66518296.36923123
winsfs_b500_w100,179,-66845084.81223064,-66518296.46460111
winsfs_b500_w100,180,-66845084.74985848,-66518296.55940272
winsfs_b500_w100,181,-66845084.68805246,-66518296.65363803
winsfs_b500_w100,182,-66845084.6267985,-66518296.747311085
winsfs_b500_w100,183,-66845084.56609361,-66518296.84042881
winsfs_b500_w100,184,-66845084.50592885,-66518296.93299616
winsfs_b500_w100,185,-66845084.44629584,-66518297.02502647
winsfs_b500_w100,186,-66845084.387190744,-66518297.116512194
winsfs_b500_w100,187,-66845084.32861296,-66518297.20746875
winsfs_b500_w100,188,-66845084.27053383,-66518297.2978955
winsfs_b500_w100,189,-66845084.21297074,-66518297.38780728
winsfs_b500_w100,190,-66845084.15590889,-66518297.477193505
winsfs_b500_w100,191,-66845084.099343926,-66518297.56606856
winsfs_b500_w100,192,-66845084.04325506,-66518297.654444315
winsfs_b500_w100,193,-66845083.98765757,-66518297.742312826
winsfs_b500_w100,194,-66845083.932538055,-66518297.82968743
winsfs_b500_w100,195,-66845083.87789438,-66518297.9165684
winsfs_b500_w100,196,-66845083.82370798,-66518298.00295234
winsfs_b500_w100,197,-66845083.769987024,-66518298.08885912
winsfs_b500_w100,198,-66845083.716719426,-66518298.174292386
winsfs_b500_w100,199,-66845083.663891464,-66518298.259246625
winsfs_b500_w100,200,-66845083.61151891,-66518298.34372628
winsfs_b500_w100,201,-66845083.559578985,-66518298.42775109
winsfs_b500_w100,202,-66845083.50806978,-66518298.51130561
winsfs_b500_w100,203,-66845083.45699006,-66518298.5944089
winsfs_b500_w100,204,-66845083.40632805,-66518298.677053496
winsfs_b500_w100,205,-66845083.35609255,-66518298.75924962
winsfs_b500_w100,206,-66845083.30626389,-66518298.84099788
winsfs_b500_w100,207,-66845083.25685312,-66518298.9223104
winsfs_b500_w100,208,-66845083.20783832,-66518299.0031903
winsfs_b500_w100,209,-66845083.15921503,-66518299.08362848
winsfs_b500_w100,210,-66845083.110996105,-66518299.16363907
winsfs_b500_w100,211,-66845083.06316512,-66518299.2432246
winsfs_b500_w100,212,-66845083.015716255,-66518299.32238552
winsfs_b500_w100,213,-66845082.96864263,-66518299.40112253
winsfs_b500_w100,214,-66845082.921949744,-66518299.47944981
winsfs_b500_w100,215,-66845082.87562013,-66518299.55736547
winsfs_b500_w100,216,-66845082.82966966,-66518299.63486065
winsfs_b500_w100,217,-66845082.78408032,-66518299.71196437
winsfs_b500_w100,218,-66845082.73884164,-66518299.78866451
winsfs_b500_w100,219,-66845082.693964794,-66518299.864960335
winsfs_b500_w100,220,-66845082.649435185,-66518299.94086245
winsfs_b500_w100,221,-66845082.605254754,-66518300.016375326
winsfs_b500_w100,222,-66845082.56141501,-66518300.09149899
winsfs_b500_w100,223,-66845082.51792095,-66518300.16622757
winsfs_b500_w100,224,-66845082.47475728,-66518300.24057904
winsfs_b500_w100,225,-66845082.43192637,-66518300.31455242
winsfs_b500_w100,226,-66845082.38942291,-66518300.38815178
winsfs_b500_w100,227,-66845082.34724144,-66518300.46136851
winsfs_b500_w100,228,-66845082.30538444,-66518300.53421867
winsfs_b500_w100,229,-66845082.26383947,-66518300.60669403
winsfs_b500_w100,230,-66845082.22261801,-66518300.678806566
winsfs_b500_w100,231,-66845082.18170054,-66518300.75056248
winsfs_b500_w100,232,-66845082.14109319,-66518300.82195704
winsfs_b500_w100,233,-66845082.10078787,-66518300.89299466
winsfs_b500_w100,234,-66845082.060781926,-66518300.96366995
winsfs_b500_w100,235,-66845082.02107256,-66518301.03399865
winsfs_b500_w100,236,-66845081.981662646,-66518301.10398059
winsfs_b500_w100,237,-66845081.94254081,-66518301.17361144
winsfs_b500_w100,238,-66845081.90370083,-66518301.24290348
winsfs_b500_w100,239,-66845081.86515078,-66518301.31185094
winsfs_b500_w100,240,-66845081.826880544,-66518301.380458616
winsfs_b500_w100,241,-66845081.7888952,-66518301.448732935
winsfs_b500_w100,242,-66845081.75117514,-66518301.51667314
winsfs_b500_w100,243,-66845081.7137334,-66518301.58427256
winsfs_b500_w100,244,-66845081.67655656,-66518301.65154892
winsfs_b500_w100,245,-66845081.63965432,-66518301.71850419
winsfs_b500_w100,246,-66845081.60301216,-66518301.78512014
winsfs_b500_w100,247,-66845081.56663619,-66518301.85142711
winsfs_b500_w100,248,-66845081.53051846,-66518301.9174036
winsfs_b500_w100,249,-66845081.49465042,-66518301.98306674
winsfs_b500_w100,250,-66845081.459044166,-66518302.04841182
winsfs_b500_w100,251,-66845081.42367998,-66518302.11344445
winsfs_b500_w100,252,-66845081.38856531,-66518302.17817187
winsfs_b500_w100,253,-66845081.3536982,-66518302.24258299
winsfs_b500_w100,254,-66845081.31907826,-66518302.30668939
winsfs_b500_w100,255,-66845081.284693845,-66518302.37048996
winsfs_b500_w100,256,-66845081.25054065,-66518302.43399345
winsfs_b500_w100,257,-66845081.21663207,-66518302.49718852
winsfs_b500_w100,258,-66845081.18295099,-66518302.56008875
winsfs_b500_w100,259,-66845081.14950595,-66518302.62269042
winsfs_b500_w100,260,-66845081.116289504,-66518302.68499669
winsfs_b500_w100,261,-66845081.08329797,-66518302.7470073
winsfs_b500_w100,262,-66845081.0505333,-66518302.80873692
winsfs_b500_w100,263,-66845081.01798953,-66518302.870169304
winsfs_b500_w100,264,-66845080.98566162,-66518302.93131943
winsfs_b500_w100,265,-66845080.95355538,-66518302.99217844
winsfs_b500_w100,266,-66845080.921662584,-66518303.05276075
winsfs_b500_w100,267,-66845080.88998219,-66518303.11306058
winsfs_b500_w100,268,-66845080.85851846,-66518303.17307257
winsfs_b500_w100,269,-66845080.827258915,-66518303.23281699
winsfs_b500_w100,270,-66845080.796209805,-66518303.29228449
winsfs_b500_w100,271,-66845080.765353195,-66518303.35146845
winsfs_b500_w100,272,-66845080.73471345,-66518303.410393134
winsfs_b500_w100,273,-66845080.70427008,-66518303.469043925
winsfs_b500_w100,274,-66845080.674024224,-66518303.52742229
winsfs_b500_w100,275,-66845080.64397565,-66518303.58553415
winsfs_b500_w100,276,-66845080.614123,-66518303.64338648
winsfs_b500_w100,277,-66845080.584463574,-66518303.70096058
winsfs_b500_w100,278,-66845080.554993905,-66518303.758281
winsfs_b500_w100,279,-66845080.52572152,-66518303.81534005
winsfs_b500_w100,280,-66845080.49663043,-66518303.87213727
winsfs_b500_w100,281,-66845080.467722096,-66518303.92867751
winsfs_b500_w100,282,-66845080.43899873,-66518303.984967105
winsfs_b500_w100,283,-66845080.41046296,-66518304.040999465
winsfs_b500_w100,284,-66845080.38209717,-66518304.096775435
winsfs_b500_w100,285,-66845080.35392124,-66518304.15230885
winsfs_b500_w100,286,-66845080.3259201,-66518304.20758605
winsfs_b500_w100,287,-66845080.29809728,-66518304.26262301
winsfs_b500_w100,288,-66845080.270447366,-66518304.31741393
winsfs_b500_w100,289,-66845080.242964566,-66518304.3719545
winsfs_b500_w100,290,-66845080.215658315,-66518304.42625269
winsfs_b500_w100,291,-66845080.18851753,-66518304.48030708
winsfs_b500_w100,292,-66845080.16154984,-66518304.53412115
winsfs_b500_w100,293,-66845080.134742074,-66518304.5876931
winsfs_b500_w100,294,-66845080.1080997,-66518304.64103418
winsfs_b500_w100,295,-66845080.081619225,-66518304.694134966
winsfs_b500_w100,296,-66845080.05530767,-66518304.74700432
winsfs_b500_w100,297,-66845080.029151306,-66518304.79964379
winsfs_b500_w100,298,-66845080.00315103,-66518304.852038465
winsfs_b500_w100,299,-66845079.97731224,-66518304.9042114
winsfs_b500_w100,300,-66845079.95162,-66518304.956158906
winsfs_b500_w100,301,-66845079.92609523,-66518305.00786921
winsfs_b500_w100,302,-66845079.9007138,-66518305.05935552
winsfs_b500_w100,303,-66845079.87549111,-66518305.11062588
winsfs_b500_w100,304,-66845079.8504143,-66518305.16166418
winsfs_b500_w100,305,-66845079.82548414,-66518305.212482706
winsfs_b500_w100,306,-66845079.800712086,-66518305.26307749
winsfs_b500_w100,307,-66845079.77607927,-66518305.313450806
winsfs_b500_w100,308,-66845079.75158301,-66518305.36360454
winsfs_b500_w100,309,-66845079.72724404,-66518305.41354242
winsfs_b500_w100,310,-66845079.70303303,-66518305.463272154
winsfs_b500_w100,311,-66845079.67897407,-66518305.51277583
winsfs_b500_w100,312,-66845079.65505999,-66518305.56207248
winsfs_b500_w100,313,-66845079.631273784,-66518305.61114744
winsfs_b500_w100,314,-66845079.60762358,-66518305.660023615
winsfs_b500_w100,315,-66845079.58411438,-66518305.70868272
winsfs_b500_w100,316,-66845079.56074018,-66518305.757135674
winsfs_b500_w100,317,-66845079.53749653,-66518305.80537675
winsfs_b500_w100,318,-66845079.51439801,-66518305.85341301
winsfs_b500_w100,319,-66845079.49141464,-66518305.90124404
winsfs_b500_w100,320,-66845079.46856458,-66518305.94887254
winsfs_b500_w100,321,-66845079.44584523,-66518305.996297345
winsfs_b500_w100,322,-66845079.42325479,-66518306.04352464
winsfs_b500_w100,323,-66845079.400791846,-66518306.090544805
winsfs_b500_w100,324,-66845079.37845451,-66518306.137371935
winsfs_b500_w100,325,-66845079.356241226,-66518306.183992125
winsfs_b500_w100,326,-66845079.33415121,-66518306.230418086
winsfs_b500_w100,327,-66845079.31218784,-66518306.27664767
winsfs_b500_w100,328,-66845079.29034802,-66518306.32268045
winsfs_b500_w100,329,-66845079.26862427,-66518306.36852261
winsfs_b500_w100,330,-66845079.247017935,-66518306.41416597
winsfs_b500_w100,331,-66845079.22554164,-66518306.45962896
winsfs_b500_w100,332,-66845079.204166,-66518306.504893534
winsfs_b500_w100,333,-66845079.18292101,-66518306.54996689
winsfs_b500_w100,334,-66845079.161788054,-66518306.594857536
winsfs_b500_w100,335,-66845079.140765205,-66518306.63955055
winsfs_b500_w100,336,-66845079.11986298,-66518306.68405982
winsfs_b500_w100,337,-66845079.09907037,-66518306.7283859
winsfs_b500_w100,338,-66845079.07838918,-66518306.77253208
winsfs_b500_w100,339,-66845079.0578262,-66518306.81649011
winsfs_b500_w100,340,-66845079.037365474,-66518306.86025968
winsfs_b500_w100,341,-66845079.01701693,-66518306.903855674
winsfs_b500_w100,342,-66845078.99677122,-66518306.94726585
winsfs_b500_w100,343,-66845078.97663524,-66518306.99049183
winsfs_b500_w100,344,-66845078.95660722,-66518307.0335442
winsfs_b500_w100,345,-66845078.93668792,-66518307.07642583
winsfs_b500_w100,346,-66845078.91686924,-66518307.11912235
winsfs_b500_w100,347,-66845078.89716154,-66518307.1616465
winsfs_b500_w100,348,-66845078.877546854,-66518307.20398845
winsfs_b500_w100,349,-66845078.858050734,-66518307.24616865
winsfs_b500_w100,350,-66845078.838644736,-66518307.288163915
winsfs_b500_w100,351,-66845078.81933728,-66518307.32999395
winsfs_b500_w100,352,-66845078.80012991,-66518307.371652
winsfs_b500_w100,353,-66845078.7810288,-66518307.41313417
winsfs_b500_w100,354,-66845078.7620186,-66518307.454448976
winsfs_b500_w100,355,-66845078.743114695,-66518307.49559998
winsfs_b500_w100,356,-66845078.72430062,-66518307.5365729
winsfs_b500_w100,357,-66845078.7055814,-66518307.577389784
winsfs_b500_w100,358,-66845078.68696265,-66518307.61804195
winsfs_b500_w100,359,-66845078.66843106,-66518307.658522345
winsfs_b500_w100,360,-66845078.65000042,-66518307.69884421
winsfs_b500_w100,361,-66845078.6316557,-66518307.73899364
winsfs_b500_w100,362,-66845078.61341297,-66518307.7789858
winsfs_b500_w100,363,-66845078.59525757,-66518307.81881964
winsfs_b500_w100,364,-66845078.577192776,-66518307.8584877
winsfs_b500_w100,365,-66845078.55921281,-66518307.89799874
winsfs_b500_w100,366,-66845078.54134063,-66518307.93735034
winsfs_b500_w100,367,-66845078.52353876,-66518307.9765441
winsfs_b500_w100,368,-66845078.50583346,-66518308.01557412
winsfs_b500_w100,369,-66845078.48821277,-66518308.0544495
winsfs_b500_w100,370,-66845078.47068046,-66518308.09317469
winsfs_b500_w100,371,-66845078.45323379,-66518308.13174955
winsfs_b500_w100,372,-66845078.43587989,-66518308.17015809
winsfs_b500_w100,373,-66845078.41860181,-66518308.20841672
winsfs_b500_w100,374,-66845078.40140596,-66518308.24652882
winsfs_b500_w100,375,-66845078.384296894,-66518308.284483165
winsfs_b500_w100,376,-66845078.36726934,-66518308.32228133
winsfs_b500_w100,377,-66845078.350327335,-66518308.35994047
winsfs_b500_w100,378,-66845078.33346981,-66518308.39744398
winsfs_b500_w100,379,-66845078.31668486,-66518308.43479703
winsfs_b500_w100,380,-66845078.299988434,-66518308.47200752
winsfs_b500_w100,381,-66845078.283365496,-66518308.509067774
winsfs_b500_w100,382,-66845078.26683353,-66518308.54597471
winsfs_b500_w100,383,-66845078.25036667,-66518308.5827529
winsfs_b500_w100,384,-66845078.23398536,-66518308.619373195
winsfs_b500_w100,385,-66845078.21768129,-66518308.655854024
winsfs_b500_w100,386,-66845078.20145679,-66518308.6921869
winsfs_b500_w100,387,-66845078.18530243,-66518308.7283765
winsfs_b500_w100,388,-66845078.16922896,-66518308.76443415
winsfs_b500_w100,389,-66845078.15322996,-66518308.800339706
winsfs_b500_w100,390,-66845078.137297295,-66518308.836107925
winsfs_b500_w100,391,-66845078.1214491,-66518308.871736936
winsfs_b500_w100,392,-66845078.10566929,-66518308.90722664
winsfs_b500_w100,393,-66845078.08997166,-66518308.9425736
winsfs_b500_w100,394,-66845078.07434371,-66518308.977791384
winsfs_b500_w100,395,-66845078.05878699,-66518309.01286448
winsfs_b500_w100,396,-66845078.0432974,-66518309.0478026
winsfs_b500_w100,397,-66845078.027883545,-66518309.08261028
winsfs_b500_w100,398,-66845078.01254203,-66518309.11728019
winsfs_b500_w100,399,-66845077.99726797,-66518309.1518102
winsfs_b500_w100,400,-66845077.98206367,-66518309.186211005
winsfs_b500_w100,401,-66845077.966929555,-66518309.22047553
winsfs_b500_w100,402,-66845077.95185736,-66518309.25461085
winsfs_b500_w100,403,-66845077.93686794,-66518309.28861386
winsfs_b500_w100,404,-66845077.92193373,-66518309.32248465
winsfs_b500_w100,405,-66845077.90707351,-66518309.356227234
winsfs_b500_w100,406,-66845077.892278805,-66518309.38984243
winsfs_b500_w100,407,-66845077.87755202,-66518309.42332587
winsfs_b500_w100,408,-66845077.86288424,-66518309.456678145
winsfs_b500_w100,409,-66845077.84829323,-66518309.489905804
winsfs_b500_w100,410,-66845077.83375429,-66518309.523004025
winsfs_b500_w100,411,-66845077.8192877,-66518309.55598233
winsfs_b500_w100,412,-66845077.80488392,-66518309.588822655
winsfs_b500_w100,413,-66845077.790543295,-66518309.621548
winsfs_b500_w100,414,-66845077.776265725,-66518309.65414292
winsfs_b500_w100,415,-66845077.76205179,-66518309.68661464
winsfs_b500_w100,416,-66845077.74789623,-66518309.71896414
winsfs_b500_w100,417,-66845077.733809724,-66518309.75118835
winsfs_b500_w100,418,-66845077.7197852,-66518309.78328934
winsfs_b500_w100,419,-66845077.70581536,-66518309.815271065
winsfs_b500_w100,420,-66845077.69191727,-66518309.84713021
winsfs_b500_w100,421,-66845077.67806406,-66518309.8788744
winsfs_b500_w100,422,-66845077.66428101,-66518309.91049049
winsfs_b500_w100,423,-66845077.65054985,-66518309.94199447
winsfs_b500_w100,424,-66845077.63688727,-66518309.97337331
winsfs_b500_w100,425,-66845077.623277165,-66518310.00463738
winsfs_b500_w100,426,-66845077.60972712,-66518310.035773806
winsfs_b500_w100,427,-66845077.59624101,-66518310.06680694
winsfs_b500_w100,428,-66845077.5828114,-66518310.09772342
winsfs_b500_w100,429,-66845077.56942984,-66518310.12851856
winsfs_b500_w100,430,-66845077.556108385,-66518310.15919906
winsfs_b500_w100,431,-66845077.54284839,-66518310.189769655
winsfs_b500_w100,432,-66845077.52964193,-66518310.22021428
winsfs_b500_w100,433,-66845077.51649245,-66518310.25055617
winsfs_b500_w100,434,-66845077.50339429,-66518310.280775614
winsfs_b500_w100,435,-66845077.49036014,-66518310.310885824
winsfs_b500_w100,436,-66845077.477371305,-66518310.340886205
winsfs_b500_w100,437,-66845077.4644428,-66518310.370775096
winsfs_b500_w100,438,-66845077.451564535,-66518310.40055476
winsfs_b500_w100,439,-66845077.43874306,-66518310.43021949
winsfs_b500_w100,440,-66845077.425967425,-66518310.45978127
winsfs_b500_w100,441,-66845077.413252465,-66518310.48923038
winsfs_b500_w100,442,-66845077.400591224,-66518310.51856972
winsfs_b500_w100,443,-66845077.38797745,-66518310.54779611
winsfs_b500_w100,444,-66845077.37540815,-66518310.5769188
winsfs_b500_w100,445,-66845077.362905696,-66518310.60593478
winsfs_b500_w100,446,-66845077.35043962,-66518310.634840205
winsfs_b500_w100,447,-66845077.33803917,-66518310.66364584
winsfs_b500_w100,448,-66845077.32568854,-66518310.69233842
winsfs_b500_w100,449,-66845077.31338078,-66518310.72093539
winsfs_b500_w100,450,-66845077.30112402,-66518310.749416746
winsfs_b500_w100,451,-66845077.288919896,-66518310.77779885
winsfs_b500_w100,452,-66845077.27676434,-66518310.80607701
winsfs_b500_w100,453,-66845077.26465898,-66518310.83424965
winsfs_b500_w100,454,-66845077.25260116,-66518310.86232039
winsfs_b500_w100,455,-66845077.24059144,-66518310.89029224
winsfs_b500_w100,456,-66845077.22862989,-66518310.9181602
winsfs_b500_w100,457,-66845077.21671662,-66518310.94592866
winsfs_b500_w100,458,-66845077.20484791,-66518310.973593585
winsfs_b500_w100,459,-66845077.19303303,-66518311.001153566
winsfs_b500_w100,460,-66845077.18126328,-66518311.028621405
winsfs_b500_w100,461,-66845077.1695381,-66518311.055989325
winsfs_b500_w100,462,-66845077.15786165,-66518311.08325498
winsfs_b500_w100,463,-66845077.146236174,-66518311.11042172
winsfs_b500_w100,464,-66845077.134651065,-66518311.13748998
winsfs_b500_w100,465,-66845077.12310961,-66518311.16446266
winsfs_b500_w100,466,-66845077.111616805,-66518311.19133532
winsfs_b500_w100,467,-66845077.10016865,-66518311.21811492
winsfs_b500_w100,468,-66845077.08876471,-66518311.244796924
winsfs_b500_w100,469,-66845077.07740119,-66518311.2713827
winsfs_b500_w100,470,-66845077.06608672,-66518311.29787749
winsfs_b500_w100,471,-66845077.05481614,-66518311.32427115
winsfs_b500_w100,472,-66845077.04358738,-66518311.350566745
winsfs_b500_w100,473,-66845077.03240056,-66518311.37677666
winsfs_b500_w100,474,-66845077.02125966,-66518311.40289229
winsfs_b500_w100,475,-66845077.01016665,-66518311.428910576
winsfs_b500_w100,476,-66845076.999113925,-66518311.45484133
winsfs_b500_w100,477,-66845076.98810427,-66518311.48067936
winsfs_b500_w100,478,-66845076.97713701,-66518311.50642313
winsfs_b500_w100,479,-66845076.96620477,-66518311.53207453
winsfs_b500_w100,480,-66845076.955314994,-66518311.557634346
winsfs_b500_w100,481,-66845076.94447917,-66518311.58310761
winsfs_b500_w100,482,-66845076.93367756,-66518311.60848909
winsfs_b500_w100,483,-66845076.92291511,-66518311.63378277
winsfs_b500_w100,484,-66845076.91219552,-66518311.65897772
winsfs_b500_w100,485,-66845076.90151271,-66518311.684086725
winsfs_b500_w100,486,-66845076.890869014,-66518311.70911511
winsfs_b500_w100,487,-66845076.880271,-66518311.73404998
winsfs_b500_w100,488,-66845076.86971202,-66518311.75889821
winsfs_b500_w100,489,-66845076.85919367,-66518311.78365692
winsfs_b500_w100,490,-66845076.84871056,-66518311.80833234
winsfs_b500_w100,491,-66845076.83827057,-66518311.83291735
winsfs_b500_w100,492,-66845076.82786576,-66518311.85742187
winsfs_b500_w100,493,-66845076.81750276,-66518311.88183016
winsfs_b500_w100,494,-66845076.80717727,-66518311.90616153
winsfs_b500_w100,495,-66845076.796889134,-66518311.93041013
winsfs_b500_w100,496,-66845076.78664293,-66518311.95457115
winsfs_b500_w100,497,-66845076.77642909,-66518311.97864513
winsfs_b500_w100,498,-66845076.766256206,-66518312.00264179
winsfs_b500_w100,499,-66845076.75612319,-66518312.02654907
winsfs_b500_w100,500,-66845076.74602115,-66518312.05036908
winsfs_b500_w250,1,-67040454.62899326,-66716041.50999343
winsfs_b500_w250,2,-66853557.44374159,-66527059.7289066
winsfs_b500_w250,3,-66846081.71514834,-66519092.04629833
winsfs_b500_w250,4,-66845336.30352318,-66518276.602910735
winsfs_b500_w250,5,-66845193.544540875,-66518134.995763496
winsfs_b500_w250,6,-66845151.973163806,-66518105.044781506
winsfs_b500_w250,7,-66845135.1654894,-66518099.97960678
winsfs_b500_w250,8,-66845126.22894534,-66518101.34698741
winsfs_b500_w250,9,-66845120.396846816,-66518104.40448862
winsfs_b500_w250,10,-66845116.04824106,-66518107.79218471
winsfs_b500_w250,11,-66845112.5359061,-66518111.10495404
winsfs_b500_w250,12,-66845109.561249055,-66518114.23051722
winsfs_b500_w250,13,-66845106.96680127,-66518117.14959221
winsfs_b500_w250,14,-66845104.66028266,-66518119.871573485
winsfs_b500_w250,15,-66845102.58147536,-66518122.412555054
winsfs_b500_w250,16,-66845100.68923316,-66518124.79017825
winsfs_b500_w250,17,-66845098.952976145,-66518127.019518755
winsfs_b500_w250,18,-66845097.349773355,-66518129.11413029
winsfs_b500_w250,19,-66845095.8612271,-66518131.086001515
winsfs_b500_w250,20,-66845094.47294994,-66518132.94554192
winsfs_b500_w250,21,-66845093.17289755,-66518134.70204271
winsfs_b500_w250,22,-66845091.95119314,-66518136.36389951
winsfs_b500_w250,23,-66845090.79954083,-66518137.938537225
winsfs_b500_w250,24,-66845089.71083895,-66518139.432785034
winsfs_b500_w250,25,-66845088.67900131,-66518140.85276305
winsfs_b500_w250,26,-66845087.69892754,-66518142.20408559
winsfs_b500_w250,27,-66845086.76593098,-66518143.49184404
winsfs_b500_w250,28,-66845085.87607605,-66518144.720631465
winsfs_b500_w250,29,-66845085.025851674,-66518145.89469431
winsfs_b500_w250,30,-66845084.21216313,-66518147.01789438
winsfs_b500_w250,31,-66845083.432206534,-66518148.09375961
winsfs_b500_w250,32,-66845082.68354564,-66518149.12547364
winsfs_b500_w250,33,-66845081.963935375,-66518150.115984835
winsfs_b500_w250,34,-66845081.27139138,-66518151.06799983
winsfs_b500_w250,35,-66845080.60411857,-66518151.98394077
winsfs_b500_w250,36,-66845079.96046159,-66518152.86605117
winsfs_b500_w250,37,-66845079.338956505,-66518153.71642838
winsfs_b500_w250,38,-66845078.73822121,-66518154.53692286
winsfs_b500_w250,39,-66845078.15700496,-66518155.3293021
winsfs_b500_w250,40,-66845077.59416734,-66518156.09514027
winsfs_b500_w250,41,-66845077.04867414,-66518156.83592627
winsfs_b500_w250,42,-66845076.51956953,-66518157.55303646
winsfs_b500_w250,43,-66845076.005939886,-66518158.24770412
winsfs_b500_w250,44,-66845075.50698386,-66518158.92109848
winsfs_b500_w250,45,-66845075.02194558,-66518159.57432443
winsfs_b500_w250,46,-66845074.55009737,-66518160.20835937
winsfs_b500_w250,47,-66845074.090804495,-66518160.82415106
winsfs_b500_w250,48,-66845073.64344733,-66518161.42256452
winsfs_b500_w250,49,-66845073.20745082,-66518162.00442508
winsfs_b500_w250,50,-66845072.78229933,-66518162.57046646
winsfs_b500_w250,51,-66845072.36748597,-66518163.12142444
winsfs_b500_w250,52,-66845071.9625557,-66518163.65793853
winsfs_b500_w250,53,-66845071.56707206,-66518164.180658065
winsfs_b500_w250,54,-66845071.18062953,-66518164.69014838
winsfs_b500_w250,55,-66845070.80284126,-66518165.18697251
winsfs_b500_w250,56,-66845070.43336104,-66518165.6716458
winsfs_b500_w250,57,-66845070.0718237,-66518166.1446618
winsfs_b500_w250,58,-66845069.71794368,-66518166.606481165
winsfs_b500_w250,59,-66845069.37140659,-66518167.05755292
winsfs_b500_w250,60,-66845069.03193556,-66518167.49827696
winsfs_b500_w250,61,-66845068.69925541,-66518167.9290484
winsfs_b500_w250,62,-66845068.373112574,-66518168.350246415
winsfs_b500_w250,63,-66845068.05328637,-66518168.76222857
winsfs_b500_w250,64,-66845067.73952933,-66518169.16530966
winsfs_b500_w250,65,-66845067.43163309,-66518169.55982982
winsfs_b500_w250,66,-66845067.1293934,-66518169.94607903
winsfs_b500_w250,67,-66845066.832616284,-66518170.3243684
winsfs_b500_w250,68,-66845066.54112865,-66518170.69493908
winsfs_b500_w250,69,-66845066.254749306,-66518171.05807832
winsfs_b500_w250,70,-66845065.9733168,-66518171.414047144
winsfs_b500_w250,71,-66845065.69664965,-66518171.76305438
winsfs_b500_w250,72,-66845065.42462475,-66518172.105352595
winsfs_b500_w250,73,-66845065.15708825,-66518172.441151164
winsfs_b500_w250,74,-66845064.893898286,-66518172.770665
winsfs_b500_w250,75,-66845064.63493393,-66518173.09409173
winsfs_b500_w250,76,-66845064.380067214,-66518173.41163996
winsfs_b500_w250,77,-66845064.12917023,-66518173.72345952
winsfs_b500_w250,78,-66845063.88214007,-66518174.0297458
winsfs_b500_w250,79,-66845063.63885615,-66518174.33067702
winsfs_b500_w250,80,-66845063.399216905,-66518174.62640386
winsfs_b500_w250,81,-66845063.163116306,-66518174.91709063
winsfs_b500_w250,82,-66845062.93046755,-66518175.202886574
winsfs_b500_w250,83,-66845062.70117274,-66518175.48391952
winsfs_b500_w250,84,-66845062.47514038,-66518175.760345966
winsfs_b500_w250,85,-66845062.25229646,-66518176.03229995
winsfs_b500_w250,86,-66845062.032547206,-66518176.29989564
winsfs_b500_w250,87,-66845061.815816,-66518176.56325832
winsfs_b500_w250,88,-66845061.60202391,-66518176.82251859
winsfs_b500_w250,89,-66845061.39109607,-66518177.07778051
winsfs_b500_w250,90,-66845061.18297447,-66518177.329160914
winsfs_b500_w250,91,-66845060.97757929,-66518177.576766424
winsfs_b500_w250,92,-66845060.77484848,-66518177.82069016
winsfs_b500_w250,93,-66845060.5747115,-66518178.06103757
winsfs_b500_w250,94,-66845060.37712682,-66518178.29789858
winsfs_b500_w250,95,-66845060.18201486,-66518178.531364694
winsfs_b500_w250,96,-66845059.98932878,-66518178.76153353
winsfs_b500_w250,97,-66845059.79902322,-66518178.98849446
winsfs_b500_w250,98,-66845059.611025386,-66518179.21230042
winsfs_b500_w250,99,-66845059.42528979,-66518179.43306041
winsfs_b500_w250,100,-66845059.24177669,-66518179.65083771
winsfs_b500_w250,101,-66845059.060414694,-66518179.86571076
winsfs_b500_w250,102,-66845058.88119078,-66518180.077739984
winsfs_b500_w250,103,-66845058.704032995,-66518180.28702009
winsfs_b500_w250,104,-66845058.52891198,-66518180.49359639
winsfs_b500_w250,105,-66845058.35577743,-66518180.697538726
winsfs_b500_w250,106,-66845058.18459412,-66518180.898912854
winsfs_b500_w250,107,-66845058.01531822,-66518181.09778285
winsfs_b500_w250,108,-66845057.84791437,-66518181.29419302
winsfs_b500_w250,109,-66845057.68234286,-66518181.48821269
winsfs_b500_w250,110,-66845057.51857208,-66518181.67989325
winsfs_b500_w250,111,-66845057.35655793,-66518181.86928985
winsfs_b500_w250,112,-66845057.19628047,-66518182.05645121
winsfs_b500_w250,113,-66845057.03769268,-66518182.24143206
winsfs_b500_w250,114,-66845056.880766615,-66518182.42427712
winsfs_b500_w250,115,-66845056.72547429,-66518182.605030015
winsfs_b500_w250,116,-66845056.57177933,-66518182.783742286
winsfs_b500_w250,117,-66845056.41965131,-66518182.960458666
winsfs_b500_w250,118,-66845056.269078806,-66518183.13521712
winsfs_b500_w250,119,-66845056.12000874,-66518183.30806762
winsfs_b500_w250,120,-66845055.97243654,-66518183.47903606
winsfs_b500_w250,121,-66845055.82630807,-66518183.64817114
winsfs_b500_w250,122,-66845055.68162624,-66518183.81551649
winsfs_b500_w250,123,-66845055.538355425,-66518183.98109986
winsfs_b500_w250,124,-66845055.396464966,-66518184.14495939
winsfs_b500_w250,125,-66845055.25593765,-66518184.307121895
winsfs_b500_w250,126,-66845055.11674811,-66518184.46763654
winsfs_b500_w250,127,-66845054.97887586,-66518184.626525424
winsfs_b500_w250,128,-66845054.84229135,-66518184.7838266
winsfs_b500_w250,129,-66845054.70698332,-66518184.93956824
winsfs_b500_w250,130,-66845054.57293108,-66518185.09378566
winsfs_b500_w250,131,-66845054.44010599,-66518185.246500015
winsfs_b500_w250,132,-66845054.308488116,-66518185.397748575
winsfs_b500_w250,133,-66845054.17806443,-66518185.54754177
winsfs_b500_w250,134,-66845054.048813194,-66518185.69592588
winsfs_b500_w250,135,-66845053.920710094,-66518185.84292025
winsfs_b500_w250,136,-66845053.79375179,-66518185.98855277
winsfs_b500_w250,137,-66845053.66790988,-66518186.13284594
winsfs_b500_w250,138,-66845053.54316311,-66518186.27581949
winsfs_b500_w250,139,-66845053.41949826,-66518186.417508654
winsfs_b500_w250,140,-66845053.2969192,-66518186.55792084
winsfs_b500_w250,141,-66845053.17537688,-66518186.6970923
winsfs_b500_w250,142,-66845053.05486451,-66518186.83504165
winsfs_b500_w250,143,-66845052.9353824,-66518186.97178364
winsfs_b500_w250,144,-66845052.816899665,-66518187.10735029
winsfs_b500_w250,145,-66845052.69941221,-66518187.241752155
winsfs_b500_w250,146,-66845052.582897455,-66518187.375021815
winsfs_b500_w250,147,-66845052.4673471,-66518187.50715992
winsfs_b500_w250,148,-66845052.35274194,-66518187.638196886
winsfs_b500_w250,149,-66845052.23907805,-66518187.76815194
winsfs_b500_w250,150,-66845052.12632609,-66518187.89703944
winsfs_b500_w250,151,-66845052.01448986,-66518188.0248739
winsfs_b500_w250,152,-66845051.90354035,-66518188.15166772
winsfs_b500_w250,153,-66845051.79348627,-66518188.277457245
winsfs_b500_w250,154,-66845051.684297934,-66518188.40224944
winsfs_b500_w250,155,-66845051.57596768,-66518188.52605214
winsfs_b500_w250,156,-66845051.4684881,-66518188.64889184
winsfs_b500_w250,157,-66845051.36185194,-66518188.77078018
winsfs_b500_w250,158,-66845051.25602939,-66518188.89172127
winsfs_b500_w250,159,-66845051.151024744,-66518189.01175064
winsfs_b500_w250,160,-66845051.046826534,-66518189.13086118
winsfs_b500_w250,161,-66845050.94342534,-66518189.24907494
winsfs_b500_w250,162,-66845050.840797015,-66518189.36640843
winsfs_b500_w250,163,-66845050.738949955,-66518189.48288045
winsfs_b500_w250,164,-66845050.63786882,-66518189.59849221
winsfs_b500_w250,165,-66845050.53752986,-66518189.713265024
winsfs_b500_w250,166,-66845050.43794674,-66518189.82720104
winsfs_b500_w250,167,-66845050.33909119,-66518189.940323286
winsfs_b500_w250,168,-66845050.24096498,-66518190.052640125
winsfs_b500_w250,169,-66845050.14355288,-66518190.164148904
winsfs_b500_w250,170,-66845050.04685461,-66518190.27488243
winsfs_b500_w250,171,-66845049.95084455,-66518190.384846866
winsfs_b500_w250,172,-66845049.85552978,-66518190.49405004
winsfs_b500_w250,173,-66845049.7609059,-66518190.602495864
winsfs_b500_w250,174,-66845049.66694216,-66518190.71020317
winsfs_b500_w250,175,-66845049.57364697,-66518190.81718352
winsfs_b500_w250,176,-66845049.48101729,-66518190.923442416
winsfs_b500_w250,177,-66845049.389029846,-66518191.02898402
winsfs_b500_w250,178,-66845049.29768888,-66518191.13382802
winsfs_b500_w250,179,-66845049.20698536,-66518191.237979546
winsfs_b500_w250,180,-66845049.1169095,-66518191.341456786
winsfs_b500_w250,181,-66845049.02745608,-66518191.44425083
winsfs_b500_w250,182,-66845048.938606285,-66518191.54638709
winsfs_b500_w250,183,-66845048.850376494,-66518191.647863835
winsfs_b500_w250,184,-66845048.76274143,-66518191.74870114
winsfs_b500_w250,185,-66845048.67569791,-66518191.84888668
winsfs_b500_w250,186,-66845048.58924421,-66518191.94845687
winsfs_b500_w250,187,-66845048.50336756,-66518192.04739077
winsfs_b500_w250,188,-66845048.41806774,-66518192.14572215
winsfs_b500_w250,189,-66845048.33333015,-66518192.243445255
winsfs_b500_w250,190,-66845048.24916529,-66518192.34056368
winsfs_b500_w250,191,-66845048.16554512,-66518192.43709275
winsfs_b500_w250,192,-66845048.082482085,-66518192.533036485
winsfs_b500_w250,193,-66845047.99995258,-66518192.62840692
winsfs_b500_w250,194,-66845047.91796797,-66518192.72320783
winsfs_b500_w250,195,-66845047.83650786,-66518192.817443274
winsfs_b500_w250,196,-66845047.75557923,-66518192.91111952
winsfs_b500_w250,197,-66845047.67517135,-66518193.00424948
winsfs_b500_w250,198,-66845047.59528031,-66518193.09683557
winsfs_b500_w250,199,-66845047.51589225,-66518193.18888318
winsfs_b500_w250,200,-66845047.43701371,-66518193.28040013
winsfs_b500_w250,201,-66845047.3586425,-66518193.3713981
winsfs_b500_w250,202,-66845047.28075835,-66518193.46187945
winsfs_b500_w250,203,-66845047.20336321,-66518193.55183881
winsfs_b500_w250,204,-66845047.12645569,-66518193.64130023
winsfs_b500_w250,205,-66845047.05002432,-66518193.73025992
winsfs_b500_w250,206,-66845046.97405763,-66518193.8187256
winsfs_b500_w250,207,-66845046.89856846,-66518193.90669682
winsfs_b500_w250,208,-66845046.823555626,-66518193.994191885
winsfs_b500_w250,209,-66845046.74899639,-66518194.08120596
winsfs_b500_w250,210,-66845046.67488823,-66518194.16774837
winsfs_b500_w250,211,-66845046.60123381,-66518194.25382606
winsfs_b500_w250,212,-66845046.528042205,-66518194.33943366
winsfs_b500_w250,213,-66845046.45527767,-66518194.42459304
winsfs_b500_w250,214,-66845046.38295519,-66518194.50929904
winsfs_b500_w250,215,-66845046.31106772,-66518194.59355581
winsfs_b500_w250,216,-66845046.239612125,-66518194.67736991
winsfs_b500_w250,217,-66845046.16858086,-66518194.76074692
winsfs_b500_w250,218,-66845046.09797612,-66518194.84369157
winsfs_b500_w250,219,-66845046.02778717,-66518194.92620747
winsfs_b500_w250,220,-66845045.95801382,-66518195.00830037
winsfs_b500_w250,221,-66845045.88865143,-66518195.08997633
winsfs_b500_w250,222,-66845045.81970279,-66518195.171235725
winsfs_b500_w250,223,-66845045.75114543,-66518195.25208031
winsfs_b500_w250,224,-66845045.68299158,-66518195.33252316
winsfs_b500_w250,225,-66845045.615229234,-66518195.412559085
winsfs_b500_w250,226,-66845045.547868274,-66518195.49219866
winsfs_b500_w250,227,-66845045.4808904,-66518195.57144382
winsfs_b500_w250,228,-66845045.414303094,-66518195.650303245
winsfs_b500_w250,229,-66845045.348089285,-66518195.72876803
winsfs_b500_w250,230,-66845045.28226385,-66518195.806857295
winsfs_b500_w250,231,-66845045.216801144,-66518195.88457227
winsfs_b500_w250,232,-66845045.15172318,-66518195.96190025
winsfs_b500_w250,233,-66845045.08700897,-66518196.03886458
winsfs_b500_w250,234,-66845045.02265538,-66518196.115462504
winsfs_b500_w250,235,-66845044.95867231,-66518196.19169637
winsfs_b500_w250,236,-66845044.89504367,-66518196.26757375
winsfs_b500_w250,237,-66845044.83176601,-66518196.34309094
winsfs_b500_w250,238,-66845044.76884817,-66518196.41825501
winsfs_b500_w250,239,-66845044.70627235,-66518196.49306738
winsfs_b500_w250,240,-66845044.64405857,-66518196.56753511
winsfs_b500_w250,241,-66845044.58218058,-66518196.64165778
winsfs_b500_w250,242,-66845044.5206337,-66518196.715443656
winsfs_b500_w250,243,-66845044.45943605,-66518196.78889225
winsfs_b500_w250,244,-66845044.39857466,-66518196.86200491
winsfs_b500_w250,245,-66845044.33803626,-66518196.934788465
winsfs_b500_w250,246,-66845044.27783373,-66518197.007243335
winsfs_b500_w250,247,-66845044.21795712,-66518197.07937226
winsfs_b500_w250,248,-66845044.15840756,-66518197.15118112
winsfs_b500_w250,249,-66845044.09918033,-66518197.22267523
winsfs_b500_w250,250,-66845044.04026921,-66518197.29385282
winsfs_b500_w250,251,-66845043.981671296,-66518197.36471239
winsfs_b500_w250,252,-66845043.92338538,-66518197.43526452
winsfs_b500_w250,253,-66845043.86541767,-66518197.50551583
winsfs_b500_w250,254,-66845043.80775768,-66518197.57545278
winsfs_b500_w250,255,-66845043.75039573,-66518197.64509751
winsfs_b500_w250,256,-66845043.69334495,-66518197.714437954
winsfs_b500_w250,257,-66845043.636598915,-66518197.783488
winsfs_b500_w250,258,-66845043.580147125,-66518197.852233626
winsfs_b500_w250,259,-66845043.52399178,-66518197.920694
winsfs_b500_w250,260,-66845043.468125835,-66518197.988862574
winsfs_b500_w250,261,-66845043.41255697,-66518198.05674675
winsfs_b500_w250,262,-66845043.35727632,-66518198.12434968
winsfs_b500_w250,263,-66845043.302283354,-66518198.1916642
winsfs_b500_w250,264,-66845043.24757473,-66518198.25870526
winsfs_b500_w250,265,-66845043.19315189,-66518198.32547006
winsfs_b500_w250,266,-66845043.13900804,-66518198.39196064
winsfs_b500_w250,267,-66845043.08514283,-66518198.45818037
winsfs_b500_w250,268,-66845043.03154891,-66518198.52412909
winsfs_b500_w250,269,-66845042.97823018,-66518198.58981304
winsfs_b500_w250,270,-66845042.92518774,-66518198.655217886
winsfs_b500_w250,271,-66845042.87241534,-66518198.72037098
winsfs_b500_w250,272,-66845042.81990821,-66518198.78526282
winsfs_b500_w250,273,-66845042.76767023,-66518198.849896386
winsfs_b500_w250,274,-66845042.715688944,-66518198.91426971
winsfs_b500_w250,275,-66845042.663977206,-66518198.97839481
winsfs_b500_w250,276,-66845042.61252223,-66518199.04226586
winsfs_b500_w250,277,-66845042.56132482,-66518199.10588777
winsfs_b500_w250,278,-66845042.51038918,-66518199.16924927
winsfs_b500_w250,279,-66845042.45970364,-66518199.23237288
winsfs_b500_w250,280,-66845042.40926821,-66518199.29525094
winsfs_b500_w250,281,-66845042.35908525,-66518199.35789184
winsfs_b500_w250,282,-66845042.30914954,-66518199.420285344
winsfs_b500_w250,283,-66845042.259457536,-66518199.48244323
winsfs_b500_w250,284,-66845042.210018,-66518199.54436616
winsfs_b500_w250,285,-66845042.16081436,-66518199.60605489
winsfs_b500_w250,286,-66845042.11186132,-66518199.667503126
winsfs_b500_w250,287,-66845042.06314098,-66518199.72872711
winsfs_b500_w250,288,-66845042.01465746,-66518199.78972005
winsfs_b500_w250,289,-66845041.96641426,-66518199.850476846
winsfs_b500_w250,290,-66845041.918406025,-66518199.91101728
winsfs_b500_w250,291,-66845041.87063071,-66518199.9713296
winsfs_b500_w250,292,-66845041.82308251,-66518200.03141653
winsfs_b500_w250,293,-66845041.77576841,-66518200.091282755
winsfs_b500_w250,294,-66845041.72868104,-66518200.15093262
winsfs_b500_w250,295,-66845041.68181566,-66518200.21036136
winsfs_b500_w250,296,-66845041.63518016,-66518200.26957843
winsfs_b500_w250,297,-66845041.588764995,-66518200.32857221
winsfs_b500_w250,298,-66845041.542571574,-66518200.38737043
winsfs_b500_w250,299,-66845041.496600695,-66518200.445942745
winsfs_b500_w250,300,-66845041.45084756,-66518200.504312016
winsfs_b500_w250,301,-66845041.405306935,-66518200.56246609
winsfs_b500_w250,302,-66845041.359991334,-66518200.6204171
winsfs_b500_w250,303,-66845041.314875655,-66518200.67816102
winsfs_b500_w250,304,-66845041.2699872,-66518200.73570176
winsfs_b500_w250,305,-66845041.225302614,-66518200.79304216
winsfs_b500_w250,306,-66845041.18082852,-66518200.85017624
winsfs_b500_w250,307,-66845041.13656234,-66518200.90711447
winsfs_b500_w250,308,-66845041.09250071,-66518200.96385435
winsfs_b500_w250,309,-66845041.04865427,-66518201.02039686
winsfs_b500_w250,310,-66845041.00500149,-66518201.07674903
winsfs_b500_w250,311,-66845040.96155684,-66518201.132897645
winsfs_b500_w250,312,-66845040.91830345,-66518201.1888576
winsfs_b500_w250,313,-66845040.8752614,-66518201.24462361
winsfs_b500_w250,314,-66845040.832413375,-66518201.3002007
winsfs_b500_w250,315,-66845040.78976545,-66518201.35559242
winsfs_b500_w250,316,-66845040.747310214,-66518201.41079107
winsfs_b500_w250,317,-66845040.70505264,-66518201.46580375
winsfs_b500_w250,318,-66845040.66298596,-66518201.52063513
winsfs_b500_w250,319,-66845040.621112,-66518201.57528123
winsfs_b500_w250,320,-66845040.579426944,-66518201.62975122
winsfs_b500_w250,321,-66845040.53793515,-66518201.68403541
winsfs_b500_w250,322,-66845040.49662599,-66518201.73813773
winsfs_b500_w250,323,-66845040.45550285,-66518201.792058945
winsfs_b500_w250,324,-66845040.4145702,-66518201.845804006
winsfs_b500_w250,325,-66845040.37382556,-66518201.899378054
winsfs_b500_w250,326,-66845040.33325562,-66518201.95276836
winsfs_b500_w250,327,-66845040.29288208,-66518202.00598784
winsfs_b500_w250,328,-66845040.252675936,-66518202.05903169
winsfs_b500_w250,329,-66845040.21265372,-66518202.11190797
winsfs_b500_w250,330,-66845040.1728072,-66518202.164616235
winsfs_b500_w250,331,-66845040.13314205,-66518202.21714296
winsfs_b500_w250,332,-66845040.093649246,-66518202.26951152
winsfs_b500_w250,333,-66845040.05433812,-66518202.321712434
winsfs_b500_w250,334,-66845040.01519929,-66518202.37374119
winsfs_b500_w250,335,-66845039.9762347,-66518202.425603904
winsfs_b500_w250,336,-66845039.93743733,-66518202.4773068
winsfs_b500_w250,337,-66845039.898818895,-66518202.52884449
winsfs_b500_w250,338,-66845039.86036746,-66518202.580211766
winsfs_b500_w250,339,-66845039.822077766,-66518202.63143106
winsfs_b500_w250,340,-66845039.78396039,-66518202.68247798
winsfs_b500_w250,341,-66845039.74600915,-66518202.73337424
winsfs_b500_w250,342,-66845039.7082224,-66518202.78410224
winsfs_b500_w250,343,-66845039.670604356,-66518202.83468449
winsfs_b500_w250,344,-66845039.633144334,-66518202.88510576
winsfs_b500_w250,345,-66845039.59585355,-66518202.93537248
winsfs_b500_w250,346,-66845039.55871578,-66518202.98547762
winsfs_b500_w250,347,-66845039.52174035,-66518203.035436094
winsfs_b500_w250,348,-66845039.48492517,-66518203.085236505
winsfs_b500_w250,349,-66845039.4482695,-66518203.134891555
winsfs_b500_w250,350,-66845039.4117761,-66518203.18439413
winsfs_b500_w250,351,-66845039.37543293,-66518203.233744144
winsfs_b500_w250,352,-66845039.33924754,-66518203.2829513
winsfs_b500_w250,353,-66845039.30321892,-66518203.33199976
winsfs_b500_w250,354,-66845039.267338775,-66518203.38090479
winsfs_b500_w250,355,-66845039.23161441,-66518203.429665826
winsfs_b500_w250,356,-66845039.196037866,-66518203.47827453
winsfs_b500_w250,357,-66845039.16061534,-66518203.52674309
winsfs_b500_w250,358,-66845039.12534748,-66518203.57507027
winsfs_b500_w250,359,-66845039.09022321,-66518203.62325328
winsfs_b500_w250,360,-66845039.05525093,-66518203.671287075
winsfs_b500_w250,361,-66845039.02042415,-66518203.7191897
winsfs_b500_w250,362,-66845038.98574371,-66518203.766940646
winsfs_b500_w250,363,-66845038.95120743,-66518203.81455781
winsfs_b500_w250,364,-66845038.91681696,-66518203.86203714
winsfs_b500_w250,365,-66845038.882566795,-66518203.90937488
winsfs_b500_w250,366,-66845038.84846864,-66518203.9565795
winsfs_b500_w250,367,-66845038.81450212,-66518204.003641
winsfs_b500_w250,368,-66845038.78068074,-66518204.05057017
winsfs_b500_w250,369,-66845038.74699754,-66518204.0973618
winsfs_b500_w250,370,-66845038.71345976,-66518204.14401547
winsfs_b500_w250,371,-66845038.68005549,-66518204.19054032
winsfs_b500_w250,372,-66845038.6467903,-66518204.23693543
winsfs_b500_w250,373,-66845038.61366076,-66518204.28319248
winsfs_b500_w250,374,-66845038.58066623,-66518204.329316966
winsfs_b500_w250,375,-66845038.54781405,-66518204.37532073
winsfs_b500_w250,376,-66845038.51509415,-66518204.42118042
winsfs_b500_w250,377,-66845038.48250736,-66518204.46692134
winsfs_b500_w250,378,-66845038.45005261,-66518204.51252866
winsfs_b500_w250,379,-66845038.417732,-66518204.55801117
winsfs_b500_w250,380,-66845038.38554593,-66518204.60335783
winsfs_b500_w250,381,-66845038.35348336,-66518204.64858654
winsfs_b500_w250,382,-66845038.32155435,-66518204.693683505
winsfs_b500_w250,383,-66845038.289754435,-66518204.738651134
winsfs_b500_w250,384,-66845038.25808325,-66518204.78350147
winsfs_b500_w250,385,-66845038.22653973,-66518204.82822353
winsfs_b500_w250,386,-66845038.19512264,-66518204.872821495
winsfs_b500_w250,387,-66845038.16383415,-66518204.91730592
winsfs_b500_w250,388,-66845038.13266696,-66518204.96165982
winsfs_b500_w250,389,-66845038.10162931,-66518205.00589418
winsfs_b500_w250,390,-66845038.07071279,-66518205.05000299
winsfs_b500_w250,391,-66845038.0399201,-66518205.09399383
winsfs_b500_w250,392,-66845038.00925176,-66518205.13786831
winsfs_b500_w250,393,-66845037.97870836,-66518205.18161313
winsfs_b500_w250,394,-66845037.94828391,-66518205.22524959
winsfs_b500_w250,395,-66845037.917982504,-66518205.2687699
winsfs_b500_w250,396,-66845037.88779464,-66518205.31217041
winsfs_b500_w250,397,-66845037.857729934,-66518205.35545667
winsfs_b500_w250,398,-66845037.82778353,-66518205.39861736
winsfs_b500_w250,399,-66845037.797957145,-66518205.44167016
winsfs_b500_w250,400,-66845037.76823952,-66518205.48460499
winsfs_b500_w250,401,-66845037.73864972,-66518205.52742507
winsfs_b500_w250,402,-66845037.70917271,-66518205.57013386
winsfs_b500_w250,403,-66845037.67980557,-66518205.61272451
winsfs_b500_w250,404,-66845037.650556326,-66518205.65520771
winsfs_b500_w250,405,-66845037.62142486,-66518205.69757824
winsfs_b500_w250,406,-66845037.59240803,-66518205.7398371
winsfs_b500_w250,407,-66845037.56349568,-66518205.78198232
winsfs_b500_w250,408,-66845037.53470141,-66518205.82401525
winsfs_b500_w250,409,-66845037.50601881,-66518205.86593972
winsfs_b500_w250,410,-66845037.4774449,-66518205.90775835
winsfs_b500_w250,411,-66845037.44898649,-66518205.949464075
winsfs_b500_w250,412,-66845037.42062759,-66518205.99106611
winsfs_b500_w250,413,-66845037.39239214,-66518206.03254918
winsfs_b500_w250,414,-66845037.36425278,-66518206.07393695
winsfs_b500_w250,415,-66845037.336224325,-66518206.115211405
winsfs_b500_w250,416,-66845037.30831264,-66518206.15638115
winsfs_b500_w250,417,-66845037.280496776,-66518206.19744192
winsfs_b500_w250,418,-66845037.25279244,-66518206.238395736
winsfs_b500_w250,419,-66845037.22519077,-66518206.27924861
winsfs_b500_w250,420,-66845037.19769853,-66518206.3199993
winsfs_b500_w250,421,-66845037.17030875,-66518206.36064578
winsfs_b500_w250,422,-66845037.14301788,-66518206.40118065
winsfs_b500_w250,423,-66845037.11583751,-66518206.4416216
winsfs_b500_w250,424,-66845037.08875501,-66518206.481952995
winsfs_b500_w250,425,-66845037.06177501,-66518206.522188306
winsfs_b500_w250,426,-66845037.03490557,-66518206.56231298
winsfs_b500_w250,427,-66845037.00812174,-66518206.602340214
winsfs_b500_w250,428,-66845036.98145314,-66518206.64226848
winsfs_b500_w250,429,-66845036.95487949,-66518206.68209986
winsfs_b500_w250,430,-66845036.92840765,-66518206.72183067
winsfs_b500_w250,431,-66845036.90202707,-66518206.76145541
winsfs_b500_w250,432,-66845036.87575337,-66518206.80099203
winsfs_b500_w250,433,-66845036.84957296,-66518206.840416364
winsfs_b500_w250,434,-66845036.82349755,-66518206.87975211
winsfs_b500_w250,435,-66845036.797509246,-66518206.918989494
winsfs_b500_w250,436,-66845036.771618806,-66518206.95812971
winsfs_b500_w250,437,-66845036.7458316,-66518206.997174114
winsfs_b500_w250,438,-66845036.72013314,-66518207.036119014
winsfs_b500_w250,439,-66845036.69453397,-66518207.07496698
winsfs_b500_w250,440,-66845036.66901985,-66518207.113717414
winsfs_b500_w250,441,-66845036.64361127,-66518207.152381234
winsfs_b500_w250,442,-66845036.618294455,-66518207.190939546
winsfs_b500_w250,443,-66845036.59306504,-66518207.22941213
winsfs_b500_w250,444,-66845036.56793536,-66518207.26777822
winsfs_b500_w250,445,-66845036.54289091,-66518207.30606252
winsfs_b500_w250,446,-66845036.51794262,-66518207.3442553
winsfs_b500_w250,447,-66845036.49307784,-66518207.38235173
winsfs_b500_w250,448,-66845036.46831505,-66518207.42035372
winsfs_b500_w250,449,-66845036.4436302,-66518207.45826545
winsfs_b500_w250,450,-66845036.41904077,-66518207.49608687
winsfs_b500_w250,451,-66845036.39453659,-66518207.53381628
winsfs_b500_w250,452,-66845036.370130226,-66518207.57145393
winsfs_b500_w250,453,-66845036.34580675,-66518207.60900168
winsfs_b500_w250,454,-66845036.32157326,-66518207.6464595
winsfs_b500_w250,455,-66845036.2974271,-66518207.68382803
winsfs_b500_w250,456,-66845036.27336461,-66518207.72110426
winsfs_b500_w250,457,-66845036.24939072,-66518207.75830091
winsfs_b500_w250,458,-66845036.22550552,-66518207.79540079
winsfs_b500_w250,459,-66845036.20169977,-66518207.832415305
winsfs_b500_w250,460,-66845036.17798325,-66518207.86933683
winsfs_b500_w250,461,-66845036.15434573,-66518207.90617538
winsfs_b500_w250,462,-66845036.1308023,-66518207.94292646
winsfs_b500_w250,463,-66845036.10733874,-66518207.97959809
winsfs_b500_w250,464,-66845036.083956786,-66518208.016170114
winsfs_b500_w250,465,-66845036.06065716,-66518208.05265549
winsfs_b500_w250,466,-66845036.03744449,-66518208.08906114
winsfs_b500_w250,467,-66845036.014310874,-66518208.12539042
winsfs_b500_w250,468,-66845035.99125702,-66518208.161624715
winsfs_b500_w250,469,-66845035.968293265,-66518208.19777048
winsfs_b500_w250,470,-66845035.94539868,-66518208.233839974
winsfs_b500_w250,471,-66845035.9225894,-66518208.269818544
winsfs_b500_w250,472,-66845035.89986369,-66518208.30572152
winsfs_b500_w250,473,-66845035.87720635,-66518208.34153686
winsfs_b500_w250,474,-66845035.854641125,-66518208.37727271
winsfs_b500_w250,475,-66845035.83214909,-66518208.412924945
winsfs_b500_w250,476,-66845035.80973751,-66518208.448490635
winsfs_b500_w250,477,-66845035.78741041,-66518208.483974665
winsfs_b500_w250,478,-66845035.76514964,-66518208.51938106
winsfs_b500_w250,479,-66845035.74297696,-66518208.55470063
winsfs_b500_w250,480,-66845035.720867984,-66518208.58994021
winsfs_b500_w250,481,-66845035.69885011,-66518208.62510362
winsfs_b500_w250,482,-66845035.67689517,-66518208.660179414
winsfs_b500_w250,483,-66845035.655026495,-66518208.69517872
winsfs_b500_w250,484,-66845035.63322857,-66518208.73009384
winsfs_b500_w250,485,-66845035.61150362,-66518208.76493889
winsfs_b500_w250,486,-66845035.58985762,-66518208.79969664
winsfs_b500_w250,487,-66845035.56828427,-66518208.834375694
winsfs_b500_w250,488,-66845035.54678611,-66518208.86898046
winsfs_b500_w250,489,-66845035.525357656,-66518208.90350449
winsfs_b500_w250,490,-66845035.5040084,-66518208.93794962
winsfs_b500_w250,491,-66845035.48272472,-66518208.97231701
winsfs_b500_w250,492,-66845035.4615213,-66518209.00660894
winsfs_b500_w250,493,-66845035.44038365,-66518209.04082286
winsfs_b500_w250,494,-66845035.41932181,-66518209.074958414
winsfs_b500_w250,495,-66845035.39832353,-66518209.10902352
winsfs_b500_w250,496,-66845035.37741112,-66518209.14300563
winsfs_b500_w250,497,-66845035.35656412,-66518209.17691282
winsfs_b500_w250,498,-66845035.335782915,-66518209.2107471
winsfs_b500_w250,499,-66845035.31507362,-66518209.24449892
winsfs_b500_w250,500,-66845035.294437826,-66518209.27818435
winsfs_b500_w500,1,-67872021.09430894,-67547450.56928572
winsfs_b500_w500,2,-66969406.24628263,-66644613.568583965
winsfs_b500_w500,3,-66869220.70255802,-66543212.78114942
winsfs_b500_w500,4,-66851122.518016785,-66524463.35965888
winsfs_b500_w500,5,-66847031.38649124,-66520091.19491498
winsfs_b500_w500,6,-66845862.70621756,-66518810.96913344
winsfs_b500_w500,7,-66845455.05670335,-66518362.50774939
winsfs_b500_w500,8,-66845288.82015184,-66518184.28970225
winsfs_b500_w500,9,-66845212.141331054,-66518107.236275166
winsfs_b500_w500,10,-66845172.96678392,-66518072.20410722
winsfs_b500_w500,11,-66845151.07103972,-66518056.02357176
winsfs_b500_w500,12,-66845137.780634366,-66518048.798633784
winsfs_b500_w500,13,-66845129.0703046,-66518046.00835361
winsfs_b500_w500,14,-66845122.9463597,-66518045.47494056
winsfs_b500_w500,15,-66845118.36508331,-66518046.1047758
winsfs_b500_w500,16,-66845114.75295144,-66518047.3302604
winsfs_b500_w500,17,-66845111.7802578,-66518048.84957328
winsfs_b500_w500,18,-66845109.2495641,-66518050.49953299
winsfs_b500_w500,19,-66845107.03840123,-66518052.191552386
winsfs_b500_w500,20,-66845105.06713076,-66518053.87745089
winsfs_b500_w500,21,-66845103.28299045,-66518055.53171558
winsfs_b500_w500,22,-66845101.648983486,-66518057.14146293
winsfs_b500_w500,23,-66845100.138713464,-66518058.70064934
winsfs_b500_w500,24,-66845098.73251014,-66518060.20744148
winsfs_b500_w500,25,-66845097.41587823,-66518061.66240672
winsfs_b500_w500,26,-66845096.17712833,-66518063.06647992
winsfs_b500_w500,27,-66845095.00700429,-66518064.422211505
winsfs_b500_w500,28,-66845093.89787807,-66518065.73146671
winsfs_b500_w500,29,-66845092.84379037,-66518066.99641571
winsfs_b500_w500,30,-66845091.83945705,-66518068.21942796
winsfs_b500_w500,31,-66845090.880447306,-66518069.40261769
winsfs_b500_w500,32,-66845089.96263847,-66518070.54779586
winsfs_b500_w500,33,-66845089.08312217,-66518071.65708102
winsfs_b500_w500,34,-66845088.23857678,-66518072.73185154
winsfs_b500_w500,35,-66845087.42662335,-66518073.77382202
winsfs_b500_w500,36,-66845086.64499835,-66518074.78449196
winsfs_b500_w500,37,-66845085.89150513,-66518075.76535443
winsfs_b500_w500,38,-66845085.164363205,-66518076.71759779
winsfs_b500_w500,39,-66845084.46197615,-66518077.642571144
winsfs_b500_w500,40,-66845083.78270085,-66518078.541312866
winsfs_b500_w500,41,-66845083.1252462,-66518079.415022045
winsfs_b500_w500,42,-66845082.48829602,-66518080.26462596
winsfs_b500_w500,43,-66845081.87068341,-66518081.0911856
winsfs_b500_w500,44,-66845081.27137885,-66518081.89562213
winsfs_b500_w500,45,-66845080.689434625,-66518082.67879456
winsfs_b500_w500,46,-66845080.123902574,-66518083.441642955
winsfs_b500_w500,47,-66845079.57395254,-66518084.18486394
winsfs_b500_w500,48,-66845079.03882254,-66518084.90923516
winsfs_b500_w500,49,-66845078.51783134,-66518085.615517326
winsfs_b500_w500,50,-66845078.01031864,-66518086.30439876
winsfs_b500_w500,51,-66845077.5155893,-66518086.97656744
winsfs_b500_w500,52,-66845077.03312782,-66518087.63260256
winsfs_b500_w500,53,-66845076.56237666,-66518088.27312837
winsfs_b500_w500,54,-66845076.10281745,-66518088.89875395
winsfs_b500_w500,55,-66845075.65399319,-66518089.5099713
winsfs_b500_w500,56,-66845075.21542851,-66518090.10734951
winsfs_b500_w500,57,-66845074.78674736,-66518090.691388704
winsfs_b500_w500,58,-66845074.36752003,-66518091.262564085
winsfs_b500_w500,59,-66845073.95738724,-66518091.82130323
winsfs_b500_w500,60,-66845073.5559815,-66518092.36807094
winsfs_b500_w500,61,-66845073.16297482,-66518092.90329436
winsfs_b500_w500,62,-66845072.77806293,-66518093.427357115
winsfs_b500_w500,63,-66845072.40093105,-66518093.9406435
winsfs_b500_w500,64,-66845072.031313114,-66518094.44351885
winsfs_b500_w500,65,-66845071.66892179,-66518094.93632611
winsfs_b500_w500,66,-66845071.313517496,-66518095.41939902
winsfs_b500_w500,67,-66845070.96486274,-66518095.89306229
winsfs_b500_w500,68,-66845070.62272438,-66518096.357607365
winsfs_b500_w500,69,-66845070.28686075,-66518096.81334069
winsfs_b500_w500,70,-66845069.95710334,-66518097.26054995
winsfs_b500_w500,71,-66845069.63323018,-66518097.69947303
winsfs_b500_w500,72,-66845069.315050416,-66518098.13038342
winsfs_b500_w500,73,-66845069.00238462,-66518098.55352091
winsfs_b500_w500,74,-66845068.69505061,-66518098.969133385
winsfs_b500_w500,75,-66845068.39289626,-66518099.37743029
winsfs_b500_w500,76,-66845068.09576804,-66518099.77863098
winsfs_b500_w500,77,-66845067.803512715,-66518100.17295851
winsfs_b500_w500,78,-66845067.51597614,-66518100.5605834
winsfs_b500_w500,79,-66845067.23302877,-66518100.941719994
winsfs_b500_w500,80,-66845066.954530925,-66518101.31653523
winsfs_b500_w500,81,-66845066.68035296,-66518101.68521607
winsfs_b500_w500,82,-66845066.41038471,-66518102.047928475
winsfs_b500_w500,83,-66845066.14449403,-66518102.40482717
winsfs_b500_w500,84,-66845065.88256777,-66518102.75608775
winsfs_b500_w500,85,-66845065.62451276,-66518103.10184327
winsfs_b500_w500,86,-66845065.37021134,-66518103.442248136
winsfs_b500_w500,87,-66845065.119561896,-66518103.77742382
winsfs_b500_w500,88,-66845064.87247783,-66518104.10753456
winsfs_b500_w500,89,-66845064.628869295,-66518104.432675056
winsfs_b500_w500,90,-66845064.388627745,-66518104.752989806
winsfs_b500_w500,91,-66845064.15168504,-66518105.06861099
winsfs_b500_w500,92,-66845063.91795158,-66518105.37963006
winsfs_b500_w500,93,-66845063.68734891,-66518105.68616862
winsfs_b500_w500,94,-66845063.45978696,-66518105.9883396
winsfs_b500_w500,95,-66845063.23520682,-66518106.28624521
winsfs_b500_w500,96,-66845063.01352607,-66518106.57996972
winsfs_b500_w500,97,-66845062.7946809,-66518106.86964392
winsfs_b500_w500,98,-66845062.57859846,-66518107.15532961
winsfs_b500_w500,99,-66845062.36523382,-66518107.43712667
winsfs_b500_w500,100,-66845062.15450065,-66518107.71513301
winsfs_b500_w500,101,-66845061.94634836,-66518107.98943203
winsfs_b500_w500,102,-66845061.740705386,-66518108.26009777
winsfs_b500_w500,103,-66845061.53752903,-66518108.527216464
winsfs_b500_w500,104,-66845061.33676417,-66518108.79086259
winsfs_b500_w500,105,-66845061.13836204,-66518109.051116765
winsfs_b500_w500,106,-66845060.94225717,-66518109.3080496
winsfs_b500_w500,107,-66845060.74840853,-66518109.56172277
winsfs_b500_w500,108,-66845060.55676111,-66518109.81221692
winsfs_b500_w500,109,-66845060.367275134,-66518110.05959065
winsfs_b500_w500,110,-66845060.1798965,-66518110.30391707
winsfs_b500_w500,111,-66845059.9945922,-66518110.54525335
winsfs_b500_w500,112,-66845059.81131164,-66518110.783657365
winsfs_b500_w500,113,-66845059.63002256,-66518111.01919423
winsfs_b500_w500,114,-66845059.45066544,-66518111.25191728
winsfs_b500_w500,115,-66845059.27322876,-66518111.48188327
winsfs_b500_w500,116,-66845059.09765336,-66518111.70914398
winsfs_b500_w500,117,-66845058.92390373,-66518111.93376336
winsfs_b500_w500,118,-66845058.75195383,-66518112.15577796
winsfs_b500_w500,119,-66845058.581766605,-66518112.37525599
winsfs_b500_w500,120,-66845058.41329973,-66518112.59222894
winsfs_b500_w500,121,-66845058.24653319,-66518112.80674362
winsfs_b500_w500,122,-66845058.08142806,-66518113.018865824
winsfs_b500_w500,123,-66845057.91794253,-66518113.22862431
winsfs_b500_w500,124,-66845057.75606667,-66518113.436063506
winsfs_b500_w500,125,-66845057.59575567,-66518113.64123001
winsfs_b500_w500,126,-66845057.43699372,-66518113.84417381
winsfs_b500_w500,127,-66845057.27975006,-66518114.04491994
winsfs_b500_w500,128,-66845057.12398319,-66518114.243508
winsfs_b500_w500,129,-66845056.96969048,-66518114.440001525
winsfs_b500_w500,130,-66845056.816824816,-66518114.634410486
winsfs_b500_w500,131,-66845056.66536951,-66518114.82678351
winsfs_b500_w500,132,-66845056.515301295,-66518115.01715697
winsfs_b500_w500,133,-66845056.36659448,-66518115.2055556
winsfs_b500_w500,134,-66845056.21923576,-66518115.39203325
winsfs_b500_w500,135,-66845056.07318057,-66518115.5766044
winsfs_b500_w500,136,-66845055.92842919,-66518115.75931136
winsfs_b500_w500,137,-66845055.78494806,-66518115.94017929
winsfs_b500_w500,138,-66845055.642715126,-66518116.11925689
winsfs_b500_w500,139,-66845055.50171502,-66518116.296556406
winsfs_b500_w500,140,-66845055.36192611,-66518116.47211446
winsfs_b500_w500,141,-66845055.22333731,-66518116.64595896
winsfs_b500_w500,142,-66845055.08590444,-66518116.8181223
winsfs_b500_w500,143,-66845054.94964478,-66518116.98862296
winsfs_b500_w500,144,-66845054.81451577,-66518117.15749847
winsfs_b500_w500,145,-66845054.68050954,-66518117.3247665
winsfs_b500_w500,146,-66845054.54759205,-66518117.49045792
winsfs_b500_w500,147,-66845054.41576235,-66518117.65460387
winsfs_b500_w500,148,-66845054.285006195,-66518117.81721942
winsfs_b500_w500,149,-66845054.155294575,-66518117.97833353
winsfs_b500_w500,150,-66845054.0266214,-66518118.13797014
winsfs_b500_w500,151,-66845053.89897129,-66518118.296156086
winsfs_b500_w500,152,-66845053.77232668,-66518118.45291475
winsfs_b500_w500,153,-66845053.64667075,-66518118.60825295
winsfs_b500_w500,154,-66845053.521985106,-66518118.76220954
winsfs_b500_w500,155,-66845053.39826578,-66518118.91479589
winsfs_b500_w500,156,-66845053.27549936,-66518119.06604002
winsfs_b500_w500,157,-66845053.15366059,-66518119.21597289
winsfs_b500_w500,158,-66845053.03275304,-66518119.364587896
winsfs_b500_w500,159,-66845052.91274493,-66518119.511919424
winsfs_b500_w500,160,-66845052.79362753,-66518119.657989874
winsfs_b500_w500,161,-66845052.675408155,-66518119.80281484
winsfs_b500_w500,162,-66845052.558048435,-66518119.94640573
winsfs_b500_w500,163,-66845052.44155182,-66518120.08879915
winsfs_b500_w500,164,-66845052.32590466,-66518120.229999796
winsfs_b500_w500,165,-66845052.21108808,-66518120.37002773
winsfs_b500_w500,166,-66845052.09710486,-66518120.50890029
winsfs_b500_w500,167,-66845051.98393315,-66518120.64663535
winsfs_b500_w500,168,-66845051.87154847,-66518120.78324067
winsfs_b500_w500,169,-66845051.75997356,-66518120.91874849
winsfs_b500_w500,170,-66845051.649179965,-66518121.0531647
winsfs_b500_w500,171,-66845051.53915524,-66518121.18650477
winsfs_b500_w500,172,-66845051.42988825,-66518121.31879255
winsfs_b500_w500,173,-66845051.32137835,-66518121.45002582
winsfs_b500_w500,174,-66845051.213610806,-66518121.58023197
winsfs_b500_w500,175,-66845051.106576614,-66518121.70942177
winsfs_b500_w500,176,-66845051.00026091,-66518121.837624565
winsfs_b500_w500,177,-66845050.894656375,-66518121.9648352
winsfs_b500_w500,178,-66845050.78977313,-66518122.09106618
winsfs_b500_w500,179,-66845050.68557549,-66518122.21634023
winsfs_b500_w500,180,-66845050.582074545,-66518122.34066505
winsfs_b500_w500,181,-66845050.47925204,-66518122.46406051
winsfs_b500_w500,182,-66845050.37710073,-66518122.58653716
winsfs_b500_w500,183,-66845050.27561465,-66518122.708103105
winsfs_b500_w500,184,-66845050.17478221,-66518122.82877408
winsfs_b500_w500,185,-66845050.07459513,-66518122.948560424
winsfs_b500_w500,186,-66845049.97505439,-66518123.06747567
winsfs_b500_w500,187,-66845049.87614159,-66518123.1855325
winsfs_b500_w500,188,-66845049.77785616,-66518123.30273636
winsfs_b500_w500,189,-66845049.68019313,-66518123.41910976
winsfs_b500_w500,190,-66845049.58313439,-66518123.53464718
winsfs_b500_w500,191,-66845049.486684486,-66518123.649373695
winsfs_b500_w500,192,-66845049.390833594,-66518123.76329433
winsfs_b500_w500,193,-66845049.29556827,-66518123.876416646
winsfs_b500_w500,194,-66845049.200898625,-66518123.98876332
winsfs_b500_w500,195,-66845049.10679447,-66518124.100328624
winsfs_b500_w500,196,-66845049.01326207,-66518124.21113327
winsfs_b500_w500,197,-66845048.9202898,-66518124.32118057
winsfs_b500_w500,198,-66845048.82788858,-66518124.43048149
winsfs_b500_w500,199,-66845048.736036874,-66518124.53904306
winsfs_b500_w500,200,-66845048.6447221,-66518124.64687776
winsfs_b500_w500,201,-66845048.553953215,-66518124.75400078
winsfs_b500_w500,202,-66845048.46371989,-66518124.86041096
winsfs_b500_w500,203,-66845048.37400919,-66518124.96612723
winsfs_b500_w500,204,-66845048.284832805,-66518125.07114465
winsfs_b500_w500,205,-66845048.19616649,-66518125.17548292
winsfs_b500_w500,206,-66845048.108011134,-66518125.279149555
winsfs_b500_w500,207,-66845048.02036184,-66518125.38214658
winsfs_b500_w500,208,-66845047.93321516,-66518125.48448277
winsfs_b500_w500,209,-66845047.84656677,-66518125.58617165
winsfs_b500_w500,210,-66845047.76040444,-66518125.68721521
winsfs_b500_w500,211,-66845047.67473029,-66518125.78762629
winsfs_b500_w500,212,-66845047.58954065,-66518125.88740724
winsfs_b500_w500,213,-66845047.50483533,-66518125.986573264
winsfs_b500_w500,214,-66845047.42058467,-66518126.085120775
winsfs_b500_w500,215,-66845047.336806275,-66518126.18306626
winsfs_b500_w500,216,-66845047.25348839,-66518126.28041572
winsfs_b500_w500,217,-66845047.17062503,-66518126.377171606
winsfs_b500_w500,218,-66845047.088213935,-66518126.47334356
winsfs_b500_w500,219,-66845047.00625576,-66518126.568932705
winsfs_b500_w500,220,-66845046.92473814,-66518126.6639593
winsfs_b500_w500,221,-66845046.84366877,-66518126.758413434
winsfs_b500_w500,222,-66845046.7630221,-66518126.85231154
winsfs_b500_w500,223,-66845046.6828063,-66518126.945661575
winsfs_b500_w500,224,-66845046.603028774,-66518127.03845937
winsfs_b500_w500,225,-66845046.5236676,-66518127.13072439
winsfs_b500_w500,226,-66845046.444722675,-66518127.22244655
winsfs_b500_w500,227,-66845046.366198264,-66518127.31364583
winsfs_b500_w500,228,-66845046.28807821,-66518127.40432528
winsfs_b500_w500,229,-66845046.21036152,-66518127.494490385
winsfs_b500_w500,230,-66845046.133060604,-66518127.58414286
winsfs_b500_w500,231,-66845046.05615045,-66518127.67329632
winsfs_b500_w500,232,-66845045.97963143,-66518127.76194215
winsfs_b500_w500,233,-66845045.90351366,-66518127.85009365
winsfs_b500_w500,234,-66845045.827776,-66518127.93776486
winsfs_b500_w500,235,-66845045.75242111,-66518128.02494513
winsfs_b500_w500,236,-66845045.67746416,-66518128.111651205
winsfs_b500_w500,237,-66845045.602871895,-66518128.19788668
winsfs_b500_w500,238,-66845045.528648175,-66518128.283645704
winsfs_b500_w500,239,-66845045.4548026,-66518128.36895024
winsfs_b500_w500,240,-66845045.38132995,-66518128.4537897
winsfs_b500_w500,241,-66845045.30821739,-66518128.5381804
winsfs_b500_w500,242,-66845045.23547014,-66518128.62211987
winsfs_b500_w500,243,-66845045.16307072,-66518128.705623336
winsfs_b500_w500,244,-66845045.09103008,-66518128.78867811
winsfs_b500_w500,245,-66845045.01934229,-66518128.87130233
winsfs_b500_w500,246,-66845044.948006675,-66518128.95349434
winsfs_b500_w500,247,-66845044.87700849,-66518129.03526688
winsfs_b500_w500,248,-66845044.80635785,-66518129.11661247
winsfs_b500_w500,249,-66845044.73604583,-66518129.197541565
winsfs_b500_w500,250,-66845044.666076615,-66518129.2780551
winsfs_b500_w500,251,-66845044.59642923,-66518129.35816054
winsfs_b500_w500,252,-66845044.527123585,-66518129.43785941
winsfs_b500_w500,253,-66845044.458136305,-66518129.51715966
winsfs_b500_w500,254,-66845044.3894796,-66518129.5960589
winsfs_b500_w500,255,-66845044.32114597,-66518129.674571015
winsfs_b500_w500,256,-66845044.25312488,-66518129.75269249
winsfs_b500_w500,257,-66845044.18543131,-66518129.830432825
winsfs_b500_w500,258,-66845044.11804731,-66518129.90778191
winsfs_b500_w500,259,-66845044.05097579,-66518129.98476341
winsfs_b500_w500,260,-66845043.98421334,-66518130.061365075
winsfs_b500_w500,261,-66845043.917763054,-66518130.13759606
winsfs_b500_w500,262,-66845043.85161279,-66518130.213458955
winsfs_b500_w500,263,-66845043.78576187,-66518130.28895567
winsfs_b500_w500,264,-66845043.72021904,-66518130.36410099
winsfs_b500_w500,265,-66845043.65496958,-66518130.43888514
winsfs_b500_w500,266,-66845043.59001431,-66518130.513314
winsfs_b500_w500,267,-66845043.525350064,-66518130.58739648
winsfs_b500_w500,268,-66845043.46097646,-66518130.66113434
winsfs_b500_w500,269,-66845043.396889634,-66518130.73451884
winsfs_b500_w500,270,-66845043.33309266,-66518130.80757581
winsfs_b500_w500,271,-66845043.26957883,-66518130.88028931
winsfs_b500_w500,272,-66845043.206346594,-66518130.952668384
winsfs_b500_w500,273,-66845043.14338973,-66518131.024715975
winsfs_b500_w500,274,-66845043.08071152,-66518131.09643764
winsfs_b500_w500,275,-66845043.01830312,-66518131.16782934
winsfs_b500_w500,276,-66845042.95616919,-66518131.238915056
winsfs_b500_w500,277,-66845042.89430026,-66518131.30966555
winsfs_b500_w500,278,-66845042.83270794,-66518131.38010366
winsfs_b500_w500,279,-66845042.77138596,-66518131.450228415
winsfs_b500_w500,280,-66845042.710320786,-66518131.52004125
winsfs_b500_w500,281,-66845042.64952203,-66518131.589544825
winsfs_b500_w500,282,-66845042.58898082,-66518131.65874367
winsfs_b500_w500,283,-66845042.52869939,-66518131.72764539
winsfs_b500_w500,284,-66845042.46867001,-66518131.79624412
winsfs_b500_w500,285,-66845042.40890091,-66518131.86454684
winsfs_b500_w500,286,-66845042.34938646,-66518131.932554066
winsfs_b500_w500,287,-66845042.29011562,-66518132.00026725
winsfs_b500_w500,288,-66845042.23109994,-66518132.067690015
winsfs_b500_w500,289,-66845042.17233017,-66518132.1348353
winsfs_b500_w500,290,-66845042.11380189,-66518132.20169414
winsfs_b500_w500,291,-66845042.05551794,-66518132.26826415
winsfs_b500_w500,292,-66845041.99748204,-66518132.3345505
winsfs_b500_w500,293,-66845041.93967672,-66518132.400574006
winsfs_b500_w500,294,-66845041.88211631,-66518132.46630692
winsfs_b500_w500,295,-66845041.82479306,-66518132.531772286
winsfs_b500_w500,296,-66845041.76770107,-66518132.59697454
winsfs_b500_w500,297,-66845041.71083881,-66518132.66189918
winsfs_b500_w500,298,-66845041.654221565,-66518132.72655936
winsfs_b500_w500,299,-66845041.59781928,-66518132.7909575
winsfs_b500_w500,300,-66845041.541660704,-66518132.8550964
winsfs_b500_w500,301,-66845041.48571405,-66518132.91897594
winsfs_b500_w500,302,-66845041.42999939,-66518132.9825973
winsfs_b500_w500,303,-66845041.37450907,-66518133.04596204
winsfs_b500_w500,304,-66845041.31923499,-66518133.109067045
winsfs_b500_w500,305,-66845041.26418815,-66518133.17193027
winsfs_b500_w500,306,-66845041.209362514,-66518133.234544866
winsfs_b500_w500,307,-66845041.15474827,-66518133.29690652
winsfs_b500_w500,308,-66845041.10035184,-66518133.35902704
winsfs_b500_w500,309,-66845041.04617032,-66518133.42089624
winsfs_b500_w500,310,-66845040.99220143,-66518133.48253553
winsfs_b500_w500,311,-66845040.93844915,-66518133.54392422
winsfs_b500_w500,312,-66845040.88490012,-66518133.605084024
winsfs_b500_w500,313,-66845040.83155806,-66518133.666008174
winsfs_b500_w500,314,-66845040.778428815,-66518133.726699136
winsfs_b500_w500,315,-66845040.72550227,-66518133.78715815
winsfs_b500_w500,316,-66845040.67278198,-66518133.84737963
winsfs_b500_w500,317,-66845040.62026582,-66518133.90737791
winsfs_b500_w500,318,-66845040.56795382,-66518133.96715157
winsfs_b500_w500,319,-66845040.51584035,-66518134.02669873
winsfs_b500_w500,320,-66845040.46393334,-66518134.086020045
winsfs_b500_w500,321,-66845040.41221742,-66518134.14512608
winsfs_b500_w500,322,-66845040.3606921,-66518134.204004586
winsfs_b500_w500,323,-66845040.30937255,-66518134.26266998
winsfs_b500_w500,324,-66845040.25824316,-66518134.32111778
winsfs_b500_w500,325,-66845040.20730959,-66518134.37935138
winsfs_b500_w500,326,-66845040.15656088,-66518134.43736836
winsfs_b500_w500,327,-66845040.10601108,-66518134.49517912
winsfs_b500_w500,328,-66845040.05564392,-66518134.55277566
winsfs_b500_w500,329,-66845040.005473435,-66518134.61016011
winsfs_b500_w500,330,-66845039.95548365,-66518134.66734128
winsfs_b500_w500,331,-66845039.90567781,-66518134.724322885
winsfs_b500_w500,332,-66845039.85605839,-66518134.78109628
winsfs_b500_w500,333,-66845039.80662848,-66518134.8376658
winsfs_b500_w500,334,-66845039.75736713,-66518134.89403392
winsfs_b500_w500,335,-66845039.70829684,-66518134.950200304
winsfs_b500_w500,336,-66845039.65940731,-66518135.00617472
winsfs_b500_w500,337,-66845039.61069342,-66518135.06194918
winsfs_b500_w500,338,-66845039.56215539,-66518135.117529966
winsfs_b500_w500,339,-66845039.51379686,-66518135.1729135
winsfs_b500_w500,340,-66845039.46561457,-66518135.22810847
winsfs_b500_w500,341,-66845039.41761141,-66518135.28311034
winsfs_b500_w500,342,-66845039.36977411,-66518135.33791833
winsfs_b500_w500,343,-66845039.32210936,-66518135.39254399
winsfs_b500_w500,344,-66845039.274618655,-66518135.44697691
winsfs_b500_w500,345,-66845039.22729937,-66518135.5012322
winsfs_b500_w500,346,-66845039.18014831,-66518135.55529345
winsfs_b500_w500,347,-66845039.133163504,-66518135.6091833
winsfs_b500_w500,348,-66845039.08635095,-66518135.66287819
winsfs_b500_w500,349,-66845039.03970166,-66518135.7163979
winsfs_b500_w500,350,-66845038.99321614,-66518135.769738205
winsfs_b500_w500,351,-66845038.94689518,-66518135.8228984
winsfs_b500_w500,352,-66845038.90073532,-66518135.875884674
winsfs_b500_w500,353,-66845038.85474182,-66518135.92869078
winsfs_b500_w500,354,-66845038.80891486,-66518135.9813304
winsfs_b500_w500,355,-66845038.763239816,-66518136.03379144
winsfs_b500_w500,356,-66845038.71773095,-66518136.086076215
winsfs_b500_w500,357,-66845038.67237741,-66518136.13819442
winsfs_b500_w500,358,-66845038.62718053,-66518136.19015504
winsfs_b500_w500,359,-66845038.58214329,-66518136.24192289
winsfs_b500_w500,360,-66845038.53725478,-66518136.29353534
winsfs_b500_w500,361,-66845038.492525935,-66518136.34498017
winsfs_b500_w500,362,-66845038.44796044,-66518136.39626123
winsfs_b500_w500,363,-66845038.40353371,-66518136.447374314
winsfs_b500_w500,364,-66845038.35926657,-66518136.49832594
winsfs_b500_w500,365,-66845038.3151521,-66518136.54911435
winsfs_b500_w500,366,-66845038.271184415,-66518136.599746905
winsfs_b500_w500,367,-66845038.22736808,-66518136.65021513
winsfs_b500_w500,368,-66845038.18369653,-66518136.70052944
winsfs_b500_w500,369,-66845038.14018347,-66518136.75067077
winsfs_b500_w500,370,-66845038.096810505,-66518136.800668776
winsfs_b500_w500,371,-66845038.0535893,-66518136.85050902
winsfs_b500_w500,372,-66845038.01051137,-66518136.900185876
winsfs_b500_w500,373,-66845037.96757615,-66518136.94971861
winsfs_b500_w500,374,-66845037.92478612,-66518136.99909201
winsfs_b500_w500,375,-66845037.88212991,-66518137.04831434
winsfs_b500_w500,376,-66845037.839632906,-66518137.09738613
winsfs_b500_w500,377,-66845037.797269486,-66518137.146307506
winsfs_b500_w500,378,-66845037.755050965,-66518137.19507924
winsfs_b500_w500,379,-66845037.712965906,-66518137.2437033
winsfs_b500_w500,380,-66845037.67101997,-66518137.29218142
winsfs_b500_w500,381,-66845037.62921757,-66518137.34051205
winsfs_b500_w500,382,-66845037.58755232,-66518137.38869513
winsfs_b500_w500,383,-66845037.54602872,-66518137.436734326
winsfs_b500_w500,384,-66845037.5046324,-66518137.4846268
winsfs_b500_w500,385,-66845037.46337438,-66518137.532383606
winsfs_b500_w500,386,-66845037.42225556,-66518137.57999451
winsfs_b500_w500,387,-66845037.381268665,-66518137.6274632
winsfs_b500_w500,388,-66845037.340416014,-66518137.67479688
winsfs_b500_w500,389,-66845037.29969608,-66518137.72198225
winsfs_b500_w500,390,-66845037.25910739,-66518137.76903347
winsfs_b500_w500,391,-66845037.21865127,-66518137.815945305
winsfs_b500_w500,392,-66845037.178314656,-66518137.862722784
winsfs_b500_w500,393,-66845037.13812335,-66518137.90936718
winsfs_b500_w500,394,-66845037.09805728,-66518137.95587911
winsfs_b500_w500,395,-66845037.05811735,-66518138.00224312
winsfs_b500_w500,396,-66845037.01830339,-66518138.04847797
winsfs_b500_w500,397,-66845036.97862571,-66518138.09458311
winsfs_b500_w500,398,-66845036.93907059,-66518138.14055309
winsfs_b500_w500,399,-66845036.89964126,-66518138.1863955
winsfs_b500_w500,400,-66845036.8603383,-66518138.23210208
winsfs_b500_w500,401,-66845036.82115489,-66518138.27768317
winsfs_b500_w500,402,-66845036.7821019,-66518138.32313569
winsfs_b500_w500,403,-66845036.74316217,-66518138.36845774
winsfs_b500_w500,404,-66845036.704357155,-66518138.41365515
winsfs_b500_w500,405,-66845036.665671945,-66518138.45872074
winsfs_b500_w500,406,-66845036.62710997,-66518138.503662094
winsfs_b500_w500,407,-66845036.588663295,-66518138.54848229
winsfs_b500_w500,408,-66845036.55033536,-66518138.593174264
winsfs_b500_w500,409,-66845036.51213448,-66518138.63774376
winsfs_b500_w500,410,-66845036.4740515,-66518138.68218643
winsfs_b500_w500,411,-66845036.43607902,-66518138.72650966
winsfs_b500_w500,412,-66845036.398232624,-66518138.77071352
winsfs_b500_w500,413,-66845036.36050328,-66518138.81479199
winsfs_b500_w500,414,-66845036.32289232,-66518138.858752355
winsfs_b500_w500,415,-66845036.28538934,-66518138.9025907
winsfs_b500_w500,416,-66845036.24800849,-66518138.94631176
winsfs_b500_w500,417,-66845036.21074106,-66518138.98991473
winsfs_b500_w500,418,-66845036.173591055,-66518139.03339103
winsfs_b500_w500,419,-66845036.136552826,-66518139.07676196
winsfs_b500_w500,420,-66845036.099630214,-66518139.120011576
winsfs_b500_w500,421,-66845036.06282016,-66518139.16314936
winsfs_b500_w500,422,-66845036.02611823,-66518139.20616904
winsfs_b500_w500,423,-66845035.98953246,-66518139.24906544
winsfs_b500_w500,424,-66845035.95305216,-66518139.29185958
winsfs_b500_w500,425,-66845035.91668332,-66518139.33454096
winsfs_b500_w500,426,-66845035.88042504,-66518139.37710185
winsfs_b500_w500,427,-66845035.84428058,-66518139.41955272
winsfs_b500_w500,428,-66845035.80824436,-66518139.46189969
winsfs_b500_w500,429,-66845035.77231441,-66518139.50412432
winsfs_b500_w500,430,-66845035.73649419,-66518139.54624407
winsfs_b500_w500,431,-66845035.70078379,-66518139.58825388
winsfs_b500_w500,432,-66845035.6651731,-66518139.630158134
winsfs_b500_w500,433,-66845035.62967324,-66518139.67194497
winsfs_b500_w500,434,-66845035.5942858,-66518139.7136355
winsfs_b500_w500,435,-66845035.558999464,-66518139.7552075
winsfs_b500_w500,436,-66845035.52381536,-66518139.796676785
winsfs_b500_w500,437,-66845035.48873682,-66518139.838044085
winsfs_b500_w500,438,-66845035.453762,-66518139.87930067
winsfs_b500_w500,439,-66845035.41889225,-66518139.92045988
winsfs_b500_w500,440,-66845035.38412243,-66518139.961508185
winsfs_b500_w500,441,-66845035.34946472,-66518140.00244896
winsfs_b500_w500,442,-66845035.31489443,-66518140.0432945
winsfs_b500_w500,443,-66845035.28044064,-66518140.084032506
winsfs_b500_w500,444,-66845035.246077895,-66518140.12466698
winsfs_b500_w500,445,-66845035.211821675,-66518140.165204465
winsfs_b500_w500,446,-66845035.1776585,-66518140.20563415
winsfs_b500_w500,447,-66845035.14360269,-66518140.245961495
winsfs_b500_w500,448,-66845035.109641746,-66518140.28619274
winsfs_b500_w500,449,-66845035.075777784,-66518140.32632481
winsfs_b500_w500,450,-66845035.04201986,-66518140.366358295
winsfs_b500_w500,451,-66845035.00835228,-66518140.406287715
winsfs_b500_w500,452,-66845034.97478692,-66518140.446123645
winsfs_b500_w500,453,-66845034.941321045,-66518140.485865094
winsfs_b500_w500,454,-66845034.90794105,-66518140.52550506
winsfs_b500_w500,455,-66845034.87467039,-66518140.56505395
winsfs_b500_w500,456,-66845034.84149081,-66518140.60449839
winsfs_b500_w500,457,-66845034.808406256,-66518140.64385032
winsfs_b500_w500,458,-66845034.77541255,-66518140.683100805
winsfs_b500_w500,459,-66845034.74252132,-66518140.7222666
winsfs_b500_w500,460,-66845034.70971557,-66518140.761334546
winsfs_b500_w500,461,-66845034.677005954,-66518140.80030187
winsfs_b500_w500,462,-66845034.64439274,-66518140.839181595
winsfs_b500_w500,463,-66845034.61187336,-66518140.87796889
winsfs_b500_w500,464,-66845034.5794405,-66518140.91665392
winsfs_b500_w500,465,-66845034.5471035,-66518140.955262475
winsfs_b500_w500,466,-66845034.51486205,-66518140.993777536
winsfs_b500_w500,467,-66845034.48270508,-66518141.03219305
winsfs_b500_w500,468,-66845034.45064233,-66518141.070525266
winsfs_b500_w500,469,-66845034.41866341,-66518141.10876002
winsfs_b500_w500,470,-66845034.38678706,-66518141.146907784
winsfs_b500_w500,471,-66845034.35499055,-66518141.18496407
winsfs_b500_w500,472,-66845034.3232874,-66518141.22293655
winsfs_b500_w500,473,-66845034.29167002,-66518141.26081184
winsfs_b500_w500,474,-66845034.26014232,-66518141.29860894
winsfs_b500_w500,475,-66845034.228709795,-66518141.33631471
winsfs_b500_w500,476,-66845034.19735872,-66518141.37393103
winsfs_b500_w500,477,-66845034.16609523,-66518141.41146278
winsfs_b500_w500,478,-66845034.13491592,-66518141.44891014
winsfs_b500_w500,479,-66845034.103830434,-66518141.48626592
winsfs_b500_w500,480,-66845034.07282549,-66518141.52354126
winsfs_b500_w500,481,-66845034.0419092,-66518141.56072688
winsfs_b500_w500,482,-66845034.011069275,-66518141.59782929
winsfs_b500_w500,483,-66845033.98032565,-66518141.63485097
winsfs_b500_w500,484,-66845033.94966324,-66518141.671784826
winsfs_b500_w500,485,-66845033.91909021,-66518141.7086332
winsfs_b500_w500,486,-66845033.888592936,-66518141.74540003
winsfs_b500_w500,487,-66845033.85818624,-66518141.78207944
winsfs_b500_w500,488,-66845033.82786268,-66518141.818685256
winsfs_b500_w500,489,-66845033.79761538,-66518141.85520357
winsfs_b500_w500,490,-66845033.76745261,-66518141.89164314
winsfs_b500_w500,491,-66845033.737373814,-66518141.927997865
winsfs_b500_w500,492,-66845033.707375355,-66518141.96427182
winsfs_b500_w500,493,-66845033.677466035,-66518142.00046807
winsfs_b500_w500,494,-66845033.64763237,-66518142.036585584
winsfs_b500_w500,495,-66845033.617876515,-66518142.07261597
winsfs_b500_w500,496,-66845033.58819986,-66518142.108573005
winsfs_b500_w500,497,-66845033.55861259,-66518142.14444804
winsfs_b500_w500,498,-66845033.52909867,-66518142.18024889
winsfs_b500_w500,499,-66845033.49966721,-66518142.21596815
winsfs_b500_w500,500,-66845033.47031243,-66518142.25160649
stream_winsfs_b500_w100,1,-66849016.1226078,-66522117.34229038
stream_winsfs_b500_w100,2,-66845286.3521027,-66518110.1138564
stream_winsfs_b500_w100,3,-66845210.40445555,-66518064.4385132
stream_winsfs_b500_w100,4,-66845196.434546456,-66518073.51175801
stream_winsfs_b500_w100,5,-66845188.987575136,-66518082.14058424
stream_winsfs_b500_w100,6,-66845183.563420765,-66518088.8770246
stream_winsfs_b500_w100,7,-66845179.23339189,-66518094.32322064
stream_winsfs_b500_w100,8,-66845175.63024552,-66518098.88498948
stream_winsfs_b500_w100,9,-66845172.553799026,-66518102.797254555
stream_winsfs_b500_w100,10,-66845169.87726057,-66518106.20748265
stream_winsfs_b500_w250,1,-67036862.98678887,-66712308.24664424
stream_winsfs_b500_w250,2,-66853461.46089944,-66526872.1266741
stream_winsfs_b500_w250,3,-66846079.03192834,-66519019.213846184
stream_winsfs_b500_w250,4,-66845336.45696709,-66518210.66620031
stream_winsfs_b500_w250,5,-66845193.489683144,-66518069.64959037
stream_winsfs_b500_w250,6,-66845152.164161034,-66518040.49845776
stream_winsfs_b500_w250,7,-66845135.818189256,-66518036.46724282
stream_winsfs_b500_w250,8,-66845127.3223256,-66518038.730305776
stream_winsfs_b500_w250,9,-66845121.845013656,-66518042.42194656
stream_winsfs_b500_w250,10,-66845117.76652787,-66518046.19712563
stream_winsfs_b500_w500,1,-67848458.71054766,-67523858.51189888
stream_winsfs_b500_w500,2,-66967166.17501587,-66642306.77225088
stream_winsfs_b500_w500,3,-66868859.31159265,-66542812.816249095
stream_winsfs_b500_w500,4,-66851059.67748747,-66524383.7513909
stream_winsfs_b500_w500,5,-66847020.99869418,-66520075.170775495
stream_winsfs_b500_w500,6,-66845861.89434622,-66518809.43749706
stream_winsfs_b500_w500,7,-66845455.48547477,-66518364.2945794
stream_winsfs_b500_w500,8,-66845288.84169382,-66518186.57991724
stream_winsfs_b500_w500,9,-66845211.6111979,-66518109.46833748
stream_winsfs_b500_w500,10,-66845172.07115504,-66518074.45556761
