peak,n,d,condition,epoch,loglik,change
FALSE,10,2,winsfs_b500_w100,2,97.61,12.086
FALSE,10,2,winsfs_b500_w100,3,97.558,0.052903
FALSE,10,2,winsfs_b500_w100,4,97.555,0.0026364
FALSE,10,2,winsfs_b500_w100,5,97.554,4.674e-4
FALSE,10,2,winsfs_b500_w100,6,97.554,1.427e-4
FALSE,10,2,winsfs_b500_w100,7,97.554,5.6655e-5
FALSE,10,2,winsfs_b500_w100,8,97.554,2.6808e-5
FALSE,10,2,winsfs_b500_w100,9,97.554,1.4629e-5
FALSE,10,2,winsfs_b500_w100,10,97.554,9.0376e-6
FALSE,10,2,winsfs_b500_w100,11,97.554,6.2136e-6
FALSE,10,2,winsfs_b500_w100,12,97.554,4.6622e-6
FALSE,10,2,winsfs_b500_w100,13,97.554,3.7408e-6
FALSE,10,2,winsfs_b500_w100,14,97.554,3.1524e-6
FALSE,10,2,winsfs_b500_w100,15,97.554,2.751e-6
FALSE,10,2,winsfs_b500_w100,16,97.554,2.4608e-6
FALSE,10,2,winsfs_b500_w100,17,97.554,2.2404e-6
FALSE,10,2,winsfs_b500_w100,18,97.554,2.0664e-6
FALSE,10,2,winsfs_b500_w100,19,97.554,1.9243e-6
FALSE,10,2,winsfs_b500_w100,20,97.554,1.8053e-6
FALSE,10,2,winsfs_b500_w100,21,97.554,1.7036e-6
FALSE,10,2,winsfs_b500_w100,22,97.554,1.6151e-6
FALSE,10,2,winsfs_b500_w100,23,97.554,1.5371e-6
FALSE,10,2,winsfs_b500_w100,24,97.554,1.4676e-6
FALSE,10,2,winsfs_b500_w100,25,97.554,1.4052e-6
FALSE,10,2,winsfs_b500_w100,26,97.554,1.3485e-6
FALSE,10,2,winsfs_b500_w100,27,97.554,1.2969e-6
FALSE,10,2,winsfs_b500_w100,28,97.554,1.2495e-6
FALSE,10,2,winsfs_b500_w100,29,97.554,1.2059e-6
FALSE,10,2,winsfs_b500_w100,30,97.554,1.1656e-6
FALSE,10,2,winsfs_b500_w100,31,97.554,1.1281e-6
FALSE,10,2,winsfs_b500_w100,32,97.554,1.0932e-6
FALSE,10,2,winsfs_b500_w100,33,97.554,1.0605e-6
FALSE,10,2,winsfs_b500_w100,34,97.554,1.03e-6
FALSE,10,2,winsfs_b500_w100,35,97.554,1.0013e-6
FALSE,10,2,winsfs_b500_w100,36,97.554,9.7422e-7
FALSE,10,2,winsfs_b500_w100,37,97.554,9.4871e-7
FALSE,10,2,winsfs_b500_w100,38,97.554,9.246e-7
FALSE,10,2,winsfs_b500_w100,39,97.554,9.0177e-7
FALSE,10,2,winsfs_b500_w100,40,97.554,8.8011e-7
FALSE,10,2,winsfs_b500_w100,41,97.554,8.5953e-7
FALSE,10,2,winsfs_b500_w100,42,97.554,8.3995e-7
FALSE,10,2,winsfs_b500_w100,43,97.554,8.2129e-7
FALSE,10,2,winsfs_b500_w100,44,97.554,8.0349e-7
FALSE,10,2,winsfs_b500_w100,45,97.554,7.8649e-7
FALSE,10,2,winsfs_b500_w100,46,97.554,7.7023e-7
FALSE,10,2,winsfs_b500_w100,47,97.554,7.5466e-7
FALSE,10,2,winsfs_b500_w100,48,97.554,7.3974e-7
FALSE,10,2,winsfs_b500_w100,49,97.554,7.2543e-7
FALSE,10,2,winsfs_b500_w100,50,97.554,7.2543e-7
FALSE,10,2,winsfs_b500_w250,2,98.504,13.962
FALSE,10,2,winsfs_b500_w250,3,97.727,0.77652
FALSE,10,2,winsfs_b500_w250,4,97.592,0.13499
FALSE,10,2,winsfs_b500_w250,5,97.565,0.027257
FALSE,10,2,winsfs_b500_w250,6,97.558,0.0068726
FALSE,10,2,winsfs_b500_w250,7,97.556,0.0022473
FALSE,10,2,winsfs_b500_w250,8,97.555,9.1924e-4
FALSE,10,2,winsfs_b500_w250,9,97.555,4.4343e-4
FALSE,10,2,winsfs_b500_w250,10,97.554,2.4013e-4
FALSE,10,2,winsfs_b500_w250,11,97.554,1.4115e-4
FALSE,10,2,winsfs_b500_w250,12,97.554,8.8141e-5
FALSE,10,2,winsfs_b500_w250,13,97.554,5.7678e-5
FALSE,10,2,winsfs_b500_w250,14,97.554,3.9204e-5
FALSE,10,2,winsfs_b500_w250,15,97.554,2.752e-5
FALSE,10,2,winsfs_b500_w250,16,97.554,1.9872e-5
FALSE,10,2,winsfs_b500_w250,17,97.554,1.4721e-5
FALSE,10,2,winsfs_b500_w250,18,97.554,1.1167e-5
FALSE,10,2,winsfs_b500_w250,19,97.554,8.6597e-6
FALSE,10,2,winsfs_b500_w250,20,97.554,6.8572e-6
FALSE,10,2,winsfs_b500_w250,21,97.554,5.5384e-6
FALSE,10,2,winsfs_b500_w250,22,97.554,4.5577e-6
FALSE,10,2,winsfs_b500_w250,23,97.554,3.8175e-6
FALSE,10,2,winsfs_b500_w250,24,97.554,3.2508e-6
FALSE,10,2,winsfs_b500_w250,25,97.554,2.811e-6
FALSE,10,2,winsfs_b500_w250,26,97.554,2.4653e-6
FALSE,10,2,winsfs_b500_w250,27,97.554,2.1901e-6
FALSE,10,2,winsfs_b500_w250,28,97.554,1.9683e-6
FALSE,10,2,winsfs_b500_w250,29,97.554,1.7875e-6
FALSE,10,2,winsfs_b500_w250,30,97.554,1.6383e-6
FALSE,10,2,winsfs_b500_w250,31,97.554,1.5139e-6
FALSE,10,2,winsfs_b500_w250,32,97.554,1.4091e-6
FALSE,10,2,winsfs_b500_w250,33,97.554,1.3198e-6
FALSE,10,2,winsfs_b500_w250,34,97.554,1.243e-6
FALSE,10,2,winsfs_b500_w250,35,97.554,1.1764e-6
FALSE,10,2,winsfs_b500_w250,36,97.554,1.1181e-6
FALSE,10,2,winsfs_b500_w250,37,97.554,1.0666e-6
FALSE,10,2,winsfs_b500_w250,38,97.554,1.0209e-6
FALSE,10,2,winsfs_b500_w250,39,97.554,9.799e-7
FALSE,10,2,winsfs_b500_w250,40,97.554,9.4298e-7
FALSE,10,2,winsfs_b500_w250,41,97.554,9.0951e-7
FALSE,10,2,winsfs_b500_w250,42,97.554,8.79e-7
FALSE,10,2,winsfs_b500_w250,43,97.554,8.5104e-7
FALSE,10,2,winsfs_b500_w250,44,97.554,8.253e-7
FALSE,10,2,winsfs_b500_w250,45,97.554,8.015e-7
FALSE,10,2,winsfs_b500_w250,46,97.554,7.794e-7
FALSE,10,2,winsfs_b500_w250,47,97.554,7.5881e-7
FALSE,10,2,winsfs_b500_w250,48,97.554,7.3956e-7
FALSE,10,2,winsfs_b500_w250,49,97.554,7.2151e-7
FALSE,10,2,winsfs_b500_w250,50,97.554,7.2151e-7
FALSE,10,2,winsfs_b500_w500,2,100.23,13.41
FALSE,10,2,winsfs_b500_w500,3,98.585,1.6447
FALSE,10,2,winsfs_b500_w500,4,97.984,0.60064
FALSE,10,2,winsfs_b500_w500,5,97.741,0.24302
FALSE,10,2,winsfs_b500_w500,6,97.639,0.10211
FALSE,10,2,winsfs_b500_w500,7,97.595,0.044169
FALSE,10,2,winsfs_b500_w500,8,97.575,0.019864
FALSE,10,2,winsfs_b500_w500,9,97.566,0.0094151
FALSE,10,2,winsfs_b500_w500,10,97.561,0.0047484
FALSE,10,2,winsfs_b500_w500,11,97.558,0.0025571
FALSE,10,2,winsfs_b500_w500,12,97.557,0.0014677
FALSE,10,2,winsfs_b500_w500,13,97.556,8.9302e-4
FALSE,10,2,winsfs_b500_w500,14,97.555,5.7199e-4
FALSE,10,2,winsfs_b500_w500,15,97.555,3.8284e-4
FALSE,10,2,winsfs_b500_w500,16,97.555,2.6592e-4
FALSE,10,2,winsfs_b500_w500,17,97.555,1.9056e-4
FALSE,10,2,winsfs_b500_w500,18,97.555,1.4018e-4
FALSE,10,2,winsfs_b500_w500,19,97.554,1.0542e-4
FALSE,10,2,winsfs_b500_w500,20,97.554,8.0796e-5
FALSE,10,2,winsfs_b500_w500,21,97.554,6.2937e-5
FALSE,10,2,winsfs_b500_w500,22,97.554,4.9725e-5
FALSE,10,2,winsfs_b500_w500,23,97.554,3.978e-5
FALSE,10,2,winsfs_b500_w500,24,97.554,3.218e-5
FALSE,10,2,winsfs_b500_w500,25,97.554,2.6294e-5
FALSE,10,2,winsfs_b500_w500,26,97.554,2.1682e-5
FALSE,10,2,winsfs_b500_w500,27,97.554,1.8031e-5
FALSE,10,2,winsfs_b500_w500,28,97.554,1.5112e-5
FALSE,10,2,winsfs_b500_w500,29,97.554,1.2758e-5
FALSE,10,2,winsfs_b500_w500,30,97.554,1.0847e-5
FALSE,10,2,winsfs_b500_w500,31,97.554,9.2821e-6
FALSE,10,2,winsfs_b500_w500,32,97.554,7.9934e-6
FALSE,10,2,winsfs_b500_w500,33,97.554,6.9252e-6
FALSE,10,2,winsfs_b500_w500,34,97.554,6.0349e-6
FALSE,10,2,winsfs_b500_w500,35,97.554,5.2886e-6
FALSE,10,2,winsfs_b500_w500,36,97.554,4.6599e-6
FALSE,10,2,winsfs_b500_w500,37,97.554,4.1278e-6
FALSE,10,2,winsfs_b500_w500,38,97.554,3.6752e-6
FALSE,10,2,winsfs_b500_w500,39,97.554,3.2886e-6
FALSE,10,2,winsfs_b500_w500,40,97.554,2.957e-6
FALSE,10,2,winsfs_b500_w500,41,97.554,2.6713e-6
FALSE,10,2,winsfs_b500_w500,42,97.554,2.4244e-6
FALSE,10,2,winsfs_b500_w500,43,97.554,2.2101e-6
FALSE,10,2,winsfs_b500_w500,44,97.554,2.0234e-6
FALSE,10,2,winsfs_b500_w500,45,97.554,1.8602e-6
FALSE,10,2,winsfs_b500_w500,46,97.554,1.717e-6
FALSE,10,2,winsfs_b500_w500,47,97.554,1.591e-6
FALSE,10,2,winsfs_b500_w500,48,97.554,1.4797e-6
FALSE,10,2,winsfs_b500_w500,49,97.554,1.3811e-6
FALSE,10,2,winsfs_b500_w500,50,97.554,1.3811e-6
FALSE,10,4,winsfs_b500_w100,2,94.659,7.8658
FALSE,10,4,winsfs_b500_w100,3,94.658,1.4008e-4
FALSE,10,4,winsfs_b500_w100,4,94.658,2.854e-5
FALSE,10,4,winsfs_b500_w100,5,94.658,1.7523e-5
FALSE,10,4,winsfs_b500_w100,6,94.658,1.1885e-5
FALSE,10,4,winsfs_b500_w100,7,94.658,8.6022e-6
FALSE,10,4,winsfs_b500_w100,8,94.658,6.543e-6
FALSE,10,4,winsfs_b500_w100,9,94.658,5.1717e-6
FALSE,10,4,winsfs_b500_w100,10,94.658,4.2125e-6
FALSE,10,4,winsfs_b500_w100,11,94.658,3.5139e-6
FALSE,10,4,winsfs_b500_w100,12,94.658,2.988e-6
FALSE,10,4,winsfs_b500_w100,13,94.658,2.5811e-6
FALSE,10,4,winsfs_b500_w100,14,94.658,2.259e-6
FALSE,10,4,winsfs_b500_w100,15,94.658,1.9989e-6
FALSE,10,4,winsfs_b500_w100,16,94.658,1.7856e-6
FALSE,10,4,winsfs_b500_w100,17,94.658,1.608e-6
FALSE,10,4,winsfs_b500_w100,18,94.658,1.4582e-6
FALSE,10,4,winsfs_b500_w100,19,94.658,1.3306e-6
FALSE,10,4,winsfs_b500_w100,20,94.658,1.2208e-6
FALSE,10,4,winsfs_b500_w100,21,94.658,1.1255e-6
FALSE,10,4,winsfs_b500_w100,22,94.658,1.0421e-6
FALSE,10,4,winsfs_b500_w100,23,94.658,9.6856e-7
FALSE,10,4,winsfs_b500_w100,24,94.658,9.0337e-7
FALSE,10,4,winsfs_b500_w100,25,94.658,8.4522e-7
FALSE,10,4,winsfs_b500_w100,26,94.658,7.9308e-7
FALSE,10,4,winsfs_b500_w100,27,94.658,7.4609e-7
FALSE,10,4,winsfs_b500_w100,28,94.658,7.0357e-7
FALSE,10,4,winsfs_b500_w100,29,94.658,6.6493e-7
FALSE,10,4,winsfs_b500_w100,30,94.658,6.2969e-7
FALSE,10,4,winsfs_b500_w100,31,94.658,5.9743e-7
FALSE,10,4,winsfs_b500_w100,32,94.658,5.6781e-7
FALSE,10,4,winsfs_b500_w100,33,94.658,5.4053e-7
FALSE,10,4,winsfs_b500_w100,34,94.658,5.1533e-7
FALSE,10,4,winsfs_b500_w100,35,94.658,4.92e-7
FALSE,10,4,winsfs_b500_w100,36,94.658,4.7035e-7
FALSE,10,4,winsfs_b500_w100,37,94.658,4.502e-7
FALSE,10,4,winsfs_b500_w100,38,94.658,4.3143e-7
FALSE,10,4,winsfs_b500_w100,39,94.658,4.1388e-7
FALSE,10,4,winsfs_b500_w100,40,94.658,3.9746e-7
FALSE,10,4,winsfs_b500_w100,41,94.658,3.8207e-7
FALSE,10,4,winsfs_b500_w100,42,94.658,3.6761e-7
FALSE,10,4,winsfs_b500_w100,43,94.658,3.5401e-7
FALSE,10,4,winsfs_b500_w100,44,94.658,3.4119e-7
FALSE,10,4,winsfs_b500_w100,45,94.658,3.291e-7
FALSE,10,4,winsfs_b500_w100,46,94.658,3.1768e-7
FALSE,10,4,winsfs_b500_w100,47,94.658,3.0687e-7
FALSE,10,4,winsfs_b500_w100,48,94.658,2.9664e-7
FALSE,10,4,winsfs_b500_w100,49,94.658,2.8693e-7
FALSE,10,4,winsfs_b500_w100,50,94.658,2.8693e-7
FALSE,10,4,winsfs_b500_w250,2,94.687,8.5342
FALSE,10,4,winsfs_b500_w250,3,94.659,0.02817
FALSE,10,4,winsfs_b500_w250,4,94.658,6.2809e-4
FALSE,10,4,winsfs_b500_w250,5,94.658,5.7374e-5
FALSE,10,4,winsfs_b500_w250,6,94.658,2.3799e-5
FALSE,10,4,winsfs_b500_w250,7,94.658,1.6307e-5
FALSE,10,4,winsfs_b500_w250,8,94.658,1.2477e-5
FALSE,10,4,winsfs_b500_w250,9,94.658,9.9612e-6
FALSE,10,4,winsfs_b500_w250,10,94.658,8.1586e-6
FALSE,10,4,winsfs_b500_w250,11,94.658,6.8099e-6
FALSE,10,4,winsfs_b500_w250,12,94.658,5.7723e-6
FALSE,10,4,winsfs_b500_w250,13,94.658,4.9572e-6
FALSE,10,4,winsfs_b500_w250,14,94.658,4.306e-6
FALSE,10,4,winsfs_b500_w250,15,94.658,3.778e-6
FALSE,10,4,winsfs_b500_w250,16,94.658,3.3445e-6
FALSE,10,4,winsfs_b500_w250,17,94.658,2.9844e-6
FALSE,10,4,winsfs_b500_w250,18,94.658,2.6821e-6
FALSE,10,4,winsfs_b500_w250,19,94.658,2.426e-6
FALSE,10,4,winsfs_b500_w250,20,94.658,2.207e-6
FALSE,10,4,winsfs_b500_w250,21,94.658,2.0183e-6
FALSE,10,4,winsfs_b500_w250,22,94.658,1.8546e-6
FALSE,10,4,winsfs_b500_w250,23,94.658,1.7114e-6
FALSE,10,4,winsfs_b500_w250,24,94.658,1.5855e-6
FALSE,10,4,winsfs_b500_w250,25,94.658,1.4742e-6
FALSE,10,4,winsfs_b500_w250,26,94.658,1.3751e-6
FALSE,10,4,winsfs_b500_w250,27,94.658,1.2866e-6
FALSE,10,4,winsfs_b500_w250,28,94.658,1.2072e-6
FALSE,10,4,winsfs_b500_w250,29,94.658,1.1356e-6
FALSE,10,4,winsfs_b500_w250,30,94.658,1.0707e-6
FALSE,10,4,winsfs_b500_w250,31,94.658,1.0118e-6
FALSE,10,4,winsfs_b500_w250,32,94.658,9.5815e-7
FALSE,10,4,winsfs_b500_w250,33,94.658,9.0906e-7
FALSE,10,4,winsfs_b500_w250,34,94.658,8.6402e-7
FALSE,10,4,winsfs_b500_w250,35,94.658,8.2261e-7
FALSE,10,4,winsfs_b500_w250,36,94.658,7.8441e-7
FALSE,10,4,winsfs_b500_w250,37,94.658,7.4909e-7
FALSE,10,4,winsfs_b500_w250,38,94.658,7.1637e-7
FALSE,10,4,winsfs_b500_w250,39,94.658,6.8597e-7
FALSE,10,4,winsfs_b500_w250,40,94.658,6.5769e-7
FALSE,10,4,winsfs_b500_w250,41,94.658,6.3131e-7
FALSE,10,4,winsfs_b500_w250,42,94.658,6.0666e-7
FALSE,10,4,winsfs_b500_w250,43,94.658,5.835900000000002e-7
FALSE,10,4,winsfs_b500_w250,44,94.658,5.6196e-7
FALSE,10,4,winsfs_b500_w250,45,94.658,5.4165e-7
FALSE,10,4,winsfs_b500_w250,46,94.658,5.2255e-7
FALSE,10,4,winsfs_b500_w250,47,94.658,5.0455e-7
FALSE,10,4,winsfs_b500_w250,48,94.658,4.8757e-7
FALSE,10,4,winsfs_b500_w250,49,94.658,4.7154e-7
FALSE,10,4,winsfs_b500_w250,50,94.658,4.7154e-7
FALSE,10,4,winsfs_b500_w500,2,94.916,8.6877
FALSE,10,4,winsfs_b500_w500,3,94.687,0.22845
FALSE,10,4,winsfs_b500_w500,4,94.662,0.02551
FALSE,10,4,winsfs_b500_w500,5,94.659,0.003343
FALSE,10,4,winsfs_b500_w500,6,94.658,5.6119e-4
FALSE,10,4,winsfs_b500_w500,7,94.658,1.2764e-4
FALSE,10,4,winsfs_b500_w500,8,94.658,4.2775e-5
FALSE,10,4,winsfs_b500_w500,9,94.658,2.1549e-5
FALSE,10,4,winsfs_b500_w500,10,94.658,1.4434e-5
FALSE,10,4,winsfs_b500_w500,11,94.658,1.1172e-5
FALSE,10,4,winsfs_b500_w500,12,94.658,9.2441e-6
FALSE,10,4,winsfs_b500_w500,13,94.658,7.9075e-6
FALSE,10,4,winsfs_b500_w500,14,94.658,6.8945e-6
FALSE,10,4,winsfs_b500_w500,15,94.658,6.0876e-6
FALSE,10,4,winsfs_b500_w500,16,94.658,5.4251e-6
FALSE,10,4,winsfs_b500_w500,17,94.658,4.8704e-6
FALSE,10,4,winsfs_b500_w500,18,94.658,4.3992e-6
FALSE,10,4,winsfs_b500_w500,19,94.658,3.9947e-6
FALSE,10,4,winsfs_b500_w500,20,94.658,3.6445e-6
FALSE,10,4,winsfs_b500_w500,21,94.658,3.339e-6
FALSE,10,4,winsfs_b500_w500,22,94.658,3.0709e-6
FALSE,10,4,winsfs_b500_w500,23,94.658,2.8343e-6
FALSE,10,4,winsfs_b500_w500,24,94.658,2.6245e-6
FALSE,10,4,winsfs_b500_w500,25,94.658,2.4377e-6
FALSE,10,4,winsfs_b500_w500,26,94.658,2.2705e-6
FALSE,10,4,winsfs_b500_w500,27,94.658,2.1205e-6
FALSE,10,4,winsfs_b500_w500,28,94.658,1.9853e-6
FALSE,10,4,winsfs_b500_w500,29,94.658,1.8631e-6
FALSE,10,4,winsfs_b500_w500,30,94.658,1.7523e-6
FALSE,10,4,winsfs_b500_w500,31,94.658,1.6515e-6
FALSE,10,4,winsfs_b500_w500,32,94.658,1.5596e-6
FALSE,10,4,winsfs_b500_w500,33,94.658,1.4755e-6
FALSE,10,4,winsfs_b500_w500,34,94.658,1.3985e-6
FALSE,10,4,winsfs_b500_w500,35,94.658,1.3276e-6
FALSE,10,4,winsfs_b500_w500,36,94.658,1.2624e-6
FALSE,10,4,winsfs_b500_w500,37,94.658,1.2021e-6
FALSE,10,4,winsfs_b500_w500,38,94.658,1.1464e-6
FALSE,10,4,winsfs_b500_w500,39,94.658,1.0947e-6
FALSE,10,4,winsfs_b500_w500,40,94.658,1.0467e-6
FALSE,10,4,winsfs_b500_w500,41,94.658,1.0021e-6
FALSE,10,4,winsfs_b500_w500,42,94.658,9.6041e-7
FALSE,10,4,winsfs_b500_w500,43,94.658,9.2151e-7
FALSE,10,4,winsfs_b500_w500,44,94.658,8.8512e-7
FALSE,10,4,winsfs_b500_w500,45,94.658,8.5103e-7
FALSE,10,4,winsfs_b500_w500,46,94.658,8.1904e-7
FALSE,10,4,winsfs_b500_w500,47,94.658,7.8898e-7
FALSE,10,4,winsfs_b500_w500,48,94.658,7.6069e-7
FALSE,10,4,winsfs_b500_w500,49,94.658,7.3403e-7
FALSE,10,4,winsfs_b500_w500,50,94.658,7.3403e-7
FALSE,10,8,winsfs_b500_w100,2,45.274,6.2665
FALSE,10,8,winsfs_b500_w100,3,45.274,2.0263e-6
FALSE,10,8,winsfs_b500_w100,4,45.274,3.0661e-7
FALSE,10,8,winsfs_b500_w100,5,45.274,1.6217e-8
FALSE,10,8,winsfs_b500_w100,6,45.274,8.6969e-10
FALSE,10,8,winsfs_b500_w100,7,45.274,4.6285e-11
FALSE,10,8,winsfs_b500_w100,8,45.274,2.494e-12
FALSE,10,8,winsfs_b500_w100,9,45.274,1.0658e-13
FALSE,10,8,winsfs_b500_w100,10,45.274,2.8422e-14
FALSE,10,8,winsfs_b500_w100,11,45.274,7.1054e-15
FALSE,10,8,winsfs_b500_w100,12,45.274,0
FALSE,10,8,winsfs_b500_w250,2,45.272,6.298
FALSE,10,8,winsfs_b500_w250,3,45.273,1.2673e-5
FALSE,10,8,winsfs_b500_w250,4,45.273,2.1628e-6
FALSE,10,8,winsfs_b500_w250,5,45.272,2.2803e-6
FALSE,10,8,winsfs_b500_w250,6,45.272,5.6716e-7
FALSE,10,8,winsfs_b500_w250,7,45.272,1.0771e-7
FALSE,10,8,winsfs_b500_w250,8,45.272,2.4244e-8
FALSE,10,8,winsfs_b500_w250,9,45.272,6.3835e-9
FALSE,10,8,winsfs_b500_w250,10,45.272,1.7814e-9
FALSE,10,8,winsfs_b500_w250,11,45.272,5.047e-10
FALSE,10,8,winsfs_b500_w250,12,45.272,1.4352e-10
FALSE,10,8,winsfs_b500_w250,13,45.272,4.0878e-11
FALSE,10,8,winsfs_b500_w250,14,45.272,1.1667e-11
FALSE,10,8,winsfs_b500_w250,15,45.272,3.3396e-12
FALSE,10,8,winsfs_b500_w250,16,45.272,9.7344e-13
FALSE,10,8,winsfs_b500_w250,17,45.272,2.9132e-13
FALSE,10,8,winsfs_b500_w250,18,45.272,4.9738e-14
FALSE,10,8,winsfs_b500_w250,19,45.272,7.816e-14
FALSE,10,8,winsfs_b500_w250,20,45.272,4.2633e-14
FALSE,10,8,winsfs_b500_w250,21,45.272,3.5527e-14
FALSE,10,8,winsfs_b500_w250,22,45.272,7.1054e-15
FALSE,10,8,winsfs_b500_w250,23,45.272,7.1054e-15
FALSE,10,8,winsfs_b500_w250,24,45.272,1.4211e-14
FALSE,10,8,winsfs_b500_w250,25,45.272,1.4211e-14
FALSE,10,8,winsfs_b500_w250,26,45.272,7.1054e-15
FALSE,10,8,winsfs_b500_w250,27,45.272,0
FALSE,10,8,winsfs_b500_w500,2,45.272,6.3133
FALSE,10,8,winsfs_b500_w500,3,45.271,9.3706e-4
FALSE,10,8,winsfs_b500_w500,4,45.271,7.4995e-6
FALSE,10,8,winsfs_b500_w500,5,45.271,1.6283e-6
FALSE,10,8,winsfs_b500_w500,6,45.271,2.6132e-6
FALSE,10,8,winsfs_b500_w500,7,45.271,2.5351e-6
FALSE,10,8,winsfs_b500_w500,8,45.271,1.6183e-6
FALSE,10,8,winsfs_b500_w500,9,45.271,7.6682e-7
FALSE,10,8,winsfs_b500_w500,10,45.271,3.0302e-7
FALSE,10,8,winsfs_b500_w500,11,45.271,1.1108e-7
FALSE,10,8,winsfs_b500_w500,12,45.271,4.1173e-8
FALSE,10,8,winsfs_b500_w500,13,45.271,1.632e-8
FALSE,10,8,winsfs_b500_w500,14,45.271,7.0515e-9
FALSE,10,8,winsfs_b500_w500,15,45.271,3.2849e-9
FALSE,10,8,winsfs_b500_w500,16,45.271,1.612e-9
FALSE,10,8,winsfs_b500_w500,17,45.271,8.157e-10
FALSE,10,8,winsfs_b500_w500,18,45.271,4.1955e-10
FALSE,10,8,winsfs_b500_w500,19,45.271,2.1762e-10
FALSE,10,8,winsfs_b500_w500,20,45.271,1.1347e-10
FALSE,10,8,winsfs_b500_w500,21,45.271,5.9082e-11
FALSE,10,8,winsfs_b500_w500,22,45.271,3.0767e-11
FALSE,10,8,winsfs_b500_w500,23,45.271,1.6215e-11
FALSE,10,8,winsfs_b500_w500,24,45.271,8.5194e-12
FALSE,10,8,winsfs_b500_w500,25,45.271,4.1851e-12
FALSE,10,8,winsfs_b500_w500,26,45.271,2.558e-12
FALSE,10,8,winsfs_b500_w500,27,45.271,1.009e-12
FALSE,10,8,winsfs_b500_w500,28,45.271,6.8212e-13
FALSE,10,8,winsfs_b500_w500,29,45.271,4.5475e-13
FALSE,10,8,winsfs_b500_w500,30,45.271,4.2633e-13
FALSE,10,8,winsfs_b500_w500,31,45.271,2.4869e-13
FALSE,10,8,winsfs_b500_w500,32,45.271,2.3448e-13
FALSE,10,8,winsfs_b500_w500,33,45.271,7.1054e-15
FALSE,10,8,winsfs_b500_w500,34,45.271,6.3949e-14
FALSE,10,8,winsfs_b500_w500,35,45.271,4.9738e-14
FALSE,10,8,winsfs_b500_w500,36,45.271,3.1264e-13
FALSE,10,8,winsfs_b500_w500,37,45.271,2.9843e-13
FALSE,10,8,winsfs_b500_w500,38,45.271,9.2371e-14
FALSE,10,8,winsfs_b500_w500,39,45.271,3.7659e-13
FALSE,10,8,winsfs_b500_w500,40,45.271,1.35e-13
FALSE,10,8,winsfs_b500_w500,41,45.271,9.2371e-14
FALSE,10,8,winsfs_b500_w500,42,45.271,0
FALSE,20,2,winsfs_b500_w100,2,132.24,14.615
FALSE,20,2,winsfs_b500_w100,3,132.15,0.091925
FALSE,20,2,winsfs_b500_w100,4,132.14,0.0045554
FALSE,20,2,winsfs_b500_w100,5,132.14,7.9044e-4
FALSE,20,2,winsfs_b500_w100,6,132.14,2.4463e-4
FALSE,20,2,winsfs_b500_w100,7,132.14,1.0074e-4
FALSE,20,2,winsfs_b500_w100,8,132.14,5.014e-5
FALSE,20,2,winsfs_b500_w100,9,132.14,2.8896e-5
FALSE,20,2,winsfs_b500_w100,10,132.14,1.8735e-5
FALSE,20,2,winsfs_b500_w100,11,132.14,1.333e-5
FALSE,20,2,winsfs_b500_w100,12,132.14,1.0179e-5
FALSE,20,2,winsfs_b500_w100,13,132.14,8.1916e-6
FALSE,20,2,winsfs_b500_w100,14,132.14,6.8509e-6
FALSE,20,2,winsfs_b500_w100,15,132.14,5.8944e-6
FALSE,20,2,winsfs_b500_w100,16,132.14,5.1802e-6
FALSE,20,2,winsfs_b500_w100,17,132.14,4.6269e-6
FALSE,20,2,winsfs_b500_w100,18,132.14,4.1851e-6
FALSE,20,2,winsfs_b500_w100,19,132.14,3.8239e-6
FALSE,20,2,winsfs_b500_w100,20,132.14,3.5226e-6
FALSE,20,2,winsfs_b500_w100,21,132.14,3.2672e-6
FALSE,20,2,winsfs_b500_w100,22,132.14,3.0476e-6
FALSE,20,2,winsfs_b500_w100,23,132.14,2.8567e-6
FALSE,20,2,winsfs_b500_w100,24,132.14,2.689e-6
FALSE,20,2,winsfs_b500_w100,25,132.14,2.5404e-6
FALSE,20,2,winsfs_b500_w100,26,132.14,2.4078e-6
FALSE,20,2,winsfs_b500_w100,27,132.14,2.2885e-6
FALSE,20,2,winsfs_b500_w100,28,132.14,2.1807e-6
FALSE,20,2,winsfs_b500_w100,29,132.14,2.0827e-6
FALSE,20,2,winsfs_b500_w100,30,132.14,1.9932e-6
FALSE,20,2,winsfs_b500_w100,31,132.14,1.911e-6
FALSE,20,2,winsfs_b500_w100,32,132.14,1.8353e-6
FALSE,20,2,winsfs_b500_w100,33,132.14,1.7654e-6
FALSE,20,2,winsfs_b500_w100,34,132.14,1.7005e-6
FALSE,20,2,winsfs_b500_w100,35,132.14,1.6401e-6
FALSE,20,2,winsfs_b500_w100,36,132.14,1.5838e-6
FALSE,20,2,winsfs_b500_w100,37,132.14,1.5312e-6
FALSE,20,2,winsfs_b500_w100,38,132.14,1.4818e-6
FALSE,20,2,winsfs_b500_w100,39,132.14,1.4354e-6
FALSE,20,2,winsfs_b500_w100,40,132.14,1.3917e-6
FALSE,20,2,winsfs_b500_w100,41,132.14,1.3505e-6
FALSE,20,2,winsfs_b500_w100,42,132.14,1.3115e-6
FALSE,20,2,winsfs_b500_w100,43,132.14,1.2746e-6
FALSE,20,2,winsfs_b500_w100,44,132.14,1.2397e-6
FALSE,20,2,winsfs_b500_w100,45,132.14,1.2065e-6
FALSE,20,2,winsfs_b500_w100,46,132.14,1.175e-6
FALSE,20,2,winsfs_b500_w100,47,132.14,1.145e-6
FALSE,20,2,winsfs_b500_w100,48,132.14,1.1163e-6
FALSE,20,2,winsfs_b500_w100,49,132.14,1.089e-6
FALSE,20,2,winsfs_b500_w100,50,132.14,1.089e-6
FALSE,20,2,winsfs_b500_w250,2,133.58,16.729
FALSE,20,2,winsfs_b500_w250,3,132.43,1.1512
FALSE,20,2,winsfs_b500_w250,4,132.21,0.22409
FALSE,20,2,winsfs_b500_w250,5,132.16,0.047831
FALSE,20,2,winsfs_b500_w250,6,132.15,0.012094
FALSE,20,2,winsfs_b500_w250,7,132.15,0.0038852
FALSE,20,2,winsfs_b500_w250,8,132.14,0.0015655
FALSE,20,2,winsfs_b500_w250,9,132.14,7.4999e-4
FALSE,20,2,winsfs_b500_w250,10,132.14,4.0606e-4
FALSE,20,2,winsfs_b500_w250,11,132.14,2.398e-4
FALSE,20,2,winsfs_b500_w250,12,132.14,1.5102e-4
FALSE,20,2,winsfs_b500_w250,13,132.14,9.9975e-5
FALSE,20,2,winsfs_b500_w250,14,132.14,6.8929e-5
FALSE,20,2,winsfs_b500_w250,15,132.14,4.9184e-5
FALSE,20,2,winsfs_b500_w250,16,132.14,3.6163e-5
FALSE,20,2,winsfs_b500_w250,17,132.14,2.7309e-5
FALSE,20,2,winsfs_b500_w250,18,132.14,2.113e-5
FALSE,20,2,winsfs_b500_w250,19,132.14,1.6717e-5
FALSE,20,2,winsfs_b500_w250,20,132.14,1.3499e-5
FALSE,20,2,winsfs_b500_w250,21,132.14,1.1107e-5
FALSE,20,2,winsfs_b500_w250,22,132.14,9.2993e-6
FALSE,20,2,winsfs_b500_w250,23,132.14,7.9096e-6
FALSE,20,2,winsfs_b500_w250,24,132.14,6.8251e-6
FALSE,20,2,winsfs_b500_w250,25,132.14,5.9663e-6
FALSE,20,2,winsfs_b500_w250,26,132.14,5.2769e-6
FALSE,20,2,winsfs_b500_w250,27,132.14,4.7163e-6
FALSE,20,2,winsfs_b500_w250,28,132.14,4.2548e-6
FALSE,20,2,winsfs_b500_w250,29,132.14,3.8705e-6
FALSE,20,2,winsfs_b500_w250,30,132.14,3.547e-6
FALSE,20,2,winsfs_b500_w250,31,132.14,3.2719e-6
FALSE,20,2,winsfs_b500_w250,32,132.14,3.0358e-6
FALSE,20,2,winsfs_b500_w250,33,132.14,2.8313e-6
FALSE,20,2,winsfs_b500_w250,34,132.14,2.6527e-6
FALSE,20,2,winsfs_b500_w250,35,132.14,2.4956e-6
FALSE,20,2,winsfs_b500_w250,36,132.14,2.3564e-6
FALSE,20,2,winsfs_b500_w250,37,132.14,2.2323e-6
FALSE,20,2,winsfs_b500_w250,38,132.14,2.121e-6
FALSE,20,2,winsfs_b500_w250,39,132.14,2.0206e-6
FALSE,20,2,winsfs_b500_w250,40,132.14,1.9296e-6
FALSE,20,2,winsfs_b500_w250,41,132.14,1.8468e-6
FALSE,20,2,winsfs_b500_w250,42,132.14,1.771e-6
FALSE,20,2,winsfs_b500_w250,43,132.14,1.7015e-6
FALSE,20,2,winsfs_b500_w250,44,132.14,1.6375e-6
FALSE,20,2,winsfs_b500_w250,45,132.14,1.5782e-6
FALSE,20,2,winsfs_b500_w250,46,132.14,1.5233e-6
FALSE,20,2,winsfs_b500_w250,47,132.14,1.4723e-6
FALSE,20,2,winsfs_b500_w250,48,132.14,1.4246e-6
FALSE,20,2,winsfs_b500_w250,49,132.14,1.3801e-6
FALSE,20,2,winsfs_b500_w250,50,132.14,1.3801e-6
FALSE,20,2,winsfs_b500_w500,2,135.9,15.814
FALSE,20,2,winsfs_b500_w500,3,133.7,2.1976
FALSE,20,2,winsfs_b500_w500,4,132.83,0.86959
FALSE,20,2,winsfs_b500_w500,5,132.46,0.37554
FALSE,20,2,winsfs_b500_w500,6,132.29,0.16663
FALSE,20,2,winsfs_b500_w500,7,132.21,0.075052
FALSE,20,2,winsfs_b500_w500,8,132.18,0.034585
FALSE,20,2,winsfs_b500_w500,9,132.16,0.016551
FALSE,20,2,winsfs_b500_w500,10,132.15,0.0083389
FALSE,20,2,winsfs_b500_w500,11,132.15,0.0044594
FALSE,20,2,winsfs_b500_w500,12,132.15,0.0025365
FALSE,20,2,winsfs_b500_w500,13,132.15,0.0015303
FALSE,20,2,winsfs_b500_w500,14,132.14,9.7364e-4
FALSE,20,2,winsfs_b500_w500,15,132.14,6.4874e-4
FALSE,20,2,winsfs_b500_w500,16,132.14,4.4955e-4
FALSE,20,2,winsfs_b500_w500,17,132.14,3.2196e-4
FALSE,20,2,winsfs_b500_w500,18,132.14,2.3706e-4
FALSE,20,2,winsfs_b500_w500,19,132.14,1.7868e-4
FALSE,20,2,winsfs_b500_w500,20,132.14,1.3739e-4
FALSE,20,2,winsfs_b500_w500,21,132.14,1.0748e-4
FALSE,20,2,winsfs_b500_w500,22,132.14,8.5344e-5
FALSE,20,2,winsfs_b500_w500,23,132.14,6.8671e-5
FALSE,20,2,winsfs_b500_w500,24,132.14,5.5911e-5
FALSE,20,2,winsfs_b500_w500,25,132.14,4.601e-5
FALSE,20,2,winsfs_b500_w500,26,132.14,3.8231e-5
FALSE,20,2,winsfs_b500_w500,27,132.14,3.2052e-5
FALSE,20,2,winsfs_b500_w500,28,132.14,2.7094e-5
FALSE,20,2,winsfs_b500_w500,29,132.14,2.3081e-5
FALSE,20,2,winsfs_b500_w500,30,132.14,1.9805e-5
FALSE,20,2,winsfs_b500_w500,31,132.14,1.7111e-5
FALSE,20,2,winsfs_b500_w500,32,132.14,1.4879e-5
FALSE,20,2,winsfs_b500_w500,33,132.14,1.3018e-5
FALSE,20,2,winsfs_b500_w500,34,132.14,1.1458e-5
FALSE,20,2,winsfs_b500_w500,35,132.14,1.0141e-5
FALSE,20,2,winsfs_b500_w500,36,132.14,9.0246e-6
FALSE,20,2,winsfs_b500_w500,37,132.14,8.0726e-6
FALSE,20,2,winsfs_b500_w500,38,132.14,7.2569e-6
FALSE,20,2,winsfs_b500_w500,39,132.14,6.5547e-6
FALSE,20,2,winsfs_b500_w500,40,132.14,5.9475e-6
FALSE,20,2,winsfs_b500_w500,41,132.14,5.4202e-6
FALSE,20,2,winsfs_b500_w500,42,132.14,4.9603e-6
FALSE,20,2,winsfs_b500_w500,43,132.14,4.5576e-6
FALSE,20,2,winsfs_b500_w500,44,132.14,4.2037e-6
FALSE,20,2,winsfs_b500_w500,45,132.14,3.8913e-6
FALSE,20,2,winsfs_b500_w500,46,132.14,3.6146e-6
FALSE,20,2,winsfs_b500_w500,47,132.14,3.3687e-6
FALSE,20,2,winsfs_b500_w500,48,132.14,3.1494e-6
FALSE,20,2,winsfs_b500_w500,49,132.14,2.9531e-6
FALSE,20,2,winsfs_b500_w500,50,132.14,2.9531e-6
FALSE,20,4,winsfs_b500_w100,2,109.56,9.6417
FALSE,20,4,winsfs_b500_w100,3,109.56,3.4577e-4
FALSE,20,4,winsfs_b500_w100,4,109.56,7.0564e-5
FALSE,20,4,winsfs_b500_w100,5,109.56,4.6069e-5
FALSE,20,4,winsfs_b500_w100,6,109.56,3.4578e-5
FALSE,20,4,winsfs_b500_w100,7,109.56,2.7862e-5
FALSE,20,4,winsfs_b500_w100,8,109.56,2.341e-5
FALSE,20,4,winsfs_b500_w100,9,109.56,2.0213e-5
FALSE,20,4,winsfs_b500_w100,10,109.56,1.7788e-5
FALSE,20,4,winsfs_b500_w100,11,109.56,1.5876e-5
FALSE,20,4,winsfs_b500_w100,12,109.56,1.4325e-5
FALSE,20,4,winsfs_b500_w100,13,109.56,1.3037e-5
FALSE,20,4,winsfs_b500_w100,14,109.56,1.1949e-5
FALSE,20,4,winsfs_b500_w100,15,109.56,1.1017e-5
FALSE,20,4,winsfs_b500_w100,16,109.56,1.0208e-5
FALSE,20,4,winsfs_b500_w100,17,109.56,9.4993e-6
FALSE,20,4,winsfs_b500_w100,18,109.56,8.8731e-6
FALSE,20,4,winsfs_b500_w100,19,109.56,8.3155e-6
FALSE,20,4,winsfs_b500_w100,20,109.56,7.8159e-6
FALSE,20,4,winsfs_b500_w100,21,109.56,7.3657e-6
FALSE,20,4,winsfs_b500_w100,22,109.56,6.9579e-6
FALSE,20,4,winsfs_b500_w100,23,109.56,6.5869e-6
FALSE,20,4,winsfs_b500_w100,24,109.56,6.2481e-6
FALSE,20,4,winsfs_b500_w100,25,109.56,5.9374e-6
FALSE,20,4,winsfs_b500_w100,26,109.56,5.6516e-6
FALSE,20,4,winsfs_b500_w100,27,109.56,5.3879e-6
FALSE,20,4,winsfs_b500_w100,28,109.56,5.1439e-6
FALSE,20,4,winsfs_b500_w100,29,109.56,4.9175e-6
FALSE,20,4,winsfs_b500_w100,30,109.56,4.7069e-6
FALSE,20,4,winsfs_b500_w100,31,109.56,4.5106e-6
FALSE,20,4,winsfs_b500_w100,32,109.56,4.3272e-6
FALSE,20,4,winsfs_b500_w100,33,109.56,4.1555e-6
FALSE,20,4,winsfs_b500_w100,34,109.56,3.9944e-6
FALSE,20,4,winsfs_b500_w100,35,109.56,3.8431e-6
FALSE,20,4,winsfs_b500_w100,36,109.56,3.7008e-6
FALSE,20,4,winsfs_b500_w100,37,109.56,3.5665e-6
FALSE,20,4,winsfs_b500_w100,38,109.56,3.4398e-6
FALSE,20,4,winsfs_b500_w100,39,109.56,3.32e-6
FALSE,20,4,winsfs_b500_w100,40,109.56,3.2066e-6
FALSE,20,4,winsfs_b500_w100,41,109.56,3.0991e-6
FALSE,20,4,winsfs_b500_w100,42,109.56,2.9971e-6
FALSE,20,4,winsfs_b500_w100,43,109.56,2.9002e-6
FALSE,20,4,winsfs_b500_w100,44,109.56,2.808e-6
FALSE,20,4,winsfs_b500_w100,45,109.56,2.7203e-6
FALSE,20,4,winsfs_b500_w100,46,109.56,2.6366e-6
FALSE,20,4,winsfs_b500_w100,47,109.56,2.5569e-6
FALSE,20,4,winsfs_b500_w100,48,109.56,2.4807e-6
FALSE,20,4,winsfs_b500_w100,49,109.56,2.4079e-6
FALSE,20,4,winsfs_b500_w100,50,109.56,2.4079e-6
FALSE,20,4,winsfs_b500_w250,2,109.61,10.5
FALSE,20,4,winsfs_b500_w250,3,109.56,0.044963
FALSE,20,4,winsfs_b500_w250,4,109.56,0.0013476
FALSE,20,4,winsfs_b500_w250,5,109.56,1.4468e-4
FALSE,20,4,winsfs_b500_w250,6,109.56,5.7568e-5
FALSE,20,4,winsfs_b500_w250,7,109.56,3.8665e-5
FALSE,20,4,winsfs_b500_w250,8,109.56,2.9874e-5
FALSE,20,4,winsfs_b500_w250,9,109.56,2.4453e-5
FALSE,20,4,winsfs_b500_w250,10,109.56,2.0729e-5
FALSE,20,4,winsfs_b500_w250,11,109.56,1.8012e-5
FALSE,20,4,winsfs_b500_w250,12,109.56,1.5943e-5
FALSE,20,4,winsfs_b500_w250,13,109.56,1.4316e-5
FALSE,20,4,winsfs_b500_w250,14,109.56,1.3002e-5
FALSE,20,4,winsfs_b500_w250,15,109.56,1.1917e-5
FALSE,20,4,winsfs_b500_w250,16,109.56,1.1005e-5
FALSE,20,4,winsfs_b500_w250,17,109.56,1.0226e-5
FALSE,20,4,winsfs_b500_w250,18,109.56,9.5524e-6
FALSE,20,4,winsfs_b500_w250,19,109.56,8.9631e-6
FALSE,20,4,winsfs_b500_w250,20,109.56,8.4426e-6
FALSE,20,4,winsfs_b500_w250,21,109.56,7.9791e-6
FALSE,20,4,winsfs_b500_w250,22,109.56,7.5634e-6
FALSE,20,4,winsfs_b500_w250,23,109.56,7.1882e-6
FALSE,20,4,winsfs_b500_w250,24,109.56,6.8476e-6
FALSE,20,4,winsfs_b500_w250,25,109.56,6.5369e-6
FALSE,20,4,winsfs_b500_w250,26,109.56,6.2521e-6
FALSE,20,4,winsfs_b500_w250,27,109.56,5.99e-6
FALSE,20,4,winsfs_b500_w250,28,109.56,5.748e-6
FALSE,20,4,winsfs_b500_w250,29,109.56,5.5237e-6
FALSE,20,4,winsfs_b500_w250,30,109.56,5.3152e-6
FALSE,20,4,winsfs_b500_w250,31,109.56,5.1208e-6
FALSE,20,4,winsfs_b500_w250,32,109.56,4.9392e-6
FALSE,20,4,winsfs_b500_w250,33,109.56,4.769e-6
FALSE,20,4,winsfs_b500_w250,34,109.56,4.6092e-6
FALSE,20,4,winsfs_b500_w250,35,109.56,4.4588e-6
FALSE,20,4,winsfs_b500_w250,36,109.56,4.3171e-6
FALSE,20,4,winsfs_b500_w250,37,109.56,4.1833e-6
FALSE,20,4,winsfs_b500_w250,38,109.56,4.0567e-6
FALSE,20,4,winsfs_b500_w250,39,109.56,3.9367e-6
FALSE,20,4,winsfs_b500_w250,40,109.56,3.8229e-6
FALSE,20,4,winsfs_b500_w250,41,109.56,3.7148e-6
FALSE,20,4,winsfs_b500_w250,42,109.56,3.6119e-6
FALSE,20,4,winsfs_b500_w250,43,109.56,3.5139e-6
FALSE,20,4,winsfs_b500_w250,44,109.56,3.4205e-6
FALSE,20,4,winsfs_b500_w250,45,109.56,3.3313e-6
FALSE,20,4,winsfs_b500_w250,46,109.56,3.246e-6
FALSE,20,4,winsfs_b500_w250,47,109.56,3.1645e-6
FALSE,20,4,winsfs_b500_w250,48,109.56,3.0864e-6
FALSE,20,4,winsfs_b500_w250,49,109.56,3.0115e-6
FALSE,20,4,winsfs_b500_w250,50,109.56,3.0115e-6
FALSE,20,4,winsfs_b500_w500,2,109.93,10.671
FALSE,20,4,winsfs_b500_w500,3,109.61,0.31815
FALSE,20,4,winsfs_b500_w500,4,109.57,0.040392
FALSE,20,4,winsfs_b500_w500,5,109.56,0.0060623
FALSE,20,4,winsfs_b500_w500,6,109.56,0.0011591
FALSE,20,4,winsfs_b500_w500,7,109.56,2.9443e-4
FALSE,20,4,winsfs_b500_w500,8,109.56,1.0469e-4
FALSE,20,4,winsfs_b500_w500,9,109.56,5.2731e-5
FALSE,20,4,winsfs_b500_w500,10,109.56,3.4537e-5
FALSE,20,4,winsfs_b500_w500,11,109.56,2.6278e-5
FALSE,20,4,winsfs_b500_w500,12,109.56,2.159e-5
FALSE,20,4,winsfs_b500_w500,13,109.56,1.8483e-5
FALSE,20,4,winsfs_b500_w500,14,109.56,1.6218e-5
FALSE,20,4,winsfs_b500_w500,15,109.56,1.447e-5
FALSE,20,4,winsfs_b500_w500,16,109.56,1.3072e-5
FALSE,20,4,winsfs_b500_w500,17,109.56,1.1925e-5
FALSE,20,4,winsfs_b500_w500,18,109.56,1.0967e-5
FALSE,20,4,winsfs_b500_w500,19,109.56,1.0155e-5
FALSE,20,4,winsfs_b500_w500,20,109.56,9.4571e-6
FALSE,20,4,winsfs_b500_w500,21,109.56,8.8519e-6
FALSE,20,4,winsfs_b500_w500,22,109.56,8.3219e-6
FALSE,20,4,winsfs_b500_w500,23,109.56,7.854e-6
FALSE,20,4,winsfs_b500_w500,24,109.56,7.4377e-6
FALSE,20,4,winsfs_b500_w500,25,109.56,7.0651e-6
FALSE,20,4,winsfs_b500_w500,26,109.56,6.7293e-6
FALSE,20,4,winsfs_b500_w500,27,109.56,6.4253e-6
FALSE,20,4,winsfs_b500_w500,28,109.56,6.1485e-6
FALSE,20,4,winsfs_b500_w500,29,109.56,5.8953e-6
FALSE,20,4,winsfs_b500_w500,30,109.56,5.6629e-6
FALSE,20,4,winsfs_b500_w500,31,109.56,5.4486e-6
FALSE,20,4,winsfs_b500_w500,32,109.56,5.2503e-6
FALSE,20,4,winsfs_b500_w500,33,109.56,5.0663e-6
FALSE,20,4,winsfs_b500_w500,34,109.56,4.8949e-6
FALSE,20,4,winsfs_b500_w500,35,109.56,4.735e-6
FALSE,20,4,winsfs_b500_w500,36,109.56,4.5852e-6
FALSE,20,4,winsfs_b500_w500,37,109.56,4.4447e-6
FALSE,20,4,winsfs_b500_w500,38,109.56,4.3126e-6
FALSE,20,4,winsfs_b500_w500,39,109.56,4.1881e-6
FALSE,20,4,winsfs_b500_w500,40,109.56,4.0705e-6
FALSE,20,4,winsfs_b500_w500,41,109.56,3.9593e-6
FALSE,20,4,winsfs_b500_w500,42,109.56,3.8539e-6
FALSE,20,4,winsfs_b500_w500,43,109.56,3.7539e-6
FALSE,20,4,winsfs_b500_w500,44,109.56,3.6588e-6
FALSE,20,4,winsfs_b500_w500,45,109.56,3.5683e-6
FALSE,20,4,winsfs_b500_w500,46,109.56,3.4821e-6
FALSE,20,4,winsfs_b500_w500,47,109.56,3.3997e-6
FALSE,20,4,winsfs_b500_w500,48,109.56,3.3211e-6
FALSE,20,4,winsfs_b500_w500,49,109.56,3.2458e-6
FALSE,20,4,winsfs_b500_w500,50,109.56,3.2458e-6
FALSE,20,8,winsfs_b500_w100,2,49.956,7.6661
FALSE,20,8,winsfs_b500_w100,3,49.956,3.8461e-6
FALSE,20,8,winsfs_b500_w100,4,49.956,4.1434e-6
FALSE,20,8,winsfs_b500_w100,5,49.956,1.3927e-6
FALSE,20,8,winsfs_b500_w100,6,49.956,5.2808e-7
FALSE,20,8,winsfs_b500_w100,7,49.956,2.1232e-7
FALSE,20,8,winsfs_b500_w100,8,49.956,8.8856e-8
FALSE,20,8,winsfs_b500_w100,9,49.956,3.8493e-8
FALSE,20,8,winsfs_b500_w100,10,49.956,1.7208e-8
FALSE,20,8,winsfs_b500_w100,11,49.956,7.9176e-9
FALSE,20,8,winsfs_b500_w100,12,49.956,3.7393e-9
FALSE,20,8,winsfs_b500_w100,13,49.956,1.807e-9
FALSE,20,8,winsfs_b500_w100,14,49.956,8.9068e-10
FALSE,20,8,winsfs_b500_w100,15,49.956,4.4588e-10
FALSE,20,8,winsfs_b500_w100,16,49.956,2.2561e-10
FALSE,20,8,winsfs_b500_w100,17,49.956,1.1483e-10
FALSE,20,8,winsfs_b500_w100,18,49.956,5.8115e-11
FALSE,20,8,winsfs_b500_w100,19,49.956,2.8983e-11
FALSE,20,8,winsfs_b500_w100,20,49.956,1.4069e-11
FALSE,20,8,winsfs_b500_w100,21,49.956,6.1888e-12
FALSE,20,8,winsfs_b500_w100,22,49.956,2.359e-12
FALSE,20,8,winsfs_b500_w100,23,49.956,6.608e-13
FALSE,20,8,winsfs_b500_w100,24,49.956,4.1922e-13
FALSE,20,8,winsfs_b500_w100,25,49.956,5.8265e-13
FALSE,20,8,winsfs_b500_w100,26,49.956,7.9581e-13
FALSE,20,8,winsfs_b500_w100,27,49.956,7.4607e-13
FALSE,20,8,winsfs_b500_w100,28,49.956,5.1159e-13
FALSE,20,8,winsfs_b500_w100,29,49.956,4.4764e-13
FALSE,20,8,winsfs_b500_w100,30,49.956,4.1922e-13
FALSE,20,8,winsfs_b500_w100,31,49.956,2.8422e-13
FALSE,20,8,winsfs_b500_w100,32,49.956,1.9895e-13
FALSE,20,8,winsfs_b500_w100,33,49.956,2.1316e-13
FALSE,20,8,winsfs_b500_w100,34,49.956,1.1369e-13
FALSE,20,8,winsfs_b500_w100,35,49.956,7.1054e-14
FALSE,20,8,winsfs_b500_w100,36,49.956,1.1369e-13
FALSE,20,8,winsfs_b500_w100,37,49.956,1.4211e-14
FALSE,20,8,winsfs_b500_w100,38,49.956,1.2079e-13
FALSE,20,8,winsfs_b500_w100,39,49.956,6.3949e-14
FALSE,20,8,winsfs_b500_w100,40,49.956,2.1316e-14
FALSE,20,8,winsfs_b500_w100,41,49.956,2.1316e-14
FALSE,20,8,winsfs_b500_w100,42,49.956,8.5265e-14
FALSE,20,8,winsfs_b500_w100,43,49.956,7.816e-14
FALSE,20,8,winsfs_b500_w100,44,49.956,4.9738e-14
FALSE,20,8,winsfs_b500_w100,45,49.956,4.9738e-14
FALSE,20,8,winsfs_b500_w100,46,49.956,1.4211e-14
FALSE,20,8,winsfs_b500_w100,47,49.956,3.5527e-14
FALSE,20,8,winsfs_b500_w100,48,49.956,4.9738e-14
FALSE,20,8,winsfs_b500_w100,49,49.956,2.8422e-14
FALSE,20,8,winsfs_b500_w100,50,49.956,2.8422e-14
FALSE,20,8,winsfs_b500_w250,2,49.954,7.7124
FALSE,20,8,winsfs_b500_w250,3,49.953,5.4743e-4
FALSE,20,8,winsfs_b500_w250,4,49.953,8.4736e-5
FALSE,20,8,winsfs_b500_w250,5,49.953,1.6508e-5
FALSE,20,8,winsfs_b500_w250,6,49.953,4.3484e-6
FALSE,20,8,winsfs_b500_w250,7,49.953,1.3372e-6
FALSE,20,8,winsfs_b500_w250,8,49.953,4.0581e-7
FALSE,20,8,winsfs_b500_w250,9,49.953,8.9065e-8
FALSE,20,8,winsfs_b500_w250,10,49.953,1.691e-8
FALSE,20,8,winsfs_b500_w250,11,49.953,4.6037e-8
FALSE,20,8,winsfs_b500_w250,12,49.953,4.7563e-8
FALSE,20,8,winsfs_b500_w250,13,49.953,4.0379e-8
FALSE,20,8,winsfs_b500_w250,14,49.953,3.1638e-8
FALSE,20,8,winsfs_b500_w250,15,49.953,2.382e-8
FALSE,20,8,winsfs_b500_w250,16,49.953,1.7556e-8
FALSE,20,8,winsfs_b500_w250,17,49.953,1.2797e-8
FALSE,20,8,winsfs_b500_w250,18,49.953,9.2825e-9
FALSE,20,8,winsfs_b500_w250,19,49.953,6.7277e-9
FALSE,20,8,winsfs_b500_w250,20,49.953,4.8865e-9
FALSE,20,8,winsfs_b500_w250,21,49.953,3.5648e-9
FALSE,20,8,winsfs_b500_w250,22,49.953,2.6161e-9
FALSE,20,8,winsfs_b500_w250,23,49.953,1.9341999999999998e-09
FALSE,20,8,winsfs_b500_w250,24,49.953,1.4424e-9
FALSE,20,8,winsfs_b500_w250,25,49.953,1.0858e-9
FALSE,20,8,winsfs_b500_w250,26,49.953,8.2573e-10
FALSE,20,8,winsfs_b500_w250,27,49.953,6.344e-10
FALSE,20,8,winsfs_b500_w250,28,49.953,4.9275e-10
FALSE,20,8,winsfs_b500_w250,29,49.953,3.8679e-10
FALSE,20,8,winsfs_b500_w250,30,49.953,3.0679e-10
FALSE,20,8,winsfs_b500_w250,31,49.953,2.4594e-10
FALSE,20,8,winsfs_b500_w250,32,49.953,1.9887e-10
FALSE,20,8,winsfs_b500_w250,33,49.953,1.6222e-10
FALSE,20,8,winsfs_b500_w250,34,49.953,1.3359e-10
FALSE,20,8,winsfs_b500_w250,35,49.953,1.1072e-10
FALSE,20,8,winsfs_b500_w250,36,49.953,9.2335e-11
FALSE,20,8,winsfs_b500_w250,37,49.953,7.7499e-11
FALSE,20,8,winsfs_b500_w250,38,49.953,6.5427e-11
FALSE,20,8,winsfs_b500_w250,39,49.953,5.5316e-11
FALSE,20,8,winsfs_b500_w250,40,49.953,4.713e-11
FALSE,20,8,winsfs_b500_w250,41,49.953,4.0195e-11
FALSE,20,8,winsfs_b500_w250,42,49.953,3.4447e-11
FALSE,20,8,winsfs_b500_w250,43,49.953,2.9544e-11
FALSE,20,8,winsfs_b500_w250,44,49.953,2.543e-11
FALSE,20,8,winsfs_b500_w250,45,49.953,2.1906e-11
FALSE,20,8,winsfs_b500_w250,46,49.953,1.8922e-11
FALSE,20,8,winsfs_b500_w250,47,49.953,1.6264e-11
FALSE,20,8,winsfs_b500_w250,48,49.953,1.4239e-11
FALSE,20,8,winsfs_b500_w250,49,49.953,1.2115e-11
FALSE,20,8,winsfs_b500_w250,50,49.953,1.2115e-11
FALSE,20,8,winsfs_b500_w500,2,49.954,7.7347
FALSE,20,8,winsfs_b500_w500,3,49.951,0.0030349
FALSE,20,8,winsfs_b500_w500,4,49.951,4.8598e-4
FALSE,20,8,winsfs_b500_w500,5,49.951,1.8629e-4
FALSE,20,8,winsfs_b500_w500,6,49.95,7.6827e-5
FALSE,20,8,winsfs_b500_w500,7,49.95,3.3748e-5
FALSE,20,8,winsfs_b500_w500,8,49.95,1.6209e-5
FALSE,20,8,winsfs_b500_w500,9,49.95,8.4428e-6
FALSE,20,8,winsfs_b500_w500,10,49.95,4.6832e-6
FALSE,20,8,winsfs_b500_w500,11,49.95,2.7222e-6
FALSE,20,8,winsfs_b500_w500,12,49.95,1.6375e-6
FALSE,20,8,winsfs_b500_w500,13,49.95,1.0096e-6
FALSE,20,8,winsfs_b500_w500,14,49.95,6.3333e-7
FALSE,20,8,winsfs_b500_w500,15,49.95,4.0178e-7
FALSE,20,8,winsfs_b500_w500,16,49.95,2.5646e-7
FALSE,20,8,winsfs_b500_w500,17,49.95,1.6392e-7
FALSE,20,8,winsfs_b500_w500,18,49.95,1.044e-7
FALSE,20,8,winsfs_b500_w500,19,49.95,6.5877e-8
FALSE,20,8,winsfs_b500_w500,20,49.95,4.087e-8
FALSE,20,8,winsfs_b500_w500,21,49.95,2.465e-8
FALSE,20,8,winsfs_b500_w500,22,49.95,1.4175e-8
FALSE,20,8,winsfs_b500_w500,23,49.95,7.4716e-9
FALSE,20,8,winsfs_b500_w500,24,49.95,3.2463e-9
FALSE,20,8,winsfs_b500_w500,25,49.95,6.4637e-10
FALSE,20,8,winsfs_b500_w500,26,49.95,8.9269e-10
FALSE,20,8,winsfs_b500_w500,27,49.95,1.7451e-9
FALSE,20,8,winsfs_b500_w500,28,49.95,2.1588e-9
FALSE,20,8,winsfs_b500_w500,29,49.95,2.2986e-9
FALSE,20,8,winsfs_b500_w500,30,49.95,2.2721e-9
FALSE,20,8,winsfs_b500_w500,31,49.95,2.1503e-9
FALSE,20,8,winsfs_b500_w500,32,49.95,1.9787e-9
FALSE,20,8,winsfs_b500_w500,33,49.95,1.7865e-9
FALSE,20,8,winsfs_b500_w500,34,49.95,1.5912e-9
FALSE,20,8,winsfs_b500_w500,35,49.95,1.4035e-9
FALSE,20,8,winsfs_b500_w500,36,49.95,1.2291e-9
FALSE,20,8,winsfs_b500_w500,37,49.95,1.0705e-9
FALSE,20,8,winsfs_b500_w500,38,49.95,9.2951e-10
FALSE,20,8,winsfs_b500_w500,39,49.95,8.0411e-10
FALSE,20,8,winsfs_b500_w500,40,49.95,6.9528e-10
FALSE,20,8,winsfs_b500_w500,41,49.95,5.997e-10
FALSE,20,8,winsfs_b500_w500,42,49.95,5.1782e-10
FALSE,20,8,winsfs_b500_w500,43,49.95,4.4653e-10
FALSE,20,8,winsfs_b500_w500,44,49.95,3.8559e-10
FALSE,20,8,winsfs_b500_w500,45,49.95,3.3337e-10
FALSE,20,8,winsfs_b500_w500,46,49.95,2.8849e-10
FALSE,20,8,winsfs_b500_w500,47,49.95,2.4969e-10
FALSE,20,8,winsfs_b500_w500,48,49.95,2.1662e-10
FALSE,20,8,winsfs_b500_w500,49,49.95,1.8797e-10
FALSE,20,8,winsfs_b500_w500,50,49.95,1.8797e-10
FALSE,5,2,winsfs_b500_w100,2,67.389,9.9348
FALSE,5,2,winsfs_b500_w100,3,67.36,0.02978
FALSE,5,2,winsfs_b500_w100,4,67.358,0.0015723
FALSE,5,2,winsfs_b500_w100,5,67.358,2.8009e-4
FALSE,5,2,winsfs_b500_w100,6,67.358,8.4203e-5
FALSE,5,2,winsfs_b500_w100,7,67.358,3.3501e-5
FALSE,5,2,winsfs_b500_w100,8,67.358,1.607e-5
FALSE,5,2,winsfs_b500_w100,9,67.358,8.9304e-6
FALSE,5,2,winsfs_b500_w100,10,67.357,5.6198e-6
FALSE,5,2,winsfs_b500_w100,11,67.357,3.9126e-6
FALSE,5,2,winsfs_b500_w100,12,67.357,2.9404e-6
FALSE,5,2,winsfs_b500_w100,13,67.357,2.3356e-6
FALSE,5,2,winsfs_b500_w100,14,67.357,1.9304e-6
FALSE,5,2,winsfs_b500_w100,15,67.357,1.6427e-6
FALSE,5,2,winsfs_b500_w100,16,67.357,1.4291e-6
FALSE,5,2,winsfs_b500_w100,17,67.357,1.2645e-6
FALSE,5,2,winsfs_b500_w100,18,67.357,1.1339e-6
FALSE,5,2,winsfs_b500_w100,19,67.357,1.0278e-6
FALSE,5,2,winsfs_b500_w100,20,67.357,9.3959e-7
FALSE,5,2,winsfs_b500_w100,21,67.357,8.6499e-7
FALSE,5,2,winsfs_b500_w100,22,67.357,8.009e-7
FALSE,5,2,winsfs_b500_w100,23,67.357,7.4509e-7
FALSE,5,2,winsfs_b500_w100,24,67.357,6.9595e-7
FALSE,5,2,winsfs_b500_w100,25,67.357,6.5227e-7
FALSE,5,2,winsfs_b500_w100,26,67.357,6.1311e-7
FALSE,5,2,winsfs_b500_w100,27,67.357,5.7778e-7
FALSE,5,2,winsfs_b500_w100,28,67.357,5.4572e-7
FALSE,5,2,winsfs_b500_w100,29,67.357,5.1647e-7
FALSE,5,2,winsfs_b500_w100,30,67.357,4.8966e-7
FALSE,5,2,winsfs_b500_w100,31,67.357,4.6501e-7
FALSE,5,2,winsfs_b500_w100,32,67.357,4.4227e-7
FALSE,5,2,winsfs_b500_w100,33,67.357,4.2122e-7
FALSE,5,2,winsfs_b500_w100,34,67.357,4.0168e-7
FALSE,5,2,winsfs_b500_w100,35,67.357,3.835e-7
FALSE,5,2,winsfs_b500_w100,36,67.357,3.6656e-7
FALSE,5,2,winsfs_b500_w100,37,67.357,3.5073e-7
FALSE,5,2,winsfs_b500_w100,38,67.357,3.3591e-7
FALSE,5,2,winsfs_b500_w100,39,67.357,3.2203e-7
FALSE,5,2,winsfs_b500_w100,40,67.357,3.0898e-7
FALSE,5,2,winsfs_b500_w100,41,67.357,2.9672e-7
FALSE,5,2,winsfs_b500_w100,42,67.357,2.8517e-7
FALSE,5,2,winsfs_b500_w100,43,67.357,2.7428e-7
FALSE,5,2,winsfs_b500_w100,44,67.357,2.64e-7
FALSE,5,2,winsfs_b500_w100,45,67.357,2.5428e-7
FALSE,5,2,winsfs_b500_w100,46,67.357,2.4509e-7
FALSE,5,2,winsfs_b500_w100,47,67.357,2.3638e-7
FALSE,5,2,winsfs_b500_w100,48,67.357,2.2812e-7
FALSE,5,2,winsfs_b500_w100,49,67.357,2.2029e-7
FALSE,5,2,winsfs_b500_w100,50,67.357,2.2029e-7
FALSE,5,2,winsfs_b500_w250,2,67.966,11.622
FALSE,5,2,winsfs_b500_w250,3,67.457,0.50883
FALSE,5,2,winsfs_b500_w250,4,67.379,0.077808
FALSE,5,2,winsfs_b500_w250,5,67.364,0.015247
FALSE,5,2,winsfs_b500_w250,6,67.36,0.00394
FALSE,5,2,winsfs_b500_w250,7,67.359,0.0013272
FALSE,5,2,winsfs_b500_w250,8,67.358,5.5158e-4
FALSE,5,2,winsfs_b500_w250,9,67.358,2.6674e-4
FALSE,5,2,winsfs_b500_w250,10,67.358,1.4361e-4
FALSE,5,2,winsfs_b500_w250,11,67.358,8.3691e-5
FALSE,5,2,winsfs_b500_w250,12,67.358,5.187e-5
FALSE,5,2,winsfs_b500_w250,13,67.358,3.3794e-5
FALSE,5,2,winsfs_b500_w250,14,67.358,2.2949e-5
FALSE,5,2,winsfs_b500_w250,15,67.357,1.6139e-5
FALSE,5,2,winsfs_b500_w250,16,67.357,1.1697e-5
FALSE,5,2,winsfs_b500_w250,17,67.357,8.7085e-6
FALSE,5,2,winsfs_b500_w250,18,67.357,6.6431e-6
FALSE,5,2,winsfs_b500_w250,19,67.357,5.1833e-6
FALSE,5,2,winsfs_b500_w250,20,67.357,4.1308e-6
FALSE,5,2,winsfs_b500_w250,21,67.357,3.3581e-6
FALSE,5,2,winsfs_b500_w250,22,67.357,2.7808e-6
FALSE,5,2,winsfs_b500_w250,23,67.357,2.3425e-6
FALSE,5,2,winsfs_b500_w250,24,67.357,2.0042e-6
FALSE,5,2,winsfs_b500_w250,25,67.357,1.739e-6
FALSE,5,2,winsfs_b500_w250,26,67.357,1.5279e-6
FALSE,5,2,winsfs_b500_w250,27,67.357,1.3574e-6
FALSE,5,2,winsfs_b500_w250,28,67.357,1.2179e-6
FALSE,5,2,winsfs_b500_w250,29,67.357,1.1021e-6
FALSE,5,2,winsfs_b500_w250,30,67.357,1.0051e-6
FALSE,5,2,winsfs_b500_w250,31,67.357,9.2272e-7
FALSE,5,2,winsfs_b500_w250,32,67.357,8.522e-7
FALSE,5,2,winsfs_b500_w250,33,67.357,7.9126e-7
FALSE,5,2,winsfs_b500_w250,34,67.357,7.3816e-7
FALSE,5,2,winsfs_b500_w250,35,67.357,6.9155e-7
FALSE,5,2,winsfs_b500_w250,36,67.357,6.5037e-7
FALSE,5,2,winsfs_b500_w250,37,67.357,6.1374999999999995e-07
FALSE,5,2,winsfs_b500_w250,38,67.357,5.8099e-7
FALSE,5,2,winsfs_b500_w250,39,67.357,5.5155e-7
FALSE,5,2,winsfs_b500_w250,40,67.357,5.2494e-7
FALSE,5,2,winsfs_b500_w250,41,67.357,5.0078e-7
FALSE,5,2,winsfs_b500_w250,42,67.357,4.7876e-7
FALSE,5,2,winsfs_b500_w250,43,67.357,4.586e-7
FALSE,5,2,winsfs_b500_w250,44,67.357,4.4006e-7
FALSE,5,2,winsfs_b500_w250,45,67.357,4.2297e-7
FALSE,5,2,winsfs_b500_w250,46,67.357,4.0714e-7
FALSE,5,2,winsfs_b500_w250,47,67.357,3.9244e-7
FALSE,5,2,winsfs_b500_w250,48,67.357,3.7875e-7
FALSE,5,2,winsfs_b500_w250,49,67.357,3.6596e-7
FALSE,5,2,winsfs_b500_w250,50,67.357,3.6596e-7
FALSE,5,2,winsfs_b500_w500,2,69.255,11.344
FALSE,5,2,winsfs_b500_w500,3,68.02,1.2347
FALSE,5,2,winsfs_b500_w500,4,67.616,0.40441
FALSE,5,2,winsfs_b500_w500,5,67.465,0.15052
FALSE,5,2,winsfs_b500_w500,6,67.406,0.059653
FALSE,5,2,winsfs_b500_w500,7,67.381,0.024977
FALSE,5,2,winsfs_b500_w500,8,67.37,0.01112
FALSE,5,2,winsfs_b500_w500,9,67.364,0.0052991
FALSE,5,2,winsfs_b500_w500,10,67.362,0.0027085
FALSE,5,2,winsfs_b500_w500,11,67.36,0.0014814
FALSE,5,2,winsfs_b500_w500,12,67.359,8.6224e-4
FALSE,5,2,winsfs_b500_w500,13,67.359,5.3039e-4
FALSE,5,2,winsfs_b500_w500,14,67.358,3.4223e-4
FALSE,5,2,winsfs_b500_w500,15,67.358,2.2996e-4
FALSE,5,2,winsfs_b500_w500,16,67.358,1.599e-4
FALSE,5,2,winsfs_b500_w500,17,67.358,1.1444e-4
FALSE,5,2,winsfs_b500_w500,18,67.358,8.3933e-5
FALSE,5,2,winsfs_b500_w500,19,67.358,6.2875e-5
FALSE,5,2,winsfs_b500_w500,20,67.358,4.7978e-5
FALSE,5,2,winsfs_b500_w500,21,67.358,3.7214e-5
FALSE,5,2,winsfs_b500_w500,22,67.358,2.929e-5
FALSE,5,2,winsfs_b500_w500,23,67.358,2.336e-5
FALSE,5,2,winsfs_b500_w500,24,67.357,1.8855e-5
FALSE,5,2,winsfs_b500_w500,25,67.357,1.5386e-5
FALSE,5,2,winsfs_b500_w500,26,67.357,1.2682e-5
FALSE,5,2,winsfs_b500_w500,27,67.357,1.0549e-5
FALSE,5,2,winsfs_b500_w500,28,67.357,8.85e-6
FALSE,5,2,winsfs_b500_w500,29,67.357,7.483e-6
FALSE,5,2,winsfs_b500_w500,30,67.357,6.3739e-6
FALSE,5,2,winsfs_b500_w500,31,67.357,5.4668e-6
FALSE,5,2,winsfs_b500_w500,32,67.357,4.7196e-6
FALSE,5,2,winsfs_b500_w500,33,67.357,4.0999e-6
FALSE,5,2,winsfs_b500_w500,34,67.357,3.5829e-6
FALSE,5,2,winsfs_b500_w500,35,67.357,3.1491e-6
FALSE,5,2,winsfs_b500_w500,36,67.357,2.7832e-6
FALSE,5,2,winsfs_b500_w500,37,67.357,2.473e-6
FALSE,5,2,winsfs_b500_w500,38,67.357,2.2087e-6
FALSE,5,2,winsfs_b500_w500,39,67.357,1.9826e-6
FALSE,5,2,winsfs_b500_w500,40,67.357,1.7883e-6
FALSE,5,2,winsfs_b500_w500,41,67.357,1.6206e-6
FALSE,5,2,winsfs_b500_w500,42,67.357,1.4752e-6
FALSE,5,2,winsfs_b500_w500,43,67.357,1.3486e-6
FALSE,5,2,winsfs_b500_w500,44,67.357,1.238e-6
FALSE,5,2,winsfs_b500_w500,45,67.357,1.141e-6
FALSE,5,2,winsfs_b500_w500,46,67.357,1.0555e-6
FALSE,5,2,winsfs_b500_w500,47,67.357,9.7987e-7
FALSE,5,2,winsfs_b500_w500,48,67.357,9.1275e-7
FALSE,5,2,winsfs_b500_w500,49,67.357,8.5293e-7
FALSE,5,2,winsfs_b500_w500,50,67.357,8.5293e-7
FALSE,5,4,winsfs_b500_w100,2,74.118,6.24
FALSE,5,4,winsfs_b500_w100,3,74.118,7.8707e-5
FALSE,5,4,winsfs_b500_w100,4,74.118,3.8979e-6
FALSE,5,4,winsfs_b500_w100,5,74.118,1.1101e-6
FALSE,5,4,winsfs_b500_w100,6,74.118,4.7024e-7
FALSE,5,4,winsfs_b500_w100,7,74.118,2.4017e-7
FALSE,5,4,winsfs_b500_w100,8,74.118,1.356e-7
FALSE,5,4,winsfs_b500_w100,9,74.118,8.1696e-8
FALSE,5,4,winsfs_b500_w100,10,74.118,5.1773e-8
FALSE,5,4,winsfs_b500_w100,11,74.118,3.4274e-8
FALSE,5,4,winsfs_b500_w100,12,74.118,2.3582e-8
FALSE,5,4,winsfs_b500_w100,13,74.118,1.6781e-8
FALSE,5,4,winsfs_b500_w100,14,74.118,1.2287e-8
FALSE,5,4,winsfs_b500_w100,15,74.118,9.212e-9
FALSE,5,4,winsfs_b500_w100,16,74.118,7.0423999999999996e-09
FALSE,5,4,winsfs_b500_w100,17,74.118,5.4707e-9
FALSE,5,4,winsfs_b500_w100,18,74.118,4.3064e-9
FALSE,5,4,winsfs_b500_w100,19,74.118,3.4282e-9
FALSE,5,4,winsfs_b500_w100,20,74.118,2.7556e-9
FALSE,5,4,winsfs_b500_w100,21,74.118,2.2341e-9
FALSE,5,4,winsfs_b500_w100,22,74.118,1.8251e-9
FALSE,5,4,winsfs_b500_w100,23,74.118,1.5014e-9
FALSE,5,4,winsfs_b500_w100,24,74.118,1.243e-9
FALSE,5,4,winsfs_b500_w100,25,74.118,1.035e-9
FALSE,5,4,winsfs_b500_w100,26,74.118,8.6663e-10
FALSE,5,4,winsfs_b500_w100,27,74.118,7.2947e-10
FALSE,5,4,winsfs_b500_w100,28,74.118,6.1659e-10
FALSE,5,4,winsfs_b500_w100,29,74.118,5.2361e-10
FALSE,5,4,winsfs_b500_w100,30,74.118,4.4638e-10
FALSE,5,4,winsfs_b500_w100,31,74.118,3.819e-10
FALSE,5,4,winsfs_b500_w100,32,74.118,3.2773e-10
FALSE,5,4,winsfs_b500_w100,33,74.118,2.8217e-10
FALSE,5,4,winsfs_b500_w100,34,74.118,2.4359e-10
FALSE,5,4,winsfs_b500_w100,35,74.118,2.1079e-10
FALSE,5,4,winsfs_b500_w100,36,74.118,1.8302e-10
FALSE,5,4,winsfs_b500_w100,37,74.118,1.5883e-10
FALSE,5,4,winsfs_b500_w100,38,74.118,1.3841e-10
FALSE,5,4,winsfs_b500_w100,39,74.118,1.2064e-10
FALSE,5,4,winsfs_b500_w100,40,74.118,1.0537e-10
FALSE,5,4,winsfs_b500_w100,41,74.118,9.2129e-11
FALSE,5,4,winsfs_b500_w100,42,74.118,8.0618e-11
FALSE,5,4,winsfs_b500_w100,43,74.118,7.0685e-11
FALSE,5,4,winsfs_b500_w100,44,74.118,6.1831e-11
FALSE,5,4,winsfs_b500_w100,45,74.118,5.4285e-11
FALSE,5,4,winsfs_b500_w100,46,74.118,4.7663e-11
FALSE,5,4,winsfs_b500_w100,47,74.118,4.168e-11
FALSE,5,4,winsfs_b500_w100,48,74.118,3.6636e-11
FALSE,5,4,winsfs_b500_w100,49,74.118,3.2287e-11
FALSE,5,4,winsfs_b500_w100,50,74.118,3.2287e-11
FALSE,5,4,winsfs_b500_w250,2,74.137,6.7517
FALSE,5,4,winsfs_b500_w250,3,74.119,0.01825
FALSE,5,4,winsfs_b500_w250,4,74.118,3.6813e-4
FALSE,5,4,winsfs_b500_w250,5,74.118,2.5521e-5
FALSE,5,4,winsfs_b500_w250,6,74.118,6.2046e-6
FALSE,5,4,winsfs_b500_w250,7,74.118,2.7823e-6
FALSE,5,4,winsfs_b500_w250,8,74.118,1.5387e-6
FALSE,5,4,winsfs_b500_w250,9,74.118,9.417e-7
FALSE,5,4,winsfs_b500_w250,10,74.118,6.1621e-7
FALSE,5,4,winsfs_b500_w250,11,74.118,4.2365e-7
FALSE,5,4,winsfs_b500_w250,12,74.118,3.0247e-7
FALSE,5,4,winsfs_b500_w250,13,74.118,2.2238e-7
FALSE,5,4,winsfs_b500_w250,14,74.118,1.6733e-7
FALSE,5,4,winsfs_b500_w250,15,74.118,1.2827e-7
FALSE,5,4,winsfs_b500_w250,16,74.118,9.9837e-8
FALSE,5,4,winsfs_b500_w250,17,74.118,7.8709e-8
FALSE,5,4,winsfs_b500_w250,18,74.118,6.2742e-8
FALSE,5,4,winsfs_b500_w250,19,74.118,5.0507e-8
FALSE,5,4,winsfs_b500_w250,20,74.118,4.102e-8
FALSE,5,4,winsfs_b500_w250,21,74.118,3.3589e-8
FALSE,5,4,winsfs_b500_w250,22,74.118,2.7716e-8
FALSE,5,4,winsfs_b500_w250,23,74.118,2.3037e-8
FALSE,5,4,winsfs_b500_w250,24,74.118,1.9279e-8
FALSE,5,4,winsfs_b500_w250,25,74.118,1.624e-8
FALSE,5,4,winsfs_b500_w250,26,74.118,1.3766e-8
FALSE,5,4,winsfs_b500_w250,27,74.118,1.1738e-8
FALSE,5,4,winsfs_b500_w250,28,74.118,1.0064e-8
FALSE,5,4,winsfs_b500_w250,29,74.118,8.6747e-9
FALSE,5,4,winsfs_b500_w250,30,74.118,7.514e-9
FALSE,5,4,winsfs_b500_w250,31,74.118,6.5388e-9
FALSE,5,4,winsfs_b500_w250,32,74.118,5.715e-9
FALSE,5,4,winsfs_b500_w250,33,74.118,5.0146e-9
FALSE,5,4,winsfs_b500_w250,34,74.118,4.4166e-9
FALSE,5,4,winsfs_b500_w250,35,74.118,3.9034e-9
FALSE,5,4,winsfs_b500_w250,36,74.118,3.4607e-9
FALSE,5,4,winsfs_b500_w250,37,74.118,3.0772e-9
FALSE,5,4,winsfs_b500_w250,38,74.118,2.7438e-9
FALSE,5,4,winsfs_b500_w250,39,74.118,2.4525e-9
FALSE,5,4,winsfs_b500_w250,40,74.118,2.1971e-9
FALSE,5,4,winsfs_b500_w250,41,74.118,1.9729e-9
FALSE,5,4,winsfs_b500_w250,42,74.118,1.7747e-9
FALSE,5,4,winsfs_b500_w250,43,74.118,1.5997e-9
FALSE,5,4,winsfs_b500_w250,44,74.118,1.4442e-9
FALSE,5,4,winsfs_b500_w250,45,74.118,1.306e-9
FALSE,5,4,winsfs_b500_w250,46,74.118,1.1829e-9
FALSE,5,4,winsfs_b500_w250,47,74.118,1.0729e-9
FALSE,5,4,winsfs_b500_w250,48,74.118,9.7423e-10
FALSE,5,4,winsfs_b500_w250,49,74.118,8.8585e-10
FALSE,5,4,winsfs_b500_w250,50,74.118,8.8585e-10
FALSE,5,4,winsfs_b500_w500,2,74.297,6.884
FALSE,5,4,winsfs_b500_w500,3,74.137,0.16041
FALSE,5,4,winsfs_b500_w500,4,74.12,0.01639
FALSE,5,4,winsfs_b500_w500,5,74.118,0.0020087
FALSE,5,4,winsfs_b500_w500,6,74.118,3.1638e-4
FALSE,5,4,winsfs_b500_w500,7,74.118,6.564e-5
FALSE,5,4,winsfs_b500_w500,8,74.118,1.8643e-5
FALSE,5,4,winsfs_b500_w500,9,74.118,7.3873e-6
FALSE,5,4,winsfs_b500_w500,10,74.118,3.8497e-6
FALSE,5,4,winsfs_b500_w500,11,74.118,2.3897e-6
FALSE,5,4,winsfs_b500_w500,12,74.118,1.6382e-6
FALSE,5,4,winsfs_b500_w500,13,74.118,1.1894e-6
FALSE,5,4,winsfs_b500_w500,14,74.118,8.9577e-7
FALSE,5,4,winsfs_b500_w500,15,74.118,6.9236e-7
FALSE,5,4,winsfs_b500_w500,16,74.118,5.4598e-7
FALSE,5,4,winsfs_b500_w500,17,74.118,4.3766e-7
FALSE,5,4,winsfs_b500_w500,18,74.118,3.5573e-7
FALSE,5,4,winsfs_b500_w500,19,74.118,2.9263e-7
FALSE,5,4,winsfs_b500_w500,20,74.118,2.4325e-7
FALSE,5,4,winsfs_b500_w500,21,74.118,2.0407e-7
FALSE,5,4,winsfs_b500_w500,22,74.118,1.7261e-7
FALSE,5,4,winsfs_b500_w500,23,74.118,1.4706e-7
FALSE,5,4,winsfs_b500_w500,24,74.118,1.2611e-7
FALSE,5,4,winsfs_b500_w500,25,74.118,1.0877e-7
FALSE,5,4,winsfs_b500_w500,26,74.118,9.4302e-8
FALSE,5,4,winsfs_b500_w500,27,74.118,8.2145e-8
FALSE,5,4,winsfs_b500_w500,28,74.118,7.186e-8
FALSE,5,4,winsfs_b500_w500,29,74.118,6.3107e-8
FALSE,5,4,winsfs_b500_w500,30,74.118,5.5617e-8
FALSE,5,4,winsfs_b500_w500,31,74.118,4.9176e-8
FALSE,5,4,winsfs_b500_w500,32,74.118,4.3614e-8
FALSE,5,4,winsfs_b500_w500,33,74.118,3.879e-8
FALSE,5,4,winsfs_b500_w500,34,74.118,3.4591e-8
FALSE,5,4,winsfs_b500_w500,35,74.118,3.0924e-8
FALSE,5,4,winsfs_b500_w500,36,74.118,2.7712e-8
FALSE,5,4,winsfs_b500_w500,37,74.118,2.4889e-8
FALSE,5,4,winsfs_b500_w500,38,74.118,2.2403e-8
FALSE,5,4,winsfs_b500_w500,39,74.118,2.0207e-8
FALSE,5,4,winsfs_b500_w500,40,74.118,1.8264e-8
FALSE,5,4,winsfs_b500_w500,41,74.118,1.6539e-8
FALSE,5,4,winsfs_b500_w500,42,74.118,1.5006e-8
FALSE,5,4,winsfs_b500_w500,43,74.118,1.364e-8
FALSE,5,4,winsfs_b500_w500,44,74.118,1.242e-8
FALSE,5,4,winsfs_b500_w500,45,74.118,1.1329e-8
FALSE,5,4,winsfs_b500_w500,46,74.118,1.0352e-8
FALSE,5,4,winsfs_b500_w500,47,74.118,9.474e-9
FALSE,5,4,winsfs_b500_w500,48,74.118,8.6849e-9
FALSE,5,4,winsfs_b500_w500,49,74.118,7.9743e-9
FALSE,5,4,winsfs_b500_w500,50,74.118,7.9743e-9
FALSE,5,8,winsfs_b500_w100,2,39.659,4.9282
FALSE,5,8,winsfs_b500_w100,3,39.658,1.8792e-5
FALSE,5,8,winsfs_b500_w100,4,39.658,3.646e-7
FALSE,5,8,winsfs_b500_w100,5,39.658,5.105e-8
FALSE,5,8,winsfs_b500_w100,6,39.658,1.9792e-9
FALSE,5,8,winsfs_b500_w100,7,39.658,7.3854e-11
FALSE,5,8,winsfs_b500_w100,8,39.658,2.8209e-12
FALSE,5,8,winsfs_b500_w100,9,39.658,5.6843e-14
FALSE,5,8,winsfs_b500_w100,10,39.658,1.4211e-14
FALSE,5,8,winsfs_b500_w100,11,39.658,0
FALSE,5,8,winsfs_b500_w250,2,39.658,4.9494
FALSE,5,8,winsfs_b500_w250,3,39.658,6.9107e-6
FALSE,5,8,winsfs_b500_w250,4,39.658,1.4093e-5
FALSE,5,8,winsfs_b500_w250,5,39.658,1.3839e-5
FALSE,5,8,winsfs_b500_w250,6,39.658,3.0648e-6
FALSE,5,8,winsfs_b500_w250,7,39.658,2.1614e-7
FALSE,5,8,winsfs_b500_w250,8,39.658,1.9654e-7
FALSE,5,8,winsfs_b500_w250,9,39.658,6.0426e-8
FALSE,5,8,winsfs_b500_w250,10,39.658,1.5844e-8
FALSE,5,8,winsfs_b500_w250,11,39.658,4.0045e-9
FALSE,5,8,winsfs_b500_w250,12,39.658,1.0031e-9
FALSE,5,8,winsfs_b500_w250,13,39.658,2.5067e-10
FALSE,5,8,winsfs_b500_w250,14,39.658,6.2627e-11
FALSE,5,8,winsfs_b500_w250,15,39.658,1.5618e-11
FALSE,5,8,winsfs_b500_w250,16,39.658,3.9151e-12
FALSE,5,8,winsfs_b500_w250,17,39.658,9.9476e-13
FALSE,5,8,winsfs_b500_w250,18,39.658,2.4158e-13
FALSE,5,8,winsfs_b500_w250,19,39.658,8.5265e-14
FALSE,5,8,winsfs_b500_w250,20,39.658,0
FALSE,5,8,winsfs_b500_w500,2,39.658,4.9589
FALSE,5,8,winsfs_b500_w500,3,39.658,5.1264e-4
FALSE,5,8,winsfs_b500_w500,4,39.658,3.0833e-6
FALSE,5,8,winsfs_b500_w500,5,39.658,3.3709e-6
FALSE,5,8,winsfs_b500_w500,6,39.658,6.9217e-6
FALSE,5,8,winsfs_b500_w500,7,39.658,9.9797e-6
FALSE,5,8,winsfs_b500_w500,8,39.658,9.3558e-6
FALSE,5,8,winsfs_b500_w500,9,39.658,5.4691e-6
FALSE,5,8,winsfs_b500_w500,10,39.658,2.018e-6
FALSE,5,8,winsfs_b500_w500,11,39.658,4.4282e-7
FALSE,5,8,winsfs_b500_w500,12,39.658,9.8935e-10
FALSE,5,8,winsfs_b500_w500,13,39.658,6.4818e-8
FALSE,5,8,winsfs_b500_w500,14,39.658,4.7885e-8
FALSE,5,8,winsfs_b500_w500,15,39.658,2.7044e-8
FALSE,5,8,winsfs_b500_w500,16,39.658,1.3921e-8
FALSE,5,8,winsfs_b500_w500,17,39.658,6.8908e-9
FALSE,5,8,winsfs_b500_w500,18,39.658,3.351e-9
FALSE,5,8,winsfs_b500_w500,19,39.658,1.6165e-9
FALSE,5,8,winsfs_b500_w500,20,39.658,7.7657e-10
FALSE,5,8,winsfs_b500_w500,21,39.658,3.723e-10
FALSE,5,8,winsfs_b500_w500,22,39.658,1.785e-10
FALSE,5,8,winsfs_b500_w500,23,39.658,8.545e-11
FALSE,5,8,winsfs_b500_w500,24,39.658,4.0941e-11
FALSE,5,8,winsfs_b500_w500,25,39.658,1.9668e-11
FALSE,5,8,winsfs_b500_w500,26,39.658,9.2939e-12
FALSE,5,8,winsfs_b500_w500,27,39.658,4.5617e-12
FALSE,5,8,winsfs_b500_w500,28,39.658,2.1103e-12
FALSE,5,8,winsfs_b500_w500,29,39.658,1.009e-12
FALSE,5,8,winsfs_b500_w500,30,39.658,5.1159e-13
FALSE,5,8,winsfs_b500_w500,31,39.658,2.4869e-13
FALSE,5,8,winsfs_b500_w500,32,39.658,7.1054e-14
FALSE,5,8,winsfs_b500_w500,33,39.658,9.2371e-14
FALSE,5,8,winsfs_b500_w500,34,39.658,3.5527e-14
FALSE,5,8,winsfs_b500_w500,35,39.658,1.4921e-13
FALSE,5,8,winsfs_b500_w500,36,39.658,4.2633e-14
FALSE,5,8,winsfs_b500_w500,37,39.658,1.4211e-14
FALSE,5,8,winsfs_b500_w500,38,39.658,1.4211e-14
FALSE,5,8,winsfs_b500_w500,39,39.658,2.8422e-14
FALSE,5,8,winsfs_b500_w500,40,39.658,0
TRUE,20,2,winsfs_b500_w100,2,133.69,14.611
TRUE,20,2,winsfs_b500_w100,3,133.6,0.092479
TRUE,20,2,winsfs_b500_w100,4,133.59,0.0048497
TRUE,20,2,winsfs_b500_w100,5,133.59,9.6693e-4
TRUE,20,2,winsfs_b500_w100,6,133.59,3.6201e-4
TRUE,20,2,winsfs_b500_w100,7,133.59,1.848e-4
TRUE,20,2,winsfs_b500_w100,8,133.59,1.1364e-4
TRUE,20,2,winsfs_b500_w100,9,133.59,7.8761e-5
TRUE,20,2,winsfs_b500_w100,10,133.59,5.906e-5
TRUE,20,2,winsfs_b500_w100,11,133.59,4.6685e-5
TRUE,20,2,winsfs_b500_w100,12,133.59,3.827e-5
TRUE,20,2,winsfs_b500_w100,13,133.59,3.2197e-5
TRUE,20,2,winsfs_b500_w100,14,133.59,2.7616e-5
TRUE,20,2,winsfs_b500_w100,15,133.59,2.4042e-5
TRUE,20,2,winsfs_b500_w100,16,133.59,2.1183e-5
TRUE,20,2,winsfs_b500_w100,17,133.59,1.8848e-5
TRUE,20,2,winsfs_b500_w100,18,133.59,1.691e-5
TRUE,20,2,winsfs_b500_w100,19,133.59,1.5281e-5
TRUE,20,2,winsfs_b500_w100,20,133.59,1.3896e-5
TRUE,20,2,winsfs_b500_w100,21,133.59,1.2706e-5
TRUE,20,2,winsfs_b500_w100,22,133.59,1.1677e-5
TRUE,20,2,winsfs_b500_w100,23,133.59,1.0778e-5
TRUE,20,2,winsfs_b500_w100,24,133.59,9.9898e-6
TRUE,20,2,winsfs_b500_w100,25,133.59,9.2933e-6
TRUE,20,2,winsfs_b500_w100,26,133.59,8.6746e-6
TRUE,20,2,winsfs_b500_w100,27,133.59,8.1224e-6
TRUE,20,2,winsfs_b500_w100,28,133.59,7.6272e-6
TRUE,20,2,winsfs_b500_w100,29,133.59,7.1812e-6
TRUE,20,2,winsfs_b500_w100,30,133.59,6.7779e-6
TRUE,20,2,winsfs_b500_w100,31,133.59,6.4118e-6
TRUE,20,2,winsfs_b500_w100,32,133.59,6.0784e-6
TRUE,20,2,winsfs_b500_w100,33,133.59,5.7737e-6
TRUE,20,2,winsfs_b500_w100,34,133.59,5.4944e-6
TRUE,20,2,winsfs_b500_w100,35,133.59,5.2376e-6
TRUE,20,2,winsfs_b500_w100,36,133.59,5.0009e-6
TRUE,20,2,winsfs_b500_w100,37,133.59,4.7822e-6
TRUE,20,2,winsfs_b500_w100,38,133.59,4.5795e-6
TRUE,20,2,winsfs_b500_w100,39,133.59,4.3913e-6
TRUE,20,2,winsfs_b500_w100,40,133.59,4.2162e-6
TRUE,20,2,winsfs_b500_w100,41,133.59,4.0528e-6
TRUE,20,2,winsfs_b500_w100,42,133.59,3.9002e-6
TRUE,20,2,winsfs_b500_w100,43,133.59,3.7573e-6
TRUE,20,2,winsfs_b500_w100,44,133.59,3.6233e-6
TRUE,20,2,winsfs_b500_w100,45,133.59,3.4974e-6
TRUE,20,2,winsfs_b500_w100,46,133.59,3.3789e-6
TRUE,20,2,winsfs_b500_w100,47,133.59,3.2673e-6
TRUE,20,2,winsfs_b500_w100,48,133.59,3.1619e-6
TRUE,20,2,winsfs_b500_w100,49,133.59,3.0623e-6
TRUE,20,2,winsfs_b500_w100,50,133.59,3.0623e-6
TRUE,20,2,winsfs_b500_w250,2,135.03,16.724
TRUE,20,2,winsfs_b500_w250,3,133.88,1.1516
TRUE,20,2,winsfs_b500_w250,4,133.66,0.22444
TRUE,20,2,winsfs_b500_w250,5,133.61,0.048101
TRUE,20,2,winsfs_b500_w250,6,133.6,0.012295
TRUE,20,2,winsfs_b500_w250,7,133.59,0.0040386
TRUE,20,2,winsfs_b500_w250,8,133.59,0.0016855
TRUE,20,2,winsfs_b500_w250,9,133.59,8.4617e-4
TRUE,20,2,winsfs_b500_w250,10,133.59,4.8483e-4
TRUE,20,2,winsfs_b500_w250,11,133.59,3.0548e-4
TRUE,20,2,winsfs_b500_w250,12,133.59,2.0663e-4
TRUE,20,2,winsfs_b500_w250,13,133.59,1.4771e-4
TRUE,20,2,winsfs_b500_w250,14,133.59,1.1038e-4
TRUE,20,2,winsfs_b500_w250,15,133.59,8.5545e-5
TRUE,20,2,winsfs_b500_w250,16,133.59,6.8346e-5
TRUE,20,2,winsfs_b500_w250,17,133.59,5.602e-5
TRUE,20,2,winsfs_b500_w250,18,133.59,4.6919e-5
TRUE,20,2,winsfs_b500_w250,19,133.59,4.0024e-5
TRUE,20,2,winsfs_b500_w250,20,133.59,3.4679e-5
TRUE,20,2,winsfs_b500_w250,21,133.59,3.0449e-5
TRUE,20,2,winsfs_b500_w250,22,133.59,2.7039e-5
TRUE,20,2,winsfs_b500_w250,23,133.59,2.4245e-5
TRUE,20,2,winsfs_b500_w250,24,133.59,2.1922e-5
TRUE,20,2,winsfs_b500_w250,25,133.59,1.9964e-5
TRUE,20,2,winsfs_b500_w250,26,133.59,1.8295e-5
TRUE,20,2,winsfs_b500_w250,27,133.59,1.6857e-5
TRUE,20,2,winsfs_b500_w250,28,133.59,1.5605e-5
TRUE,20,2,winsfs_b500_w250,29,133.59,1.4507e-5
TRUE,20,2,winsfs_b500_w250,30,133.59,1.3536e-5
TRUE,20,2,winsfs_b500_w250,31,133.59,1.2672e-5
TRUE,20,2,winsfs_b500_w250,32,133.59,1.1899e-5
TRUE,20,2,winsfs_b500_w250,33,133.59,1.1202e-5
TRUE,20,2,winsfs_b500_w250,34,133.59,1.0572e-5
TRUE,20,2,winsfs_b500_w250,35,133.59,9.9998e-6
TRUE,20,2,winsfs_b500_w250,36,133.59,9.4775e-6
TRUE,20,2,winsfs_b500_w250,37,133.59,8.9992e-6
TRUE,20,2,winsfs_b500_w250,38,133.59,8.5599e-6
TRUE,20,2,winsfs_b500_w250,39,133.59,8.1551e-6
TRUE,20,2,winsfs_b500_w250,40,133.59,7.781e-6
TRUE,20,2,winsfs_b500_w250,41,133.59,7.4345e-6
TRUE,20,2,winsfs_b500_w250,42,133.59,7.1128e-6
TRUE,20,2,winsfs_b500_w250,43,133.59,6.8134e-6
TRUE,20,2,winsfs_b500_w250,44,133.59,6.5343e-6
TRUE,20,2,winsfs_b500_w250,45,133.59,6.2735e-6
TRUE,20,2,winsfs_b500_w250,46,133.59,6.0294e-6
TRUE,20,2,winsfs_b500_w250,47,133.59,5.8006e-6
TRUE,20,2,winsfs_b500_w250,48,133.59,5.5858e-6
TRUE,20,2,winsfs_b500_w250,49,133.59,5.3838e-6
TRUE,20,2,winsfs_b500_w250,50,133.59,5.3838e-6
TRUE,20,2,winsfs_b500_w500,2,137.35,15.809
TRUE,20,2,winsfs_b500_w500,3,135.15,2.1976
TRUE,20,2,winsfs_b500_w500,4,134.28,0.86973
TRUE,20,2,winsfs_b500_w500,5,133.9,0.37573
TRUE,20,2,winsfs_b500_w500,6,133.74,0.16681000000000001
TRUE,20,2,winsfs_b500_w500,7,133.66,0.075221
TRUE,20,2,winsfs_b500_w500,8,133.63,0.034734
TRUE,20,2,winsfs_b500_w500,9,133.61,0.016679
TRUE,20,2,winsfs_b500_w500,10,133.6,0.0084491
TRUE,20,2,winsfs_b500_w500,11,133.6,0.0045546
TRUE,20,2,winsfs_b500_w500,12,133.6,0.0026194
TRUE,20,2,winsfs_b500_w500,13,133.59,0.001603
TRUE,20,2,winsfs_b500_w500,14,133.59,0.0010379
TRUE,20,2,winsfs_b500_w500,15,133.59,7.0593e-4
TRUE,20,2,winsfs_b500_w500,16,133.59,5.0073e-4
TRUE,20,2,winsfs_b500_w500,17,133.59,3.6803e-4
TRUE,20,2,winsfs_b500_w500,18,133.59,2.7874e-4
TRUE,20,2,winsfs_b500_w500,19,133.59,2.1656e-4
TRUE,20,2,winsfs_b500_w500,20,133.59,1.7197e-4
TRUE,20,2,winsfs_b500_w500,21,133.59,1.3917e-4
TRUE,20,2,winsfs_b500_w500,22,133.59,1.1451e-4
TRUE,20,2,winsfs_b500_w500,23,133.59,9.56e-5
TRUE,20,2,winsfs_b500_w500,24,133.59,8.0856e-5
TRUE,20,2,winsfs_b500_w500,25,133.59,6.9188e-5
TRUE,20,2,winsfs_b500_w500,26,133.59,5.9827e-5
TRUE,20,2,winsfs_b500_w500,27,133.59,5.2228e-5
TRUE,20,2,winsfs_b500_w500,28,133.59,4.599e-5
TRUE,20,2,winsfs_b500_w500,29,133.59,4.0818e-5
TRUE,20,2,winsfs_b500_w500,30,133.59,3.649e-5
TRUE,20,2,winsfs_b500_w500,31,133.59,3.2838e-5
TRUE,20,2,winsfs_b500_w500,32,133.59,2.9732e-5
TRUE,20,2,winsfs_b500_w500,33,133.59,2.7071e-5
TRUE,20,2,winsfs_b500_w500,34,133.59,2.4775e-5
TRUE,20,2,winsfs_b500_w500,35,133.59,2.2781e-5
TRUE,20,2,winsfs_b500_w500,36,133.59,2.104e-5
TRUE,20,2,winsfs_b500_w500,37,133.59,1.951e-5
TRUE,20,2,winsfs_b500_w500,38,133.59,1.8159e-5
TRUE,20,2,winsfs_b500_w500,39,133.59,1.6959e-5
TRUE,20,2,winsfs_b500_w500,40,133.59,1.5889e-5
TRUE,20,2,winsfs_b500_w500,41,133.59,1.493e-5
TRUE,20,2,winsfs_b500_w500,42,133.59,1.4067e-5
TRUE,20,2,winsfs_b500_w500,43,133.59,1.3288e-5
TRUE,20,2,winsfs_b500_w500,44,133.59,1.258e-5
TRUE,20,2,winsfs_b500_w500,45,133.59,1.1936e-5
TRUE,20,2,winsfs_b500_w500,46,133.59,1.1348e-5
TRUE,20,2,winsfs_b500_w500,47,133.59,1.0809e-5
TRUE,20,2,winsfs_b500_w500,48,133.59,1.0313e-5
TRUE,20,2,winsfs_b500_w500,49,133.59,9.8556e-6
TRUE,20,2,winsfs_b500_w500,50,133.59,9.8556e-6
TRUE,20,4,winsfs_b500_w100,2,111.09,9.6443
TRUE,20,4,winsfs_b500_w100,3,111.09,8.7468e-4
TRUE,20,4,winsfs_b500_w100,4,111.09,3.5279e-4
TRUE,20,4,winsfs_b500_w100,5,111.09,2.3432e-4
TRUE,20,4,winsfs_b500_w100,6,111.09,1.7158e-4
TRUE,20,4,winsfs_b500_w100,7,111.09,1.3267e-4
TRUE,20,4,winsfs_b500_w100,8,111.09,1.0631e-4
TRUE,20,4,winsfs_b500_w100,9,111.09,8.7432e-5
TRUE,20,4,winsfs_b500_w100,10,111.09,7.3376e-5
TRUE,20,4,winsfs_b500_w100,11,111.09,6.2616e-5
TRUE,20,4,winsfs_b500_w100,12,111.09,5.4202e-5
TRUE,20,4,winsfs_b500_w100,13,111.09,4.7509e-5
TRUE,20,4,winsfs_b500_w100,14,111.09,4.2106e-5
TRUE,20,4,winsfs_b500_w100,15,111.09,3.7686e-5
TRUE,20,4,winsfs_b500_w100,16,111.09,3.4027e-5
TRUE,20,4,winsfs_b500_w100,17,111.09,3.0961e-5
TRUE,20,4,winsfs_b500_w100,18,111.09,2.8365e-5
TRUE,20,4,winsfs_b500_w100,19,111.09,2.6142e-5
TRUE,20,4,winsfs_b500_w100,20,111.09,2.4221e-5
TRUE,20,4,winsfs_b500_w100,21,111.09,2.2543e-5
TRUE,20,4,winsfs_b500_w100,22,111.09,2.1065e-5
TRUE,20,4,winsfs_b500_w100,23,111.09,1.9752e-5
TRUE,20,4,winsfs_b500_w100,24,111.09,1.8577e-5
TRUE,20,4,winsfs_b500_w100,25,111.09,1.7517e-5
TRUE,20,4,winsfs_b500_w100,26,111.09,1.6556e-5
TRUE,20,4,winsfs_b500_w100,27,111.09,1.5679e-5
TRUE,20,4,winsfs_b500_w100,28,111.09,1.4874e-5
TRUE,20,4,winsfs_b500_w100,29,111.09,1.4132e-5
TRUE,20,4,winsfs_b500_w100,30,111.09,1.3445e-5
TRUE,20,4,winsfs_b500_w100,31,111.09,1.2808e-5
TRUE,20,4,winsfs_b500_w100,32,111.09,1.2213e-5
TRUE,20,4,winsfs_b500_w100,33,111.09,1.1657e-5
TRUE,20,4,winsfs_b500_w100,34,111.09,1.1135e-5
TRUE,20,4,winsfs_b500_w100,35,111.09,1.0646e-5
TRUE,20,4,winsfs_b500_w100,36,111.09,1.0184e-5
TRUE,20,4,winsfs_b500_w100,37,111.09,9.7488e-6
TRUE,20,4,winsfs_b500_w100,38,111.09,9.3374e-6
TRUE,20,4,winsfs_b500_w100,39,111.09,8.9479e-6
TRUE,20,4,winsfs_b500_w100,40,111.09,8.5788e-6
TRUE,20,4,winsfs_b500_w100,41,111.09,8.2286e-6
TRUE,20,4,winsfs_b500_w100,42,111.09,7.8958e-6
TRUE,20,4,winsfs_b500_w100,43,111.09,7.5794e-6
TRUE,20,4,winsfs_b500_w100,44,111.09,7.2783e-6
TRUE,20,4,winsfs_b500_w100,45,111.09,6.9915e-6
TRUE,20,4,winsfs_b500_w100,46,111.09,6.7182e-6
TRUE,20,4,winsfs_b500_w100,47,111.09,6.4576e-6
TRUE,20,4,winsfs_b500_w100,48,111.09,6.2089e-6
TRUE,20,4,winsfs_b500_w100,49,111.09,5.9715e-6
TRUE,20,4,winsfs_b500_w100,50,111.09,5.9715e-6
TRUE,20,4,winsfs_b500_w250,2,111.14,10.505
TRUE,20,4,winsfs_b500_w250,3,111.09,0.045828
TRUE,20,4,winsfs_b500_w250,4,111.09,0.0017441
TRUE,20,4,winsfs_b500_w250,5,111.09,3.9911e-4
TRUE,20,4,winsfs_b500_w250,6,111.09,2.4158e-4
TRUE,20,4,winsfs_b500_w250,7,111.09,1.8166e-4
TRUE,20,4,winsfs_b500_w250,8,111.09,1.4602e-4
TRUE,20,4,winsfs_b500_w250,9,111.09,1.2156e-4
TRUE,20,4,winsfs_b500_w250,10,111.09,1.0361e-4
TRUE,20,4,winsfs_b500_w250,11,111.09,8.9839e-5
TRUE,20,4,winsfs_b500_w250,12,111.09,7.8944e-5
TRUE,20,4,winsfs_b500_w250,13,111.09,7.0114e-5
TRUE,20,4,winsfs_b500_w250,14,111.09,6.2818e-5
TRUE,20,4,winsfs_b500_w250,15,111.09,5.6693e-5
TRUE,20,4,winsfs_b500_w250,16,111.09,5.1485e-5
TRUE,20,4,winsfs_b500_w250,17,111.09,4.7009e-5
TRUE,20,4,winsfs_b500_w250,18,111.09,4.3125e-5
TRUE,20,4,winsfs_b500_w250,19,111.09,3.9728e-5
TRUE,20,4,winsfs_b500_w250,20,111.09,3.6737e-5
TRUE,20,4,winsfs_b500_w250,21,111.09,3.4089e-5
TRUE,20,4,winsfs_b500_w250,22,111.09,3.1731e-5
TRUE,20,4,winsfs_b500_w250,23,111.09,2.9622e-5
TRUE,20,4,winsfs_b500_w250,24,111.09,2.7728e-5
TRUE,20,4,winsfs_b500_w250,25,111.09,2.6021e-5
TRUE,20,4,winsfs_b500_w250,26,111.09,2.4478e-5
TRUE,20,4,winsfs_b500_w250,27,111.09,2.3078e-5
TRUE,20,4,winsfs_b500_w250,28,111.09,2.1805e-5
TRUE,20,4,winsfs_b500_w250,29,111.09,2.0643e-5
TRUE,20,4,winsfs_b500_w250,30,111.09,1.9582e-5
TRUE,20,4,winsfs_b500_w250,31,111.09,1.8609e-5
TRUE,20,4,winsfs_b500_w250,32,111.09,1.7716e-5
TRUE,20,4,winsfs_b500_w250,33,111.09,1.6894e-5
TRUE,20,4,winsfs_b500_w250,34,111.09,1.6135e-5
TRUE,20,4,winsfs_b500_w250,35,111.09,1.5435e-5
TRUE,20,4,winsfs_b500_w250,36,111.09,1.4786e-5
TRUE,20,4,winsfs_b500_w250,37,111.09,1.4184e-5
TRUE,20,4,winsfs_b500_w250,38,111.09,1.3624e-5
TRUE,20,4,winsfs_b500_w250,39,111.09,1.3103e-5
TRUE,20,4,winsfs_b500_w250,40,111.09,1.2617e-5
TRUE,20,4,winsfs_b500_w250,41,111.09,1.2163e-5
TRUE,20,4,winsfs_b500_w250,42,111.09,1.1738e-5
TRUE,20,4,winsfs_b500_w250,43,111.09,1.1339e-5
TRUE,20,4,winsfs_b500_w250,44,111.09,1.0964e-5
TRUE,20,4,winsfs_b500_w250,45,111.09,1.0612e-5
TRUE,20,4,winsfs_b500_w250,46,111.09,1.028e-5
TRUE,20,4,winsfs_b500_w250,47,111.09,9.9662e-6
TRUE,20,4,winsfs_b500_w250,48,111.09,9.6696e-6
TRUE,20,4,winsfs_b500_w250,49,111.09,9.3889e-6
TRUE,20,4,winsfs_b500_w250,50,111.09,9.3889e-6
TRUE,20,4,winsfs_b500_w500,2,111.46,10.675
TRUE,20,4,winsfs_b500_w500,3,111.14,0.32001
TRUE,20,4,winsfs_b500_w500,4,111.1,0.041015
TRUE,20,4,winsfs_b500_w500,5,111.09,0.0063992
TRUE,20,4,winsfs_b500_w500,6,111.09,0.0013928
TRUE,20,4,winsfs_b500_w500,7,111.09,4.7278e-4
TRUE,20,4,winsfs_b500_w500,8,111.09,2.4763e-4
TRUE,20,4,winsfs_b500_w500,9,111.09,1.7124e-4
TRUE,20,4,winsfs_b500_w500,10,111.09,1.3533e-4
TRUE,20,4,winsfs_b500_w500,11,111.09,1.1371e-4
TRUE,20,4,winsfs_b500_w500,12,111.09,9.8608e-5
TRUE,20,4,winsfs_b500_w500,13,111.09,8.7153e-5
TRUE,20,4,winsfs_b500_w500,14,111.09,7.8044e-5
TRUE,20,4,winsfs_b500_w500,15,111.09,7.0582e-5
TRUE,20,4,winsfs_b500_w500,16,111.09,6.4336e-5
TRUE,20,4,winsfs_b500_w500,17,111.09,5.9024e-5
TRUE,20,4,winsfs_b500_w500,18,111.09,5.4448e-5
TRUE,20,4,winsfs_b500_w500,19,111.09,5.0463e-5
TRUE,20,4,winsfs_b500_w500,20,111.09,4.6961e-5
TRUE,20,4,winsfs_b500_w500,21,111.09,4.386e-5
TRUE,20,4,winsfs_b500_w500,22,111.09,4.1094e-5
TRUE,20,4,winsfs_b500_w500,23,111.09,3.8613e-5
TRUE,20,4,winsfs_b500_w500,24,111.09,3.6374e-5
TRUE,20,4,winsfs_b500_w500,25,111.09,3.4345e-5
TRUE,20,4,winsfs_b500_w500,26,111.09,3.2498e-5
TRUE,20,4,winsfs_b500_w500,27,111.09,3.0809e-5
TRUE,20,4,winsfs_b500_w500,28,111.09,2.926e-5
TRUE,20,4,winsfs_b500_w500,29,111.09,2.7835e-5
TRUE,20,4,winsfs_b500_w500,30,111.09,2.6519e-5
TRUE,20,4,winsfs_b500_w500,31,111.09,2.5301e-5
TRUE,20,4,winsfs_b500_w500,32,111.09,2.4171e-5
TRUE,20,4,winsfs_b500_w500,33,111.09,2.3119e-5
TRUE,20,4,winsfs_b500_w500,34,111.09,2.2139e-5
TRUE,20,4,winsfs_b500_w500,35,111.09,2.1224e-5
TRUE,20,4,winsfs_b500_w500,36,111.09,2.0368e-5
TRUE,20,4,winsfs_b500_w500,37,111.09,1.9565e-5
TRUE,20,4,winsfs_b500_w500,38,111.09,1.8811e-5
TRUE,20,4,winsfs_b500_w500,39,111.09,1.8103e-5
TRUE,20,4,winsfs_b500_w500,40,111.09,1.7436e-5
TRUE,20,4,winsfs_b500_w500,41,111.09,1.6807e-5
TRUE,20,4,winsfs_b500_w500,42,111.09,1.6213e-5
TRUE,20,4,winsfs_b500_w500,43,111.09,1.5652e-5
TRUE,20,4,winsfs_b500_w500,44,111.09,1.5121e-5
TRUE,20,4,winsfs_b500_w500,45,111.09,1.4618e-5
TRUE,20,4,winsfs_b500_w500,46,111.09,1.4142e-5
TRUE,20,4,winsfs_b500_w500,47,111.09,1.369e-5
TRUE,20,4,winsfs_b500_w500,48,111.09,1.3261e-5
TRUE,20,4,winsfs_b500_w500,49,111.09,1.2853e-5
TRUE,20,4,winsfs_b500_w500,50,111.09,1.2853e-5
TRUE,20,8,winsfs_b500_w100,2,51.654,7.6651
TRUE,20,8,winsfs_b500_w100,3,51.654,1.5222e-4
TRUE,20,8,winsfs_b500_w100,4,51.654,1.0495e-5
TRUE,20,8,winsfs_b500_w100,5,51.654,1.1656e-6
TRUE,20,8,winsfs_b500_w100,6,51.654,3.5989e-7
TRUE,20,8,winsfs_b500_w100,7,51.654,2.2549e-7
TRUE,20,8,winsfs_b500_w100,8,51.654,1.5567e-7
TRUE,20,8,winsfs_b500_w100,9,51.654,1.0676e-7
TRUE,20,8,winsfs_b500_w100,10,51.654,7.3413e-8
TRUE,20,8,winsfs_b500_w100,11,51.654,5.1265e-8
TRUE,20,8,winsfs_b500_w100,12,51.654,3.6583e-8
TRUE,20,8,winsfs_b500_w100,13,51.654,2.6721e-8
TRUE,20,8,winsfs_b500_w100,14,51.654,1.9957e-8
TRUE,20,8,winsfs_b500_w100,15,51.654,1.5207e-8
TRUE,20,8,winsfs_b500_w100,16,51.654,1.1791e-8
TRUE,20,8,winsfs_b500_w100,17,51.654,9.2773e-9
TRUE,20,8,winsfs_b500_w100,18,51.654,7.3905e-9
TRUE,20,8,winsfs_b500_w100,19,51.654,5.9481e-9
TRUE,20,8,winsfs_b500_w100,20,51.654,4.8284e-9
TRUE,20,8,winsfs_b500_w100,21,51.654,3.9479e-9
TRUE,20,8,winsfs_b500_w100,22,51.654,3.2476e-9
TRUE,20,8,winsfs_b500_w100,23,51.654,2.6854e-9
TRUE,20,8,winsfs_b500_w100,24,51.654,2.2307e-9
TRUE,20,8,winsfs_b500_w100,25,51.654,1.8602e-9
TRUE,20,8,winsfs_b500_w100,26,51.654,1.5569e-9
TRUE,20,8,winsfs_b500_w100,27,51.654,1.3074e-9
TRUE,20,8,winsfs_b500_w100,28,51.654,1.101e-9
TRUE,20,8,winsfs_b500_w100,29,51.654,9.2995e-10
TRUE,20,8,winsfs_b500_w100,30,51.654,7.8743e-10
TRUE,20,8,winsfs_b500_w100,31,51.654,6.6851e-10
TRUE,20,8,winsfs_b500_w100,32,51.654,5.6903e-10
TRUE,20,8,winsfs_b500_w100,33,51.654,4.856e-10
TRUE,20,8,winsfs_b500_w100,34,51.654,4.1521e-10
TRUE,20,8,winsfs_b500_w100,35,51.654,3.5619e-10
TRUE,20,8,winsfs_b500_w100,36,51.654,3.0612e-10
TRUE,20,8,winsfs_b500_w100,37,51.654,2.6386e-10
TRUE,20,8,winsfs_b500_w100,38,51.654,2.2794e-10
TRUE,20,8,winsfs_b500_w100,39,51.654,1.9751e-10
TRUE,20,8,winsfs_b500_w100,40,51.654,1.7161e-10
TRUE,20,8,winsfs_b500_w100,41,51.654,1.4939e-10
TRUE,20,8,winsfs_b500_w100,42,51.654,1.3068e-10
TRUE,20,8,winsfs_b500_w100,43,51.654,1.1442e-10
TRUE,20,8,winsfs_b500_w100,44,51.654,1.0052e-10
TRUE,20,8,winsfs_b500_w100,45,51.654,8.8697e-11
TRUE,20,8,winsfs_b500_w100,46,51.654,7.8451e-11
TRUE,20,8,winsfs_b500_w100,47,51.654,6.9605e-11
TRUE,20,8,winsfs_b500_w100,48,51.654,6.1974e-11
TRUE,20,8,winsfs_b500_w100,49,51.654,5.5408e-11
TRUE,20,8,winsfs_b500_w100,50,51.654,5.5408e-11
TRUE,20,8,winsfs_b500_w250,2,51.653,7.7117000000000004
TRUE,20,8,winsfs_b500_w250,3,51.652,0.0013762
TRUE,20,8,winsfs_b500_w250,4,51.652,3.3873e-4
TRUE,20,8,winsfs_b500_w250,5,51.651,1.0462e-4
TRUE,20,8,winsfs_b500_w250,6,51.651,3.647e-5
TRUE,20,8,winsfs_b500_w250,7,51.651,1.3896e-5
TRUE,20,8,winsfs_b500_w250,8,51.651,5.758e-6
TRUE,20,8,winsfs_b500_w250,9,51.651,2.6123e-6
TRUE,20,8,winsfs_b500_w250,10,51.651,1.3121e-6
TRUE,20,8,winsfs_b500_w250,11,51.651,7.3436e-7
TRUE,20,8,winsfs_b500_w250,12,51.651,4.5553e-7
TRUE,20,8,winsfs_b500_w250,13,51.651,3.0787e-7
TRUE,20,8,winsfs_b500_w250,14,51.651,2.2181e-7
TRUE,20,8,winsfs_b500_w250,15,51.651,1.6702e-7
TRUE,20,8,winsfs_b500_w250,16,51.651,1.2954e-7
TRUE,20,8,winsfs_b500_w250,17,51.651,1.0249e-7
TRUE,20,8,winsfs_b500_w250,18,51.651,8.2237e-8
TRUE,20,8,winsfs_b500_w250,19,51.651,6.6683e-8
TRUE,20,8,winsfs_b500_w250,20,51.651,5.4529e-8
TRUE,20,8,winsfs_b500_w250,21,51.651,4.4913e-8
TRUE,20,8,winsfs_b500_w250,22,51.651,3.7231e-8
TRUE,20,8,winsfs_b500_w250,23,51.651,3.1045e-8
TRUE,20,8,winsfs_b500_w250,24,51.651,2.6031e-8
TRUE,20,8,winsfs_b500_w250,25,51.651,2.1943e-8
TRUE,20,8,winsfs_b500_w250,26,51.651,1.8589e-8
TRUE,20,8,winsfs_b500_w250,27,51.651,1.5825e-8
TRUE,20,8,winsfs_b500_w250,28,51.651,1.3534e-8
TRUE,20,8,winsfs_b500_w250,29,51.651,1.1627e-8
TRUE,20,8,winsfs_b500_w250,30,51.651,1.0033e-8
TRUE,20,8,winsfs_b500_w250,31,51.651,8.693e-9
TRUE,20,8,winsfs_b500_w250,32,51.651,7.5629e-9
TRUE,20,8,winsfs_b500_w250,33,51.651,6.6054e-9
TRUE,20,8,winsfs_b500_w250,34,51.651,5.7917e-9
TRUE,20,8,winsfs_b500_w250,35,51.651,5.0967e-9
TRUE,20,8,winsfs_b500_w250,36,51.651,4.5014e-9
TRUE,20,8,winsfs_b500_w250,37,51.651,3.9895e-9
TRUE,20,8,winsfs_b500_w250,38,51.651,3.548e-9
TRUE,20,8,winsfs_b500_w250,39,51.651,3.1654e-9
TRUE,20,8,winsfs_b500_w250,40,51.651,2.8335e-9
TRUE,20,8,winsfs_b500_w250,41,51.651,2.5441e-9
TRUE,20,8,winsfs_b500_w250,42,51.651,2.291e-9
TRUE,20,8,winsfs_b500_w250,43,51.651,2.0693e-9
TRUE,20,8,winsfs_b500_w250,44,51.651,1.8741e-9
TRUE,20,8,winsfs_b500_w250,45,51.651,1.7021e-9
TRUE,20,8,winsfs_b500_w250,46,51.651,1.5498e-9
TRUE,20,8,winsfs_b500_w250,47,51.651,1.4147e-9
TRUE,20,8,winsfs_b500_w250,48,51.651,1.2944e-9
TRUE,20,8,winsfs_b500_w250,49,51.651,1.1872e-9
TRUE,20,8,winsfs_b500_w250,50,51.651,1.1872e-9
TRUE,20,8,winsfs_b500_w500,2,51.655,7.7332
TRUE,20,8,winsfs_b500_w500,3,51.651,0.0042399
TRUE,20,8,winsfs_b500_w500,4,51.65,0.0010615
TRUE,20,8,winsfs_b500_w500,5,51.649,4.8926e-4
TRUE,20,8,winsfs_b500_w500,6,51.649,2.4786e-4
TRUE,20,8,winsfs_b500_w500,7,51.649,1.3317e-4
TRUE,20,8,winsfs_b500_w500,8,51.649,7.4632e-5
TRUE,20,8,winsfs_b500_w500,9,51.649,4.3181e-5
TRUE,20,8,winsfs_b500_w500,10,51.649,2.5647e-5
TRUE,20,8,winsfs_b500_w500,11,51.649,1.5588e-5
TRUE,20,8,winsfs_b500_w500,12,51.649,9.6812e-6
TRUE,20,8,winsfs_b500_w500,13,51.649,6.1402e-6
TRUE,20,8,winsfs_b500_w500,14,51.649,3.9776e-6
TRUE,20,8,winsfs_b500_w500,15,51.649,2.6335e-6
TRUE,20,8,winsfs_b500_w500,16,51.649,1.7836e-6
TRUE,20,8,winsfs_b500_w500,17,51.649,1.237e-6
TRUE,20,8,winsfs_b500_w500,18,51.649,8.7917e-7
TRUE,20,8,winsfs_b500_w500,19,51.649,6.4068e-7
TRUE,20,8,winsfs_b500_w500,20,51.649,4.7864e-7
TRUE,20,8,winsfs_b500_w500,21,51.649,3.6632e-7
TRUE,20,8,winsfs_b500_w500,22,51.649,2.868e-7
TRUE,20,8,winsfs_b500_w500,23,51.649,2.2928e-7
TRUE,20,8,winsfs_b500_w500,24,51.649,1.8674e-7
TRUE,20,8,winsfs_b500_w500,25,51.649,1.5459e-7
TRUE,20,8,winsfs_b500_w500,26,51.649,1.2978e-7
TRUE,20,8,winsfs_b500_w500,27,51.649,1.1024e-7
TRUE,20,8,winsfs_b500_w500,28,51.649,9.4568e-8
TRUE,20,8,winsfs_b500_w500,29,51.649,8.18e-8
TRUE,20,8,winsfs_b500_w500,30,51.649,7.1244e-8
TRUE,20,8,winsfs_b500_w500,31,51.649,6.2407e-8
TRUE,20,8,winsfs_b500_w500,32,51.649,5.4932e-8
TRUE,20,8,winsfs_b500_w500,33,51.649,4.8553e-8
TRUE,20,8,winsfs_b500_w500,34,51.649,4.3067e-8
TRUE,20,8,winsfs_b500_w500,35,51.649,3.8318e-8
TRUE,20,8,winsfs_b500_w500,36,51.649,3.4187e-8
TRUE,20,8,winsfs_b500_w500,37,51.649,3.0576e-8
TRUE,20,8,winsfs_b500_w500,38,51.649,2.7408e-8
TRUE,20,8,winsfs_b500_w500,39,51.649,2.4619e-8
TRUE,20,8,winsfs_b500_w500,40,51.649,2.2156e-8
TRUE,20,8,winsfs_b500_w500,41,51.649,1.9976e-8
TRUE,20,8,winsfs_b500_w500,42,51.649,1.8041e-8
TRUE,20,8,winsfs_b500_w500,43,51.649,1.6321e-8
TRUE,20,8,winsfs_b500_w500,44,51.649,1.4788e-8
TRUE,20,8,winsfs_b500_w500,45,51.649,1.342e-8
TRUE,20,8,winsfs_b500_w500,46,51.649,1.2197e-8
TRUE,20,8,winsfs_b500_w500,47,51.649,1.1102e-8
TRUE,20,8,winsfs_b500_w500,48,51.649,1.012e-8
TRUE,20,8,winsfs_b500_w500,49,51.649,9.2376e-9
TRUE,20,8,winsfs_b500_w500,50,51.649,9.2376e-9
